order_id,warehouse_id,order_date,expected_delivery_date,actual_delivery_date,units
ORD_00064,WH_C,2026-03-10,2026-03-12,2026-03-12,14
ORD_02684,WH_C,2026-02-17,2026-02-20,2026-02-20,18
ORD_00103,WH_C,2026-03-08,2026-03-11,2026-03-12,15
ORD_02692,WH_D,2026-03-29,2026-04-02,2026-04-02,45
ORD_00417,WH_C,2026-03-07,2026-03-11,2026-03-11,17
ORD_01265,WH_A,2026-01-18,2026-01-21,2026-01-20,4
ORD_00094,WH_D,2026-02-23,2026-02-24,2026-02-24,25
ORD_01539,WH_B,2026-03-25,2026-03-27,2026-03-28,12
ORD_00568,WH_D,2026-02-23,2026-02-25,2026-02-24,37
ORD_01042,WH_E,2026-01-25,2026-01-28,2026-01-28,71
ORD_01403,WH_A,2026-02-16,2026-02-20,2026-02-20,7
ORD_00323,WH_E,2026-01-30,2026-02-02,2026-02-02,74
ORD_02298,WH_A,2026-01-25,2026-01-28,2026-01-28,4
ORD_01125,WH_E,2026-03-06,2026-03-09,2026-03-08,96
ORD_00602,WH_C,2026-02-27,2026-03-01,2026-02-28,6
ORD_00742,WH_C,2026-03-05,2026-03-10,2026-03-10,14
ORD_01128,WH_D,2026-01-30,2026-02-02,2026-02-02,13
ORD_01103,WH_E,2026-03-27,2026-03-30,2026-04-01,73
ORD_01492,WH_C,2026-03-12,2026-03-15,2026-03-15,11
ORD_00045,WH_C,2026-03-28,2026-03-31,2026-03-31,8
ORD_01557,WH_D,2026-02-08,2026-02-09,2026-02-08,47
ORD_02046,WH_E,2026-02-13,2026-02-16,2026-02-15,61
ORD_00053,WH_E,2026-03-15,2026-03-20,2026-03-20,62
ORD_02093,WH_C,2026-01-23,2026-01-27,2026-01-26,24
ORD_02872,WH_E,2026-01-11,2026-01-14,2026-01-16,36
ORD_00437,WH_A,2026-01-03,2026-01-05,2026-01-05,7
ORD_02032,WH_D,2026-03-15,2026-03-18,2026-03-18,22
ORD_02678,WH_A,2026-01-22,2026-01-26,2026-01-26,7
ORD_02554,WH_E,2026-02-22,2026-02-24,2026-02-23,74
ORD_00204,WH_E,2026-03-06,2026-03-07,2026-03-08,63
ORD_02207,WH_C,2026-03-02,2026-03-07,2026-03-07,7
ORD_02273,WH_D,2026-02-18,2026-02-22,2026-02-22,11
ORD_01345,WH_E,2026-01-02,2026-01-05,2026-01-05,30
ORD_01584,WH_D,2026-03-17,2026-03-19,2026-03-19,31
ORD_02574,WH_D,2026-02-15,2026-02-18,2026-02-18,26
ORD_01962,WH_D,2026-03-28,2026-03-29,2026-03-31,10
ORD_00271,WH_E,2026-01-25,2026-01-27,2026-01-27,76
ORD_00299,WH_D,2026-03-22,2026-03-26,2026-03-26,43
ORD_02424,WH_D,2026-02-20,2026-02-22,2026-02-22,38
ORD_01526,WH_C,2026-01-28,2026-01-29,2026-01-28,20
ORD_01638,WH_B,2026-03-28,2026-03-31,2026-03-30,3
ORD_02438,WH_C,2026-01-29,2026-01-31,2026-01-30,8
ORD_01098,WH_B,2026-02-16,2026-02-19,2026-02-19,12
ORD_01245,WH_E,2026-02-14,2026-02-18,2026-02-18,74
ORD_01126,WH_D,2026-03-01,2026-03-06,2026-03-07,45
ORD_01256,WH_D,2026-03-14,2026-03-16,2026-03-16,10
ORD_00252,WH_C,2026-01-29,2026-01-30,2026-02-01,6
ORD_00140,WH_E,2026-01-01,2026-01-06,2026-01-06,76
ORD_00197,WH_E,2026-02-05,2026-02-10,2026-02-11,77
ORD_02310,WH_C,2026-03-19,2026-03-21,2026-03-21,9
ORD_02649,WH_D,2026-01-21,2026-01-24,2026-01-23,34
ORD_02968,WH_D,2026-02-21,2026-02-25,2026-02-25,38
ORD_02934,WH_D,2026-01-01,2026-01-05,2026-01-05,42
ORD_02895,WH_B,2026-03-27,2026-03-29,2026-03-29,7
ORD_02856,WH_D,2026-01-15,2026-01-17,2026-01-17,29
ORD_00686,WH_D,2026-01-20,2026-01-24,2026-01-24,42
ORD_00267,WH_E,2026-03-01,2026-03-04,2026-03-03,86
ORD_00424,WH_D,2026-03-20,2026-03-25,2026-03-25,24
ORD_00479,WH_E,2026-03-28,2026-04-01,2026-04-05,35
ORD_00898,WH_E,2026-01-13,2026-01-17,2026-01-17,96
ORD_00473,WH_A,2026-01-09,2026-01-10,2026-01-09,6
ORD_02341,WH_E,2026-03-16,2026-03-18,2026-03-18,22
ORD_00290,WH_D,2026-01-09,2026-01-12,2026-01-14,32
ORD_00569,WH_E,2026-02-07,2026-02-11,2026-02-11,30
ORD_00582,WH_E,2026-01-16,2026-01-20,2026-01-19,28
ORD_00015,WH_B,2026-03-16,2026-03-18,2026-03-17,7
ORD_02693,WH_A,2026-02-26,2026-03-01,2026-02-28,1
ORD_00808,WH_E,2026-01-22,2026-01-26,2026-01-27,89
ORD_02651,WH_C,2026-03-22,2026-03-23,2026-03-23,14
ORD_02248,WH_E,2026-03-23,2026-03-25,2026-03-26,67
ORD_00529,WH_A,2026-01-22,2026-01-24,2026-01-24,7
ORD_00458,WH_D,2026-02-05,2026-02-06,2026-02-06,48
ORD_00600,WH_A,2026-02-24,2026-02-26,2026-02-26,4
ORD_00315,WH_E,2026-02-14,2026-02-18,2026-02-18,57
ORD_00185,WH_C,2026-03-08,2026-03-09,2026-03-09,17
ORD_00965,WH_C,2026-03-13,2026-03-16,2026-03-16,9
ORD_00671,WH_B,2026-01-22,2026-01-27,2026-01-27,9
ORD_00052,WH_E,2026-03-04,2026-03-09,2026-03-09,99
ORD_02590,WH_E,2026-01-01,2026-01-03,2026-01-03,58
ORD_01753,WH_A,2026-02-06,2026-02-10,2026-02-10,6
ORD_01538,WH_E,2026-02-26,2026-03-02,2026-03-03,34
ORD_02822,WH_C,2026-03-25,2026-03-29,2026-03-29,12
ORD_02646,WH_C,2026-03-12,2026-03-15,2026-03-14,16
ORD_00433,WH_D,2026-01-20,2026-01-23,2026-01-22,33
ORD_02189,WH_E,2026-01-09,2026-01-11,2026-01-11,64
ORD_01012,WH_E,2026-01-13,2026-01-15,2026-01-15,37
ORD_01952,WH_C,2026-01-08,2026-01-09,2026-01-08,18
ORD_00332,WH_E,2026-01-28,2026-01-30,2026-01-31,37
ORD_01602,WH_C,2026-03-08,2026-03-11,2026-03-11,9
ORD_01746,WH_D,2026-03-09,2026-03-11,2026-03-12,24
ORD_00773,WH_B,2026-01-28,2026-02-02,2026-02-03,7
ORD_02163,WH_C,2026-01-01,2026-01-03,2026-01-08,23
ORD_02683,WH_A,2026-01-25,2026-01-30,2026-01-30,8
ORD_02243,WH_D,2026-01-25,2026-01-26,2026-01-26,45
ORD_00683,WH_B,2026-03-20,2026-03-23,2026-03-23,4
ORD_02419,WH_A,2026-03-10,2026-03-14,2026-03-13,8
ORD_00333,WH_A,2026-01-11,2026-01-16,2026-01-16,7
ORD_01254,WH_B,2026-02-12,2026-02-15,2026-02-15,8
ORD_01207,WH_E,2026-01-14,2026-01-16,2026-01-15,55
ORD_00487,WH_A,2026-02-11,2026-02-14,2026-02-15,3
ORD_01293,WH_D,2026-03-09,2026-03-13,2026-03-15,13
ORD_02877,WH_D,2026-01-14,2026-01-16,2026-01-19,30
ORD_02974,WH_E,2026-01-23,2026-01-27,2026-01-27,41
ORD_02860,WH_B,2026-01-23,2026-01-28,2026-01-28,11
ORD_00818,WH_C,2026-03-20,2026-03-25,2026-03-25,6
ORD_01546,WH_D,2026-03-30,2026-04-02,2026-04-05,29
ORD_00762,WH_C,2026-03-13,2026-03-16,2026-03-16,15
ORD_02674,WH_B,2026-01-15,2026-01-18,2026-01-18,8
ORD_00176,WH_B,2026-03-04,2026-03-06,2026-03-06,7
ORD_01037,WH_C,2026-02-25,2026-02-26,2026-02-25,19
ORD_00719,WH_B,2026-03-21,2026-03-23,2026-03-23,11
ORD_01189,WH_C,2026-03-27,2026-03-31,2026-03-31,6
ORD_00145,WH_C,2026-02-01,2026-02-05,2026-02-04,13
ORD_02112,WH_C,2026-02-17,2026-02-22,2026-02-22,10
ORD_00496,WH_C,2026-02-28,2026-03-01,2026-03-01,19
ORD_00875,WH_A,2026-03-13,2026-03-16,2026-03-16,7
ORD_00692,WH_D,2026-01-13,2026-01-16,2026-01-16,50
ORD_01719,WH_E,2026-03-24,2026-03-26,2026-03-26,93
ORD_02759,WH_E,2026-01-07,2026-01-12,2026-01-16,96
ORD_00444,WH_C,2026-03-03,2026-03-07,2026-03-07,15
ORD_02168,WH_B,2026-02-24,2026-02-27,2026-02-27,2
ORD_02031,WH_B,2026-03-07,2026-03-11,2026-03-11,5
ORD_00257,WH_E,2026-03-08,2026-03-11,2026-03-12,82
ORD_02464,WH_D,2026-02-25,2026-03-01,2026-03-01,10
ORD_00782,WH_D,2026-03-05,2026-03-08,2026-03-08,16
ORD_00528,WH_C,2026-01-07,2026-01-10,2026-01-13,25
ORD_00001,WH_C,2026-02-26,2026-03-02,2026-03-02,25
ORD_01609,WH_C,2026-03-19,2026-03-21,2026-03-21,20
ORD_01776,WH_C,2026-01-29,2026-01-30,2026-01-29,21
ORD_00046,WH_E,2026-01-19,2026-01-21,2026-01-23,25
ORD_02304,WH_C,2026-01-26,2026-01-29,2026-01-29,14
ORD_02196,WH_D,2026-02-21,2026-02-22,2026-02-23,30
ORD_01322,WH_B,2026-03-28,2026-04-01,2026-04-02,7
ORD_00195,WH_C,2026-02-07,2026-02-10,2026-02-10,11
ORD_01552,WH_D,2026-03-31,2026-04-03,2026-04-03,34
ORD_02145,WH_D,2026-01-18,2026-01-21,2026-01-25,28
ORD_00679,WH_E,2026-02-19,2026-02-20,2026-02-20,81
ORD_01576,WH_B,2026-01-21,2026-01-24,2026-01-26,11
ORD_01136,WH_A,2026-03-05,2026-03-08,2026-03-08,6
ORD_02984,WH_E,2026-01-18,2026-01-21,2026-01-21,60
ORD_00409,WH_E,2026-01-11,2026-01-14,2026-01-14,58
ORD_01463,WH_B,2026-03-09,2026-03-12,2026-03-12,7
ORD_01252,WH_D,2026-01-24,2026-01-28,2026-01-28,30
ORD_01663,WH_E,2026-03-16,2026-03-20,2026-03-20,61
ORD_01778,WH_D,2026-02-05,2026-02-07,2026-02-06,25
ORD_00415,WH_D,2026-02-20,2026-02-24,2026-02-24,25
ORD_01004,WH_E,2026-02-06,2026-02-07,2026-02-07,60
ORD_02096,WH_E,2026-01-18,2026-01-20,2026-01-21,28
ORD_01438,WH_E,2026-01-19,2026-01-22,2026-01-22,44
ORD_01890,WH_E,2026-01-02,2026-01-06,2026-01-06,72
ORD_00860,WH_A,2026-03-13,2026-03-15,2026-03-15,7
ORD_02813,WH_E,2026-03-07,2026-03-12,2026-03-13,84
ORD_02988,WH_D,2026-02-04,2026-02-07,2026-02-07,11
ORD_00175,WH_D,2026-02-16,2026-02-19,2026-02-21,11
ORD_00882,WH_E,2026-01-03,2026-01-08,2026-01-11,58
ORD_00193,WH_E,2026-01-10,2026-01-12,2026-01-11,54
ORD_01597,WH_C,2026-02-14,2026-02-18,2026-02-21,20
ORD_02360,WH_B,2026-01-24,2026-01-27,2026-01-27,4
ORD_02324,WH_C,2026-01-09,2026-01-12,2026-01-12,12
ORD_02015,WH_D,2026-03-09,2026-03-12,2026-03-12,47
ORD_02363,WH_C,2026-02-19,2026-02-21,2026-02-26,23
ORD_01790,WH_D,2026-02-20,2026-02-23,2026-02-24,19
ORD_01386,WH_C,2026-03-31,2026-04-03,2026-04-03,6
ORD_01317,WH_D,2026-03-15,2026-03-19,2026-03-21,49
ORD_01392,WH_A,2026-01-30,2026-02-02,2026-02-02,3
ORD_01454,WH_D,2026-01-22,2026-01-25,2026-01-25,31
ORD_02914,WH_E,2026-01-11,2026-01-14,2026-01-14,97
ORD_00326,WH_E,2026-02-11,2026-02-16,2026-02-16,29
ORD_01860,WH_E,2026-03-31,2026-04-03,2026-04-03,65
ORD_02794,WH_C,2026-03-09,2026-03-13,2026-03-16,25
ORD_00089,WH_E,2026-02-24,2026-02-27,2026-03-02,74
ORD_00480,WH_D,2026-01-03,2026-01-08,2026-01-08,30
ORD_01897,WH_D,2026-02-12,2026-02-14,2026-02-14,18
ORD_02177,WH_C,2026-02-08,2026-02-12,2026-02-12,18
ORD_00999,WH_E,2026-01-19,2026-01-21,2026-01-21,73
ORD_02152,WH_B,2026-02-14,2026-02-16,2026-02-16,5
ORD_01314,WH_E,2026-01-18,2026-01-20,2026-01-20,89
ORD_01377,WH_D,2026-01-13,2026-01-15,2026-01-15,23
ORD_00153,WH_B,2026-02-23,2026-02-25,2026-02-25,9
ORD_01436,WH_A,2026-02-05,2026-02-10,2026-02-10,7
ORD_02659,WH_C,2026-03-21,2026-03-25,2026-03-26,20
ORD_00946,WH_A,2026-03-28,2026-04-01,2026-04-01,3
ORD_02262,WH_D,2026-01-15,2026-01-18,2026-01-20,44
ORD_00843,WH_B,2026-02-24,2026-02-27,2026-02-26,8
ORD_00212,WH_E,2026-03-01,2026-03-06,2026-03-06,59
ORD_00728,WH_E,2026-03-14,2026-03-18,2026-03-18,63
ORD_01193,WH_C,2026-03-30,2026-03-31,2026-03-31,17
ORD_01393,WH_B,2026-01-23,2026-01-28,2026-01-29,9
ORD_00933,WH_E,2026-01-13,2026-01-15,2026-01-15,78
ORD_02395,WH_E,2026-02-23,2026-02-27,2026-02-27,48
ORD_00651,WH_B,2026-03-28,2026-03-31,2026-03-31,12
ORD_00292,WH_A,2026-02-04,2026-02-06,2026-02-06,6
ORD_02830,WH_A,2026-03-07,2026-03-11,2026-03-11,3
ORD_02556,WH_E,2026-03-02,2026-03-05,2026-03-05,50
ORD_01062,WH_E,2026-02-22,2026-02-25,2026-02-24,62
ORD_00068,WH_E,2026-03-10,2026-03-11,2026-03-11,82
ORD_00255,WH_B,2026-01-21,2026-01-23,2026-01-23,8
ORD_01772,WH_E,2026-02-26,2026-02-27,2026-03-01,96
ORD_01284,WH_A,2026-03-25,2026-03-28,2026-03-28,2
ORD_02485,WH_D,2026-03-11,2026-03-16,2026-03-15,48
ORD_00135,WH_E,2026-01-07,2026-01-10,2026-01-10,31
ORD_01946,WH_D,2026-01-06,2026-01-09,2026-01-09,37
ORD_01197,WH_E,2026-01-05,2026-01-08,2026-01-12,62
ORD_01476,WH_E,2026-01-10,2026-01-13,2026-01-12,30
ORD_00977,WH_D,2026-03-26,2026-03-28,2026-03-27,11
ORD_01558,WH_D,2026-03-01,2026-03-06,2026-03-06,29
ORD_01555,WH_C,2026-02-17,2026-02-21,2026-02-21,15
ORD_01886,WH_D,2026-01-29,2026-02-02,2026-02-06,12
ORD_02498,WH_E,2026-02-11,2026-02-15,2026-02-17,66
ORD_01038,WH_E,2026-03-17,2026-03-18,2026-03-18,90
ORD_00677,WH_B,2026-02-19,2026-02-24,2026-02-24,9
ORD_02568,WH_C,2026-01-07,2026-01-10,2026-01-10,5
ORD_02606,WH_D,2026-01-26,2026-01-27,2026-01-27,34
ORD_01642,WH_E,2026-03-25,2026-03-27,2026-03-30,92
ORD_02462,WH_E,2026-02-25,2026-03-02,2026-03-02,92
ORD_01651,WH_A,2026-02-14,2026-02-15,2026-02-17,2
ORD_00125,WH_C,2026-02-20,2026-02-23,2026-02-23,8
ORD_00179,WH_E,2026-02-17,2026-02-20,2026-02-21,61
ORD_01272,WH_E,2026-03-10,2026-03-12,2026-03-12,83
ORD_02495,WH_D,2026-01-09,2026-01-14,2026-01-13,37
ORD_01869,WH_B,2026-03-11,2026-03-14,2026-03-13,9
ORD_01238,WH_D,2026-03-09,2026-03-12,2026-03-13,19
ORD_02020,WH_E,2026-01-06,2026-01-08,2026-01-12,54
ORD_00486,WH_E,2026-03-03,2026-03-08,2026-03-08,76
ORD_00970,WH_D,2026-02-11,2026-02-12,2026-02-15,16
ORD_00508,WH_E,2026-03-31,2026-04-03,2026-04-04,60
ORD_01643,WH_D,2026-02-04,2026-02-07,2026-02-07,15
ORD_02615,WH_C,2026-02-24,2026-02-27,2026-02-26,8
ORD_01045,WH_E,2026-01-24,2026-01-27,2026-01-30,32
ORD_02390,WH_E,2026-03-05,2026-03-10,2026-03-14,100
ORD_01994,WH_B,2026-01-06,2026-01-11,2026-01-11,11
ORD_02660,WH_E,2026-02-10,2026-02-13,2026-02-13,82
ORD_02636,WH_E,2026-01-31,2026-02-03,2026-02-05,21
ORD_01957,WH_D,2026-02-20,2026-02-22,2026-02-22,12
ORD_00756,WH_E,2026-02-21,2026-02-23,2026-02-28,99
ORD_00595,WH_E,2026-01-31,2026-02-03,2026-02-06,65
ORD_01980,WH_E,2026-03-13,2026-03-14,2026-03-14,36
ORD_00652,WH_D,2026-03-16,2026-03-17,2026-03-16,44
ORD_00872,WH_C,2026-01-22,2026-01-25,2026-01-24,20
ORD_02640,WH_E,2026-01-01,2026-01-06,2026-01-05,95
ORD_00979,WH_D,2026-01-23,2026-01-24,2026-01-26,12
ORD_00701,WH_D,2026-03-16,2026-03-20,2026-03-20,22
ORD_02745,WH_D,2026-02-11,2026-02-14,2026-02-14,50
ORD_01738,WH_B,2026-03-06,2026-03-08,2026-03-07,11
ORD_01085,WH_E,2026-03-27,2026-03-28,2026-03-28,76
ORD_01731,WH_C,2026-02-07,2026-02-10,2026-02-12,5
ORD_00300,WH_B,2026-03-17,2026-03-19,2026-03-19,5
ORD_00081,WH_E,2026-03-21,2026-03-24,2026-03-24,76
ORD_00033,WH_A,2026-03-07,2026-03-08,2026-03-07,6
ORD_00247,WH_D,2026-03-19,2026-03-20,2026-03-19,48
ORD_02543,WH_E,2026-02-13,2026-02-17,2026-02-17,42
ORD_02721,WH_E,2026-02-18,2026-02-21,2026-02-22,48
ORD_02297,WH_C,2026-01-29,2026-02-01,2026-02-04,20
ORD_00440,WH_B,2026-03-05,2026-03-08,2026-03-08,4
ORD_02087,WH_B,2026-03-06,2026-03-08,2026-03-08,3
ORD_02838,WH_A,2026-03-05,2026-03-10,2026-03-10,6
ORD_00369,WH_B,2026-01-13,2026-01-17,2026-01-17,8
ORD_02749,WH_E,2026-03-17,2026-03-20,2026-03-20,56
ORD_02141,WH_E,2026-02-09,2026-02-11,2026-02-13,22
ORD_01991,WH_E,2026-02-05,2026-02-10,2026-02-10,21
ORD_02739,WH_E,2026-02-15,2026-02-16,2026-02-17,57
ORD_01627,WH_C,2026-01-05,2026-01-09,2026-01-09,11
ORD_00322,WH_E,2026-02-02,2026-02-05,2026-02-06,39
ORD_00745,WH_C,2026-01-19,2026-01-22,2026-01-26,20
ORD_01221,WH_E,2026-02-01,2026-02-03,2026-02-02,37
ORD_01134,WH_C,2026-03-13,2026-03-17,2026-03-17,23
ORD_00142,WH_C,2026-02-05,2026-02-08,2026-02-13,22
ORD_00412,WH_E,2026-01-30,2026-02-02,2026-02-02,48
ORD_01323,WH_E,2026-01-30,2026-02-01,2026-01-31,45
ORD_00760,WH_E,2026-02-06,2026-02-09,2026-02-12,58
ORD_02058,WH_D,2026-03-01,2026-03-03,2026-03-03,21
ORD_02113,WH_B,2026-03-25,2026-03-28,2026-03-27,7
ORD_00830,WH_D,2026-03-18,2026-03-21,2026-03-21,34
ORD_00806,WH_E,2026-02-25,2026-02-28,2026-03-01,63
ORD_02753,WH_C,2026-01-03,2026-01-04,2026-01-04,19
ORD_01111,WH_E,2026-03-13,2026-03-17,2026-03-18,35
ORD_00868,WH_B,2026-03-08,2026-03-11,2026-03-10,12
ORD_00178,WH_C,2026-02-12,2026-02-16,2026-02-18,23
ORD_00766,WH_D,2026-01-11,2026-01-14,2026-01-14,33
ORD_01672,WH_E,2026-02-27,2026-03-02,2026-03-03,76
ORD_01657,WH_D,2026-02-13,2026-02-16,2026-02-21,48
ORD_01433,WH_D,2026-01-22,2026-01-25,2026-01-25,25
ORD_01412,WH_B,2026-02-24,2026-02-27,2026-02-27,8
ORD_02781,WH_A,2026-03-19,2026-03-22,2026-03-22,2
ORD_00464,WH_D,2026-02-08,2026-02-11,2026-02-11,36
ORD_01331,WH_D,2026-01-25,2026-01-29,2026-01-29,16
ORD_02188,WH_E,2026-02-09,2026-02-12,2026-02-12,21
ORD_02281,WH_C,2026-02-11,2026-02-15,2026-02-15,13
ORD_00606,WH_D,2026-03-26,2026-03-29,2026-03-30,32
ORD_02457,WH_D,2026-03-03,2026-03-05,2026-03-05,21
ORD_01577,WH_A,2026-01-10,2026-01-13,2026-01-13,6
ORD_00927,WH_C,2026-01-02,2026-01-04,2026-01-04,13
ORD_02931,WH_D,2026-03-28,2026-03-29,2026-03-31,41
ORD_01713,WH_E,2026-02-12,2026-02-17,2026-02-18,52
ORD_00163,WH_D,2026-01-26,2026-01-29,2026-01-29,12
ORD_00558,WH_A,2026-03-30,2026-04-02,2026-04-02,6
ORD_01362,WH_C,2026-03-01,2026-03-03,2026-03-03,14
ORD_01303,WH_A,2026-03-06,2026-03-08,2026-03-08,8
ORD_00870,,2026-01-03,2026-01-08,2026-01-08,87
ORD_02442,WH_D,2026-03-06,2026-03-09,2026-03-08,46
ORD_02016,WH_D,2026-02-15,2026-02-16,2026-02-18,50
ORD_00031,WH_D,2026-03-27,2026-03-31,2026-04-03,31
ORD_00534,WH_D,2026-01-04,2026-01-07,2026-01-07,10
ORD_02267,WH_D,2026-01-14,2026-01-16,2026-01-16,40
ORD_00174,WH_C,2026-02-21,2026-02-22,2026-02-22,9
ORD_01872,WH_C,2026-01-24,2026-01-27,2026-01-26,19
ORD_00297,WH_E,2026-02-11,2026-02-15,2026-02-17,93
ORD_02551,WH_C,2026-02-20,2026-02-24,2026-02-28,8
ORD_02329,WH_D,2026-02-25,2026-02-26,2026-02-26,26
ORD_01870,WH_E,2026-02-13,2026-02-15,2026-02-16,74
ORD_01048,WH_A,2026-01-20,2026-01-24,2026-01-24,6
ORD_00450,WH_B,2026-03-03,2026-03-07,2026-03-07,11
ORD_01861,WH_E,2026-02-22,2026-02-24,2026-02-24,29
ORD_01996,WH_E,2026-02-12,2026-02-14,2026-02-14,29
ORD_02866,WH_D,2026-03-11,2026-03-16,2026-03-16,42
ORD_01937,WH_C,2026-01-15,2026-01-18,2026-01-17,16
ORD_01106,WH_B,2026-03-08,2026-03-10,2026-03-10,3
ORD_02252,WH_E,2026-03-10,2026-03-12,2026-03-12,29
ORD_00074,WH_E,2026-02-18,2026-02-23,2026-02-23,36
ORD_01641,WH_D,2026-01-13,2026-01-17,2026-01-18,42
ORD_02826,WH_E,2026-01-03,2026-01-06,2026-01-10,60
ORD_01732,WH_D,2026-02-12,2026-02-15,2026-02-16,11
ORD_00451,WH_E,2026-02-18,2026-02-20,2026-02-21,73
ORD_01209,WH_C,2026-01-13,2026-01-15,2026-01-17,19
ORD_01587,WH_E,2026-02-05,2026-02-09,2026-02-10,84
ORD_01024,WH_E,2026-03-23,2026-03-25,2026-03-26,59
ORD_01033,WH_C,2026-02-07,2026-02-12,2026-02-12,8
ORD_02862,WH_C,2026-02-06,2026-02-07,2026-02-07,9
ORD_02973,WH_E,2026-03-16,2026-03-20,2026-03-19,40
ORD_01625,WH_B,2026-02-23,2026-02-25,2026-02-25,12
ORD_02249,WH_D,2026-03-16,2026-03-20,2026-03-23,38
ORD_01049,WH_E,2026-03-05,2026-03-10,2026-03-10,35
ORD_00536,WH_E,2026-03-11,2026-03-16,2026-03-15,26
ORD_01175,WH_D,2026-01-06,2026-01-09,2026-01-14,42
ORD_01841,WH_C,2026-01-31,2026-02-04,2026-02-04,13
ORD_00325,WH_E,2026-02-01,2026-02-04,2026-02-04,75
ORD_01104,WH_E,2026-01-23,2026-01-25,2026-01-25,96
ORD_01652,WH_C,2026-03-10,2026-03-13,2026-03-13,10
ORD_01346,WH_D,2026-03-17,2026-03-20,2026-03-20,47
ORD_02727,WH_A,2026-01-09,2026-01-11,2026-01-10,8
ORD_02109,WH_C,2026-02-11,2026-02-13,2026-02-13,23
ORD_00344,WH_D,2026-02-02,2026-02-06,2026-02-08,28
ORD_00507,WH_E,2026-03-22,2026-03-27,2026-03-31,56
ORD_01711,WH_B,2026-01-26,2026-01-30,2026-01-30,6
ORD_00240,WH_B,2026-02-23,2026-02-26,2026-02-26,12
ORD_00848,WH_E,2026-03-03,2026-03-07,2026-03-06,37
ORD_01913,WH_E,2026-02-11,2026-02-13,2026-02-16,47
ORD_02585,WH_D,2026-01-12,2026-01-15,2026-01-17,12
ORD_00788,WH_D,2026-01-31,2026-02-04,2026-02-04,45
ORD_01235,WH_E,2026-01-14,2026-01-18,2026-01-18,88
ORD_02097,WH_D,2026-03-28,2026-03-31,2026-04-02,18
ORD_02666,WH_C,2026-03-22,2026-03-24,2026-03-24,14
ORD_00820,WH_C,2026-02-08,2026-02-11,2026-02-11,9
ORD_00355,WH_A,2026-01-01,2026-01-04,2026-01-04,8
ORD_01554,WH_E,2026-01-10,2026-01-13,2026-01-13,33
ORD_00963,WH_C,2026-02-26,2026-03-02,2026-03-02,24
ORD_02427,WH_B,2026-03-10,2026-03-11,2026-03-11,3
ORD_00431,WH_B,2026-02-14,2026-02-16,2026-02-16,7
ORD_01766,WH_C,2026-01-11,2026-01-13,2026-01-13,22
ORD_00790,WH_E,2026-02-15,2026-02-18,2026-02-18,26
ORD_00706,WH_E,2026-01-20,2026-01-22,2026-01-22,33
ORD_00533,WH_E,2026-03-20,2026-03-25,2026-03-25,27
ORD_00565,WH_C,2026-01-02,2026-01-05,2026-01-05,24
ORD_01473,WH_E,2026-02-01,2026-02-06,2026-02-06,86
ORD_00890,WH_C,2026-02-21,2026-02-23,2026-02-22,11
ORD_02898,WH_C,2026-03-10,2026-03-14,2026-03-19,25
ORD_00888,WH_C,2026-03-10,2026-03-14,2026-03-19,13
ORD_02376,WH_C,2026-02-16,2026-02-18,2026-02-17,18
ORD_02698,WH_C,2026-03-09,2026-03-11,2026-03-11,20
ORD_02320,WH_D,2026-01-20,2026-01-24,2026-01-24,13
ORD_01174,WH_C,2026-02-14,2026-02-15,2026-02-17,12
ORD_02703,WH_B,2026-02-27,2026-03-02,2026-03-02,4
ORD_00109,WH_C,2026-02-17,2026-02-19,2026-02-21,8
ORD_01722,WH_B,2026-01-12,2026-01-16,2026-01-16,12
ORD_02767,WH_D,2026-01-01,2026-01-02,2026-01-02,24
ORD_02148,WH_C,2026-02-04,2026-02-09,2026-02-10,9
ORD_00319,WH_B,2026-01-06,2026-01-09,2026-01-09,11
ORD_01056,WH_C,2026-02-27,2026-02-28,2026-02-28,10
ORD_00696,WH_D,2026-02-18,2026-02-20,2026-02-22,33
ORD_00403,WH_D,2026-01-19,2026-01-22,2026-01-22,15
ORD_01675,WH_E,2026-03-22,2026-03-24,2026-03-23,55
ORD_01432,WH_D,2026-03-03,2026-03-08,2026-03-08,16
ORD_00747,WH_C,2026-02-19,2026-02-20,2026-02-22,23
ORD_01911,WH_C,2026-02-13,2026-02-15,2026-02-15,18
ORD_02921,WH_C,2026-03-17,2026-03-18,2026-03-18,21
ORD_01466,WH_A,2026-02-04,2026-02-09,2026-02-08,7
ORD_02246,WH_D,2026-03-08,2026-03-09,2026-03-08,31
ORD_00786,WH_E,2026-01-22,2026-01-24,2026-01-24,91
ORD_00813,WH_B,2026-03-17,2026-03-19,2026-03-19,9
ORD_02250,WH_B,2026-03-25,2026-03-29,2026-03-29,3
ORD_02203,WH_D,2026-01-13,2026-01-17,2026-01-20,25
ORD_00472,WH_E,2026-03-12,2026-03-14,2026-03-14,82
ORD_01100,WH_C,2026-03-09,2026-03-13,2026-03-13,18
ORD_02401,WH_C,2026-03-25,2026-03-27,2026-03-26,18
ORD_00434,WH_B,2026-03-05,2026-03-07,2026-03-08,9
ORD_02792,WH_E,2026-03-08,2026-03-10,2026-03-11,92
ORD_01804,WH_C,2026-01-10,2026-01-15,2026-01-15,22
ORD_00071,WH_E,2026-03-25,2026-03-28,2026-03-29,75
ORD_02417,WH_C,2026-03-22,2026-03-26,2026-03-27,22
ORD_01437,WH_C,2026-03-14,2026-03-17,2026-03-17,8
ORD_01736,WH_E,2026-02-15,2026-02-17,2026-02-19,52
ORD_00057,WH_B,2026-03-03,2026-03-07,2026-03-07,10
ORD_01629,WH_B,2026-03-28,2026-04-01,2026-04-01,11
ORD_00880,WH_C,2026-02-01,2026-02-04,2026-02-03,24
ORD_02351,WH_D,2026-02-17,2026-02-22,2026-02-22,11
ORD_01211,WH_D,2026-02-13,2026-02-16,2026-02-16,36
ORD_01868,WH_B,2026-01-06,2026-01-09,2026-01-09,7
ORD_02561,WH_E,2026-03-06,2026-03-10,2026-03-10,82
ORD_00310,WH_C,2026-03-28,2026-04-02,2026-04-02,19
ORD_02319,WH_D,2026-02-20,2026-02-21,2026-02-22,45
ORD_01337,WH_B,2026-03-26,2026-03-31,2026-03-31,8
ORD_01338,WH_E,2026-01-21,2026-01-24,2026-01-24,32
ORD_00622,WH_C,2026-03-24,2026-03-26,2026-03-26,10
ORD_01201,WH_E,2026-03-11,2026-03-15,2026-03-14,76
ORD_00394,WH_E,2026-03-06,2026-03-09,2026-03-11,58
ORD_02752,WH_E,2026-03-04,2026-03-06,2026-03-06,23
ORD_02023,WH_E,2026-02-17,2026-02-20,2026-02-20,93
ORD_01611,WH_E,2026-03-11,2026-03-14,2026-03-17,21
ORD_01831,WH_E,2026-02-12,2026-02-14,2026-02-18,78
ORD_02108,WH_E,2026-02-20,2026-02-22,2026-02-21,99
ORD_02176,WH_E,2026-02-17,2026-02-21,2026-02-24,53
ORD_00643,WH_C,2026-02-01,2026-02-03,2026-02-03,14
ORD_00573,WH_C,2026-01-12,2026-01-13,2026-01-14,21
ORD_01475,WH_C,2026-02-28,2026-03-03,2026-03-03,16
ORD_01843,WH_D,2026-02-06,2026-02-11,2026-02-10,12
ORD_00556,WH_D,2026-02-17,2026-02-21,2026-02-22,30
ORD_02182,WH_C,2026-03-01,2026-03-06,2026-03-06,22
ORD_02321,WH_E,2026-03-27,2026-03-31,2026-03-31,93
ORD_01796,WH_B,2026-03-28,2026-04-01,2026-04-01,11
ORD_02642,WH_B,2026-01-14,2026-01-17,2026-01-17,4
ORD_01581,WH_C,2026-01-14,2026-01-18,2026-01-18,13
ORD_02423,WH_E,2026-01-16,2026-01-20,2026-01-21,51
ORD_00121,WH_E,2026-02-22,2026-02-24,2026-02-24,62
ORD_01162,WH_B,2026-03-21,2026-03-24,2026-03-23,8
ORD_02633,WH_A,2026-01-03,2026-01-05,2026-01-05,2
ORD_02130,WH_D,2026-01-25,2026-01-29,2026-01-29,33
ORD_02186,WH_E,2026-01-04,2026-01-07,2026-01-10,69
ORD_00314,WH_E,2026-01-23,2026-01-26,2026-01-28,74
ORD_01781,WH_A,2026-02-04,2026-02-07,2026-02-06,8
ORD_00234,WH_D,2026-02-26,2026-03-01,2026-03-01,16
ORD_00512,WH_D,2026-03-31,2026-04-02,2026-04-05,49
ORD_02805,WH_D,2026-01-13,2026-01-16,2026-01-15,23
ORD_00611,WH_A,2026-03-02,2026-03-05,2026-03-04,1
ORD_02841,WH_C,2026-01-12,2026-01-14,2026-01-14,10
ORD_00112,WH_B,2026-02-28,2026-03-02,2026-03-02,5
ORD_02412,WH_B,2026-01-02,2026-01-06,2026-01-06,9
ORD_01351,WH_E,2026-01-16,2026-01-21,2026-01-21,65
ORD_00411,WH_C,2026-02-15,2026-02-16,2026-02-16,24
ORD_00219,WH_D,2026-02-28,2026-03-04,2026-03-04,16
ORD_01898,WH_B,2026-03-23,2026-03-27,2026-03-30,5
ORD_02345,WH_E,2026-03-04,2026-03-07,2026-03-07,84
ORD_02847,WH_E,2026-01-06,2026-01-11,2026-01-15,45
ORD_01240,WH_B,2026-02-28,2026-03-02,2026-03-01,2
ORD_00603,WH_B,2026-01-03,2026-01-06,2026-01-06,10
ORD_00832,WH_D,2026-03-14,2026-03-16,2026-03-17,32
ORD_02172,WH_A,2026-02-14,2026-02-15,2026-02-17,8
ORD_02164,WH_E,2026-02-11,2026-02-13,2026-02-14,44
ORD_02331,WH_C,2026-02-04,2026-02-09,2026-02-11,17
ORD_02430,WH_E,2026-03-07,2026-03-11,2026-03-11,52
ORD_00388,WH_B,2026-01-16,2026-01-20,2026-01-20,5
ORD_02688,WH_D,2026-02-14,2026-02-18,2026-02-18,17
ORD_01398,WH_C,2026-02-21,2026-02-24,2026-02-24,22
ORD_00566,WH_D,2026-01-08,2026-01-09,2026-01-09,12
ORD_01124,WH_E,2026-01-02,2026-01-05,2026-01-05,58
ORD_01179,WH_E,2026-03-02,2026-03-05,2026-03-05,47
ORD_01296,WH_C,2026-03-24,2026-03-27,2026-03-26,16
ORD_02185,WH_E,2026-01-15,2026-01-18,2026-01-17,64
ORD_02810,WH_E,2026-01-28,2026-01-31,2026-02-04,20
ORD_02998,WH_C,2026-02-21,2026-02-24,2026-02-24,22
ORD_00136,WH_C,2026-02-18,2026-02-21,2026-02-21,22
ORD_01612,WH_E,2026-01-12,2026-01-16,2026-01-16,99
ORD_02180,WH_D,2026-01-30,2026-02-02,2026-02-02,36
ORD_01850,WH_D,2026-02-08,2026-02-11,2026-02-13,17
ORD_02269,WH_C,2026-03-24,2026-03-26,2026-03-26,24
ORD_00367,WH_E,2026-01-17,2026-01-19,2026-01-21,68
ORD_00913,WH_D,2026-03-13,2026-03-14,2026-03-14,19
ORD_01610,WH_D,2026-03-19,2026-03-22,2026-03-21,27
ORD_00030,WH_A,2026-01-19,2026-01-22,2026-01-22,1
ORD_02515,WH_D,2026-03-04,2026-03-06,2026-03-06,15
ORD_00023,WH_C,2026-01-28,2026-02-01,2026-02-01,8
ORD_01691,WH_B,2026-03-14,2026-03-15,2026-03-15,10
ORD_02079,WH_E,2026-02-15,2026-02-17,2026-02-17,41
ORD_02454,WH_C,2026-02-24,2026-02-26,2026-02-27,17
ORD_01685,WH_B,2026-03-01,2026-03-04,2026-03-04,10
ORD_00184,WH_E,2026-02-19,2026-02-20,2026-02-20,73
ORD_00863,WH_D,2026-02-01,2026-02-04,2026-02-04,49
ORD_00189,WH_D,2026-03-16,2026-03-21,2026-03-22,24
ORD_00421,WH_E,2026-03-17,2026-03-19,2026-03-20,26
ORD_00171,WH_E,2026-02-09,2026-02-10,2026-02-09,60
ORD_02839,WH_E,2026-01-22,2026-01-26,2026-01-27,24
ORD_00461,WH_B,2026-02-27,2026-03-01,2026-03-04,6
ORD_00044,WH_E,2026-01-14,2026-01-17,2026-01-19,25
ORD_00088,WH_D,2026-02-12,2026-02-14,2026-02-14,40
ORD_00768,WH_E,2026-01-08,2026-01-09,2026-01-13,33
ORD_02634,WH_B,2026-02-27,2026-03-03,2026-03-03,10
ORD_01564,WH_C,2026-01-27,2026-01-28,2026-01-28,22
ORD_00930,WH_C,2026-01-30,2026-02-02,2026-02-02,9
ORD_00283,WH_C,2026-02-05,2026-02-07,2026-02-08,13
ORD_01076,WH_D,2026-01-01,2026-01-03,2026-01-03,16
ORD_02616,WH_B,2026-03-21,2026-03-26,2026-03-28,3
ORD_02687,WH_B,2026-02-10,2026-02-12,2026-02-11,4
ORD_01449,WH_E,2026-01-05,2026-01-06,2026-01-06,82
ORD_00258,WH_E,2026-02-16,2026-02-18,2026-02-20,42
ORD_02467,WH_C,2026-03-18,2026-03-20,2026-03-20,25
ORD_02608,WH_C,2026-02-05,2026-02-08,2026-02-09,12
ORD_01379,WH_C,2026-01-17,2026-01-21,2026-01-21,12
ORD_02070,WH_C,2026-03-18,2026-03-21,2026-03-21,13
ORD_02468,WH_A,2026-02-12,2026-02-17,2026-02-16,4
ORD_01519,WH_C,2026-01-16,2026-01-18,2026-01-18,19
ORD_02466,WH_C,2026-02-23,2026-02-26,2026-02-26,13
ORD_00150,WH_C,2026-01-17,2026-01-21,2026-01-21,7
ORD_01092,WH_D,2026-02-15,2026-02-16,2026-02-18,32
ORD_02371,WH_E,2026-02-05,2026-02-06,2026-02-09,58
ORD_02405,WH_E,2026-02-04,2026-02-08,2026-02-09,65
ORD_02125,WH_E,2026-01-20,2026-01-24,2026-01-24,95
ORD_01948,WH_B,2026-02-07,2026-02-10,2026-02-10,5
ORD_00555,WH_E,2026-02-19,2026-02-21,2026-02-22,24
ORD_01548,WH_D,2026-01-12,2026-01-14,2026-01-18,19
ORD_02742,WH_C,2026-02-22,2026-02-25,2026-02-25,15
ORD_00545,WH_D,2026-02-06,2026-02-08,2026-02-08,47
ORD_02204,WH_A,2026-01-04,2026-01-06,2026-01-05,4
ORD_01950,WH_D,2026-01-19,2026-01-22,2026-01-24,34
ORD_01230,WH_D,2026-02-01,2026-02-06,2026-02-07,41
ORD_00222,WH_D,2026-03-02,2026-03-03,2026-03-03,32
ORD_01809,WH_B,2026-02-02,2026-02-05,2026-02-05,5
ORD_02154,WH_E,2026-03-30,2026-04-02,2026-04-03,80
ORD_01478,WH_E,2026-03-07,2026-03-11,2026-03-11,45
ORD_02355,WH_E,2026-01-14,2026-01-19,2026-01-19,87
ORD_01117,WH_B,2026-02-24,2026-02-26,2026-02-26,7
ORD_01411,WH_C,2026-01-27,2026-01-31,2026-01-31,5
ORD_02377,WH_C,2026-03-18,2026-03-22,2026-03-22,16
ORD_00544,WH_E,2026-01-01,2026-01-04,2026-01-04,30
ORD_01414,WH_A,2026-01-20,2026-01-25,2026-01-25,6
ORD_02255,WH_E,2026-02-28,2026-03-02,2026-03-01,98
ORD_00273,WH_E,2026-03-02,2026-03-04,2026-03-04,35
ORD_00522,WH_C,2026-01-01,2026-01-05,2026-01-05,23
ORD_00901,WH_C,2026-02-18,2026-02-19,2026-02-20,23
ORD_00912,WH_C,2026-02-27,2026-03-01,2026-03-04,17
ORD_01339,WH_A,2026-03-27,2026-03-30,2026-03-29,2
ORD_02580,WH_D,2026-01-19,2026-01-23,2026-01-23,15
ORD_02701,WH_D,2026-02-19,2026-02-21,2026-02-22,40
ORD_02541,WH_E,2026-01-19,2026-01-23,2026-01-23,61
ORD_01028,WH_E,2026-03-17,2026-03-20,2026-03-19,93
ORD_02837,WH_E,2026-03-18,2026-03-23,2026-03-24,57
ORD_00681,WH_E,2026-02-28,2026-03-01,2026-03-01,54
ORD_02607,WH_A,2026-03-20,2026-03-22,2026-03-22,7
ORD_01223,WH_D,2026-02-13,2026-02-16,2026-02-17,15
ORD_01887,WH_A,2026-02-02,2026-02-05,2026-02-04,5
ORD_02100,WH_C,2026-02-26,2026-03-01,2026-03-01,11
ORD_02715,WH_A,2026-03-25,2026-03-28,2026-03-28,7
ORD_00169,WH_A,2026-02-19,2026-02-22,2026-02-22,3
ORD_02283,WH_D,2026-03-04,2026-03-06,2026-03-08,43
ORD_02809,WH_D,2026-01-21,2026-01-24,2026-01-24,42
ORD_00680,WH_E,2026-02-02,2026-02-06,2026-02-06,48
ORD_01422,WH_D,2026-01-18,2026-01-20,2026-01-25,22
ORD_01376,WH_E,2026-01-12,2026-01-14,2026-01-13,65
ORD_02247,WH_A,2026-02-27,2026-03-02,2026-03-02,6
ORD_01375,WH_C,2026-03-04,2026-03-09,2026-03-09,12
ORD_00368,WH_E,2026-03-12,2026-03-14,2026-03-14,38
ORD_02655,WH_E,2026-02-20,2026-02-24,2026-02-24,29
ORD_02288,WH_C,2026-01-10,2026-01-12,2026-01-12,20
ORD_01006,WH_E,2026-03-27,2026-04-01,2026-04-02,54
ORD_02502,WH_E,2026-03-11,2026-03-13,2026-03-14,63
ORD_00352,WH_E,2026-01-29,2026-02-01,2026-02-03,81
ORD_01488,WH_E,2026-01-01,2026-01-02,2026-01-02,63
ORD_02916,WH_E,2026-01-10,2026-01-14,2026-01-14,63
ORD_01533,WH_E,2026-02-11,2026-02-14,2026-02-15,72
ORD_02285,WH_B,2026-03-18,2026-03-21,2026-03-25,8
ORD_02704,WH_A,2026-03-16,2026-03-19,2026-03-19,8
ORD_02383,WH_E,2026-02-03,2026-02-06,2026-02-09,93
ORD_00499,WH_E,2026-02-28,2026-03-05,2026-03-04,79
ORD_01656,WH_E,2026-03-25,2026-03-28,2026-03-28,33
ORD_00211,WH_D,2026-02-08,2026-02-10,2026-02-10,21
ORD_02763,WH_D,2026-01-24,2026-01-28,2026-01-30,34
ORD_01264,WH_D,2026-03-15,2026-03-18,2026-03-18,44
ORD_00228,WH_C,2026-03-20,2026-03-22,2026-03-21,21
ORD_00366,WH_C,2026-01-26,2026-01-30,2026-01-30,13
ORD_02107,WH_E,2026-02-09,2026-02-11,2026-02-12,43
ORD_00950,WH_D,2026-02-26,2026-02-27,2026-02-26,49
ORD_01965,WH_D,2026-03-08,2026-03-10,2026-03-09,28
ORD_00613,WH_D,2026-01-19,2026-01-22,2026-01-25,39
ORD_00811,WH_E,2026-02-17,2026-02-21,2026-02-21,93
ORD_00408,WH_A,2026-01-03,2026-01-07,2026-01-07,8
ORD_01951,WH_B,2026-03-08,2026-03-11,2026-03-11,8
ORD_02888,WH_D,2026-03-03,2026-03-05,2026-03-07,18
ORD_02552,WH_B,2026-01-01,2026-01-05,2026-01-05,2
ORD_02251,WH_B,2026-03-05,2026-03-07,2026-03-07,3
ORD_02420,WH_C,2026-03-10,2026-03-13,2026-03-14,22
ORD_00599,WH_B,2026-02-01,2026-02-06,2026-02-05,4
ORD_00008,WH_E,2026-03-24,2026-03-26,2026-03-26,57
ORD_01000,WH_D,2026-02-25,2026-02-27,2026-02-27,14
ORD_01227,WH_C,2026-03-12,2026-03-14,2026-03-14,19
ORD_02937,WH_E,2026-02-07,2026-02-11,2026-02-11,28
ORD_00416,WH_D,2026-02-17,2026-02-19,2026-02-19,50
ORD_02080,WH_E,2026-03-13,2026-03-15,2026-03-15,91
ORD_01115,WH_D,2026-01-05,2026-01-08,2026-01-09,10
ORD_00795,WH_A,2026-02-09,2026-02-11,2026-02-11,2
ORD_01714,WH_D,2026-03-18,2026-03-22,2026-03-22,26
ORD_00200,WH_E,2026-03-18,2026-03-23,2026-03-25,81
ORD_00284,WH_B,2026-02-18,2026-02-21,2026-02-21,6
ORD_00232,WH_D,2026-01-11,2026-01-16,2026-01-16,22
ORD_01682,WH_E,2026-02-20,2026-02-22,2026-02-27,89
ORD_00943,WH_E,2026-02-21,2026-02-24,2026-02-24,35
ORD_00097,WH_D,2026-03-25,2026-03-27,2026-03-27,39
ORD_01371,WH_E,2026-03-13,2026-03-17,2026-03-20,52
ORD_02583,WH_D,2026-02-19,2026-02-21,2026-02-21,27
ORD_01406,WH_D,2026-01-19,2026-01-23,2026-01-23,50
ORD_01585,WH_E,2026-01-22,2026-01-24,2026-01-27,73
ORD_00053,WH_E,2026-03-15,2026-03-20,2026-03-20,62
ORD_02777,WH_A,2026-01-16,2026-01-20,2026-01-19,5
ORD_02878,WH_C,2026-01-14,2026-01-18,2026-01-18,14
ORD_02601,WH_D,2026-03-18,2026-03-19,2026-03-19,43
ORD_01423,WH_A,2026-03-10,2026-03-12,2026-03-12,3
ORD_01394,WH_D,2026-01-16,2026-01-20,2026-01-23,26
ORD_00105,WH_E,2026-03-20,2026-03-23,2026-03-26,49
ORD_02531,WH_E,2026-01-17,2026-01-21,2026-01-21,82
ORD_01081,WH_E,2026-01-21,2026-01-22,2026-01-26,72
ORD_01396,WH_E,2026-03-15,2026-03-18,2026-03-22,31
ORD_01816,WH_E,2026-01-04,2026-01-07,2026-01-07,74
ORD_01400,WH_E,2026-01-29,2026-01-31,2026-01-30,56
ORD_01310,WH_E,2026-03-01,2026-03-05,2026-03-08,37
ORD_00227,WH_E,2026-02-06,2026-02-09,2026-02-09,70
ORD_00777,WH_C,2026-02-05,2026-02-07,2026-02-07,6
ORD_02214,WH_E,2026-01-13,2026-01-16,2026-01-16,30
ORD_01955,WH_E,2026-02-16,2026-02-19,2026-02-24,42
ORD_02829,WH_D,2026-02-09,2026-02-14,2026-02-15,17
ORD_02824,WH_C,2026-02-28,2026-03-05,2026-03-05,24
ORD_01101,WH_A,2026-01-18,2026-01-21,2026-01-21,6
ORD_01299,WH_D,2026-03-27,2026-03-30,2026-03-30,23
ORD_01617,WH_E,2026-03-02,2026-03-06,2026-03-06,81
ORD_00465,WH_E,2026-02-27,2026-03-03,2026-03-02,42
ORD_00840,WH_D,2026-02-17,2026-02-21,2026-02-20,18
ORD_02682,WH_E,2026-03-15,2026-03-17,2026-03-17,49
ORD_01382,WH_C,2026-02-05,2026-02-06,2026-02-06,25
ORD_00638,WH_C,2026-03-25,2026-03-28,2026-04-01,8
ORD_01608,WH_E,2026-01-21,2026-01-25,2026-01-26,77
ORD_01324,,2026-01-25,2026-01-28,2026-01-28,25
ORD_00213,WH_E,2026-01-28,2026-02-01,2026-01-31,95
ORD_00013,WH_E,2026-01-12,2026-01-15,2026-01-17,93
ORD_02919,WH_D,2026-01-08,2026-01-12,2026-01-12,49
ORD_00423,WH_B,2026-02-05,2026-02-08,2026-02-07,10
ORD_01922,WH_A,2026-02-20,2026-02-24,2026-02-24,6
ORD_02578,WH_D,2026-01-16,2026-01-18,2026-01-17,11
ORD_02654,WH_A,2026-02-11,2026-02-16,2026-02-15,4
ORD_00737,WH_C,2026-01-20,2026-01-23,2026-01-23,7
ORD_02945,WH_E,2026-01-17,2026-01-20,2026-01-19,60
ORD_02720,WH_A,2026-01-14,2026-01-17,2026-01-17,5
ORD_01622,WH_A,2026-02-13,2026-02-14,2026-02-14,1
ORD_00510,WH_E,2026-02-19,2026-02-22,2026-02-25,44
ORD_00645,WH_B,2026-03-02,2026-03-06,2026-03-06,3
ORD_00598,WH_B,2026-02-18,2026-02-20,2026-02-22,9
ORD_01205,WH_D,2026-01-04,2026-01-06,2026-01-08,42
ORD_02380,WH_E,2026-02-01,2026-02-05,2026-02-05,73
ORD_01845,WH_E,2026-02-08,2026-02-11,2026-02-13,32
ORD_02658,WH_E,2026-02-25,2026-03-01,2026-03-01,88
ORD_00519,WH_E,2026-02-07,2026-02-10,2026-02-10,28
ORD_01118,WH_E,2026-02-06,2026-02-11,2026-02-11,39
ORD_00574,WH_D,2026-02-12,2026-02-15,2026-02-18,23
ORD_02740,WH_A,2026-02-18,2026-02-23,2026-02-26,2
ORD_02127,WH_D,2026-01-28,2026-01-30,2026-01-30,20
ORD_01978,WH_D,2026-01-10,2026-01-13,2026-01-12,42
ORD_01160,WH_A,2026-01-22,2026-01-26,2026-01-26,1
ORD_01445,WH_E,2026-02-01,2026-02-03,2026-02-08,99
ORD_01836,WH_E,2026-01-28,2026-01-30,2026-01-29,76
ORD_02098,WH_D,2026-03-20,2026-03-23,2026-03-23,46
ORD_00221,WH_E,2026-01-02,2026-01-03,2026-01-03,55
ORD_02923,WH_E,2026-02-23,2026-02-26,2026-02-25,55
ORD_00359,WH_E,2026-02-17,2026-02-21,2026-02-23,49
ORD_00757,WH_D,2026-01-15,2026-01-19,2026-01-21,11
ORD_01813,WH_C,2026-02-03,2026-02-05,2026-02-05,19
ORD_02488,WH_E,2026-03-09,2026-03-12,2026-03-12,72
ORD_00260,WH_B,2026-03-24,2026-03-28,2026-03-27,8
ORD_02786,WH_C,2026-03-12,2026-03-15,2026-03-15,21
ORD_00810,WH_B,2026-03-30,2026-04-02,2026-04-02,9
ORD_02406,WH_D,2026-01-16,2026-01-19,2026-01-19,33
ORD_02261,WH_E,2026-03-09,2026-03-12,2026-03-12,45
ORD_01002,WH_D,2026-03-07,2026-03-11,2026-03-14,46
ORD_02421,WH_B,2026-01-20,2026-01-22,2026-01-22,5
ORD_01784,WH_D,2026-03-08,2026-03-12,2026-03-15,47
ORD_01508,WH_D,2026-02-09,2026-02-12,2026-02-12,22
ORD_01018,WH_D,2026-03-24,2026-03-28,2026-03-28,32
ORD_02731,WH_E,2026-01-15,2026-01-18,2026-01-17,53
ORD_02338,WH_C,2026-02-13,2026-02-17,2026-02-17,16
ORD_00457,WH_A,2026-01-25,2026-01-30,2026-01-30,8
ORD_00463,WH_E,2026-03-03,2026-03-04,2026-03-04,89
ORD_02237,WH_E,2026-01-31,2026-02-02,2026-02-04,49
ORD_01290,WH_A,2026-01-17,2026-01-22,2026-01-22,1
ORD_00382,WH_E,2026-01-25,2026-01-28,2026-01-31,59
ORD_02458,WH_D,2026-03-21,2026-03-25,2026-03-25,13
ORD_01327,WH_B,2026-03-15,2026-03-18,2026-03-18,12
ORD_00694,WH_C,2026-03-07,2026-03-11,2026-03-11,10
ORD_00799,WH_E,2026-03-03,2026-03-05,2026-03-05,88
ORD_01771,WH_D,2026-01-28,2026-01-29,2026-01-29,12
ORD_01412,WH_B,2026-02-24,2026-02-27,2026-02-27,8
ORD_01287,WH_B,2026-03-08,2026-03-11,2026-03-11,11
ORD_01579,WH_D,2026-01-18,2026-01-21,2026-01-21,30
ORD_01462,WH_E,2026-01-07,2026-01-10,2026-01-12,83
ORD_01237,WH_E,2026-03-20,2026-03-24,2026-03-27,87
ORD_01035,WH_A,2026-01-09,2026-01-11,2026-01-11,7
ORD_02160,WH_E,2026-01-16,2026-01-19,2026-01-19,53
ORD_02373,WH_E,2026-03-20,2026-03-24,2026-03-24,25
ORD_02300,WH_C,2026-03-22,2026-03-23,2026-03-23,5
ORD_01430,WH_E,2026-01-13,2026-01-17,2026-01-16,75
ORD_01196,WH_E,2026-02-16,2026-02-19,2026-02-19,81
ORD_00543,WH_C,2026-01-08,2026-01-12,2026-01-14,21
ORD_02483,WH_E,2026-01-07,2026-01-08,2026-01-08,73
ORD_02078,WH_D,2026-02-14,2026-02-16,2026-02-16,12
ORD_01457,WH_E,2026-02-13,2026-02-17,2026-02-17,22
ORD_02667,WH_B,2026-03-05,2026-03-09,2026-03-09,9
ORD_02432,WH_E,2026-03-27,2026-03-31,2026-04-01,55
ORD_02997,WH_B,2026-03-28,2026-04-02,2026-04-01,8
ORD_02758,WH_E,2026-02-21,2026-02-24,2026-02-23,25
ORD_01367,WH_E,2026-02-28,2026-03-04,2026-03-06,71
ORD_00730,WH_B,2026-02-20,2026-02-22,2026-02-22,6
ORD_02909,WH_C,2026-02-26,2026-02-28,2026-03-05,10
ORD_02270,WH_D,2026-01-07,2026-01-10,2026-01-14,41
ORD_02870,WH_C,2026-03-13,2026-03-15,2026-03-15,24
ORD_02806,WH_E,2026-03-19,2026-03-22,2026-03-24,23
ORD_02724,WH_D,2026-03-23,2026-03-24,2026-03-26,19
ORD_01217,WH_B,2026-02-04,2026-02-07,2026-02-08,9
ORD_00436,WH_E,2026-03-24,2026-03-27,2026-03-27,73
ORD_01967,WH_B,2026-03-01,2026-03-02,2026-03-02,12
ORD_00238,WH_A,2026-01-07,2026-01-08,2026-01-08,7
ORD_01847,WH_B,2026-02-15,2026-02-18,2026-02-17,10
ORD_00110,WH_A,2026-03-11,2026-03-16,2026-03-16,3
ORD_02067,WH_C,2026-02-09,2026-02-14,2026-02-14,22
ORD_00164,WH_D,2026-01-19,2026-01-23,2026-01-23,43
ORD_00289,WH_C,2026-03-02,2026-03-04,2026-03-04,12
ORD_00253,WH_E,2026-01-05,2026-01-07,2026-01-06,98
ORD_02005,WH_C,2026-02-28,2026-03-02,2026-03-02,22
ORD_02942,WH_D,2026-03-15,2026-03-17,2026-03-18,29
ORD_02770,WH_E,2026-01-10,2026-01-13,2026-01-14,92
ORD_00765,WH_A,2026-01-23,2026-01-26,2026-01-25,3
ORD_00839,WH_D,2026-03-12,2026-03-17,2026-03-18,38
ORD_01518,WH_E,2026-02-18,2026-02-19,2026-02-19,52
ORD_02494,WH_C,2026-03-19,2026-03-21,2026-03-21,8
ORD_02346,WH_E,2026-02-06,2026-02-07,2026-02-06,68
ORD_01019,WH_E,2026-02-27,2026-03-01,2026-03-03,91
ORD_00865,WH_D,2026-03-04,2026-03-06,2026-03-06,39
ORD_01727,WH_D,2026-01-26,2026-01-29,2026-01-29,31
ORD_02431,WH_D,2026-01-09,2026-01-11,2026-01-12,13
ORD_00846,WH_D,2026-02-28,2026-03-02,2026-03-05,17
ORD_02413,WH_D,2026-01-04,2026-01-07,2026-01-12,18
ORD_00462,WH_D,2026-02-14,2026-02-15,2026-02-15,10
ORD_02949,WH_C,2026-02-20,2026-02-23,2026-02-23,9
ORD_02013,WH_E,2026-01-09,2026-01-12,2026-01-15,76
ORD_00158,WH_E,2026-01-28,2026-01-31,2026-02-01,54
ORD_01942,WH_C,2026-01-10,2026-01-14,2026-01-18,6
ORD_01645,WH_B,2026-03-14,2026-03-16,2026-03-16,7
ORD_00678,WH_C,2026-01-20,2026-01-22,2026-01-22,20
ORD_02652,WH_C,2026-03-15,2026-03-16,2026-03-19,8
ORD_00858,WH_D,2026-01-04,2026-01-07,2026-01-07,17
ORD_00239,WH_D,2026-03-02,2026-03-05,2026-03-08,23
ORD_01594,WH_B,2026-02-25,2026-02-27,2026-02-26,12
ORD_02461,WH_E,2026-03-29,2026-03-30,2026-03-30,36
ORD_02006,WH_E,2026-03-01,2026-03-05,2026-03-05,64
ORD_00101,WH_A,2026-02-03,2026-02-07,2026-02-07,4
ORD_00316,WH_E,2026-01-17,2026-01-20,2026-01-21,52
ORD_00841,WH_A,2026-01-18,2026-01-21,2026-01-20,2
ORD_02861,WH_E,2026-02-22,2026-02-24,2026-02-23,55
ORD_00791,WH_B,2026-03-03,2026-03-08,2026-03-08,3
ORD_00904,WH_D,2026-03-22,2026-03-27,2026-03-27,50
ORD_00262,WH_E,2026-03-09,2026-03-13,2026-03-13,20
ORD_01755,WH_E,2026-02-22,2026-02-24,2026-02-25,69
ORD_01671,WH_C,2026-03-06,2026-03-08,2026-03-07,14
ORD_00196,WH_C,2026-01-19,2026-01-23,2026-01-23,8
ORD_02356,WH_B,2026-03-04,2026-03-07,2026-03-07,3
ORD_01026,WH_D,2026-02-09,2026-02-12,2026-02-12,29
ORD_01763,WH_B,2026-03-16,2026-03-20,2026-03-20,9
ORD_00180,WH_B,2026-02-03,2026-02-05,2026-02-07,5
ORD_02330,WH_A,2026-03-09,2026-03-10,2026-03-10,5
ORD_02762,WH_A,2026-01-16,2026-01-20,2026-01-20,8
ORD_02796,WH_D,2026-03-16,2026-03-17,2026-03-17,43
ORD_00341,WH_D,2026-03-13,2026-03-14,2026-03-14,21
ORD_01079,WH_C,2026-01-30,2026-01-31,2026-01-31,6
ORD_01188,WH_A,2026-03-10,2026-03-13,2026-03-13,6
ORD_00749,WH_E,2026-02-27,2026-03-04,2026-03-07,85
ORD_01089,WH_E,2026-01-15,2026-01-16,2026-01-16,56
ORD_00663,WH_D,2026-03-24,2026-03-26,2026-03-26,25
ORD_00481,WH_D,2026-01-21,2026-01-23,2026-01-23,14
ORD_02150,WH_E,2026-01-01,2026-01-06,2026-01-05,66
ORD_02581,WH_B,2026-01-02,2026-01-05,2026-01-09,10
ORD_01363,WH_D,2026-03-18,2026-03-21,2026-03-21,47
ORD_02448,WH_B,2026-01-27,2026-01-30,2026-01-30,6
ORD_00550,WH_E,2026-02-04,2026-02-05,2026-02-08,87
ORD_01152,WH_E,2026-01-01,2026-01-04,2026-01-06,27
ORD_00784,WH_C,2026-03-29,2026-04-01,2026-04-02,7
ORD_02723,WH_E,2026-01-04,2026-01-08,2026-01-08,62
ORD_00743,WH_E,2026-02-11,2026-02-13,2026-02-13,93
ORD_02657,WH_E,2026-03-17,2026-03-20,2026-03-24,52
ORD_01733,WH_D,2026-01-19,2026-01-23,2026-01-23,20
ORD_00966,WH_C,2026-01-27,2026-01-29,2026-02-02,21
ORD_01065,WH_D,2026-02-16,2026-02-18,2026-02-18,43
ORD_01940,WH_A,2026-01-03,2026-01-05,2026-01-05,4
ORD_01118,WH_E,2026-02-06,2026-02-11,2026-02-11,39
ORD_02133,WH_D,2026-01-06,2026-01-07,2026-01-06,50
ORD_02385,WH_C,2026-03-20,2026-03-22,2026-03-22,24
ORD_00248,WH_E,2026-02-07,2026-02-08,2026-02-11,20
ORD_02808,WH_B,2026-01-26,2026-01-29,2026-01-29,4
ORD_01147,WH_E,2026-03-17,2026-03-18,2026-03-19,52
ORD_02979,WH_E,2026-03-05,2026-03-09,2026-03-08,45
ORD_00627,WH_D,2026-01-28,2026-01-29,2026-01-29,41
ORD_00348,WH_A,2026-03-15,2026-03-17,2026-03-17,7
ORD_00279,WH_E,2026-02-15,2026-02-16,2026-02-16,73
ORD_01812,WH_E,2026-03-01,2026-03-05,2026-03-05,63
ORD_02293,WH_C,2026-01-24,2026-01-26,2026-01-26,25
ORD_00656,WH_B,2026-03-28,2026-03-30,2026-03-30,3
ORD_01236,WH_C,2026-02-06,2026-02-10,2026-02-09,15
ORD_02873,WH_E,2026-02-07,2026-02-11,2026-02-10,70
ORD_02639,WH_E,2026-01-07,2026-01-08,2026-01-08,42
ORD_02602,WH_A,2026-01-07,2026-01-09,2026-01-08,3
ORD_02876,WH_D,2026-02-04,2026-02-07,2026-02-10,31
ORD_01737,WH_D,2026-02-11,2026-02-15,2026-02-20,16
ORD_00941,WH_C,2026-01-15,2026-01-18,2026-01-19,17
ORD_02610,WH_A,2026-03-05,2026-03-08,2026-03-08,3
ORD_00446,WH_E,2026-03-01,2026-03-04,2026-03-06,87
ORD_00618,WH_C,2026-02-12,2026-02-16,2026-02-16,13
ORD_01710,WH_E,2026-03-31,2026-04-03,2026-04-03,67
ORD_01091,WH_E,2026-03-20,2026-03-23,2026-03-23,27
ORD_01921,WH_E,2026-01-28,2026-01-29,2026-01-29,77
ORD_02627,WH_B,2026-01-29,2026-02-01,2026-02-01,2
ORD_01589,WH_D,2026-02-05,2026-02-08,2026-02-08,24
ORD_02685,WH_C,2026-02-12,2026-02-17,2026-02-16,14
ORD_00548,WH_E,2026-03-11,2026-03-15,2026-03-16,71
ORD_01802,WH_E,2026-02-10,2026-02-11,2026-02-11,58
ORD_00845,WH_B,2026-03-09,2026-03-10,2026-03-10,6
ORD_00908,WH_C,2026-01-15,2026-01-18,2026-01-18,6
ORD_00264,WH_D,2026-01-01,2026-01-03,2026-01-03,19
ORD_01269,WH_D,2026-02-12,2026-02-17,2026-02-20,25
ORD_02366,WH_A,2026-03-20,2026-03-23,2026-03-23,8
ORD_02773,WH_E,2026-02-27,2026-02-28,2026-02-28,46
ORD_00354,WH_B,2026-01-13,2026-01-17,2026-01-17,12
ORD_01353,WH_D,2026-02-28,2026-03-04,2026-03-04,31
ORD_00209,WH_A,2026-01-06,2026-01-08,2026-01-07,5
ORD_00614,WH_B,2026-02-12,2026-02-14,2026-02-13,9
ORD_02287,WH_E,2026-01-27,2026-01-31,2026-01-31,31
ORD_01748,WH_C,2026-01-12,2026-01-16,2026-01-16,12
ORD_02510,WH_E,2026-01-24,2026-01-29,2026-01-30,35
ORD_01158,WH_E,2026-03-20,2026-03-24,2026-03-23,32
ORD_02469,WH_D,2026-02-08,2026-02-11,2026-02-16,50
ORD_01779,WH_C,2026-01-14,2026-01-18,2026-01-18,23
ORD_02718,WH_E,2026-01-17,2026-01-19,2026-01-18,70
ORD_00058,WH_B,2026-01-29,2026-01-31,2026-01-31,9
ORD_02912,WH_A,2026-01-02,2026-01-04,2026-01-04,3
ORD_00812,WH_E,2026-01-18,2026-01-21,2026-01-24,53
ORD_02205,WH_E,2026-02-11,2026-02-12,2026-02-12,94
ORD_00562,WH_C,2026-03-12,2026-03-17,2026-03-17,13
ORD_02060,WH_D,2026-02-02,2026-02-04,2026-02-06,44
ORD_00230,WH_D,2026-03-04,2026-03-08,2026-03-08,35
ORD_02523,WH_C,2026-03-25,2026-03-28,2026-03-27,21
ORD_01749,WH_E,2026-01-26,2026-01-31,2026-01-30,22
ORD_02275,WH_E,2026-01-16,2026-01-19,2026-01-19,68
ORD_02105,WH_E,2026-03-29,2026-04-02,2026-04-03,29
ORD_02840,WH_C,2026-01-18,2026-01-21,2026-01-22,25
ORD_02571,WH_D,2026-03-12,2026-03-17,2026-03-17,10
ORD_02811,WH_C,2026-02-17,2026-02-19,2026-02-19,16
ORD_01058,WH_D,2026-03-21,2026-03-23,2026-03-22,38
ORD_01499,WH_C,2026-02-16,2026-02-20,2026-02-20,23
ORD_01074,WH_A,2026-02-17,2026-02-19,2026-02-19,4
ORD_00708,WH_E,2026-01-29,2026-02-02,2026-02-03,43
ORD_00425,WH_A,2026-02-26,2026-02-28,2026-02-28,5
ORD_00070,WH_E,2026-03-31,2026-04-03,2026-04-02,82
ORD_02850,WH_C,2026-02-22,2026-02-24,2026-02-26,6
ORD_02938,WH_D,2026-03-02,2026-03-04,2026-03-03,43
ORD_01715,WH_A,2026-01-28,2026-02-01,2026-02-05,8
ORD_02179,WH_E,2026-01-10,2026-01-15,2026-01-17,74
ORD_01988,WH_D,2026-01-26,2026-01-30,2026-01-30,28
ORD_02595,WH_B,2026-01-18,2026-01-21,2026-01-21,5
ORD_01961,WH_B,2026-01-08,2026-01-11,2026-01-11,9
ORD_02124,WH_D,2026-03-28,2026-03-30,2026-03-30,43
ORD_00621,WH_B,2026-02-17,2026-02-19,2026-02-18,5
ORD_01352,WH_D,2026-01-18,2026-01-21,2026-01-21,43
ORD_01764,,2026-02-18,2026-02-20,2026-02-19,13
ORD_00953,WH_B,2026-02-23,2026-02-28,2026-02-28,9
ORD_02043,WH_D,2026-01-26,2026-01-28,2026-01-28,40
ORD_02222,WH_D,2026-03-12,2026-03-15,2026-03-15,26
ORD_00931,WH_B,2026-01-13,2026-01-16,2026-01-17,7
ORD_00928,WH_D,2026-03-23,2026-03-27,2026-03-27,16
ORD_02679,WH_B,2026-03-04,2026-03-07,2026-03-11,2
ORD_01726,WH_A,2026-01-11,2026-01-14,2026-01-14,3
ORD_00280,WH_E,2026-02-01,2026-02-05,2026-02-05,93
ORD_01621,WH_D,2026-01-15,2026-01-18,2026-01-18,34
ORD_02002,WH_C,2026-03-19,2026-03-21,2026-03-20,22
ORD_01919,WH_C,2026-01-14,2026-01-17,2026-01-17,6
ORD_02407,WH_C,2026-02-19,2026-02-21,2026-02-20,18
ORD_01676,WH_C,2026-03-07,2026-03-10,2026-03-10,5
ORD_00554,WH_D,2026-02-15,2026-02-18,2026-02-22,49
ORD_00835,WH_D,2026-02-13,2026-02-15,2026-02-18,39
ORD_00991,WH_E,2026-02-18,2026-02-20,2026-02-22,78
ORD_00597,WH_E,2026-01-24,2026-01-28,2026-01-30,27
ORD_01614,WH_C,2026-03-22,2026-03-26,2026-03-27,5
ORD_00803,WH_D,2026-02-26,2026-03-03,2026-03-03,29
ORD_02149,,2026-03-03,2026-03-08,2026-03-08,18
ORD_01802,WH_E,2026-02-10,2026-02-11,2026-02-11,58
ORD_02734,WH_E,2026-02-21,2026-02-23,2026-02-23,86
ORD_00441,WH_B,2026-02-09,2026-02-13,2026-02-15,10
ORD_00509,WH_E,2026-01-02,2026-01-05,2026-01-05,76
ORD_00077,WH_E,2026-01-03,2026-01-06,2026-01-06,85
ORD_01934,WH_D,2026-02-28,2026-03-01,2026-03-01,38
ORD_00650,WH_D,2026-03-23,2026-03-24,2026-03-24,37
ORD_00523,WH_E,2026-02-14,2026-02-18,2026-02-19,49
ORD_01513,WH_E,2026-01-12,2026-01-15,2026-01-15,72
ORD_01107,WH_C,2026-02-09,2026-02-11,2026-02-10,8
ORD_02452,WH_E,2026-02-02,2026-02-03,2026-02-03,74
ORD_00655,WH_D,2026-01-05,2026-01-10,2026-01-10,29
ORD_02539,WH_E,2026-03-08,2026-03-11,2026-03-11,28
ORD_01566,WH_D,2026-01-31,2026-02-03,2026-02-03,18
ORD_02220,WH_B,2026-03-14,2026-03-15,2026-03-15,11
ORD_02863,WH_E,2026-01-09,2026-01-11,2026-01-11,93
ORD_00631,WH_E,2026-01-05,2026-01-08,2026-01-08,37
ORD_02241,WH_E,2026-03-22,2026-03-25,2026-03-25,22
ORD_01534,WH_C,2026-02-16,2026-02-19,2026-02-18,17
ORD_00980,WH_D,2026-02-25,2026-02-28,2026-02-28,24
ORD_00483,WH_D,2026-03-31,2026-04-05,2026-04-06,46
ORD_01958,WH_D,2026-03-26,2026-03-29,2026-03-30,44
ORD_01135,WH_E,2026-03-04,2026-03-07,2026-03-06,95
ORD_02577,WH_E,2026-03-19,2026-03-21,2026-03-21,58
ORD_01279,WH_B,2026-01-18,2026-01-20,2026-01-20,9
ORD_00439,WH_E,2026-03-19,2026-03-21,2026-03-22,58
ORD_01745,WH_D,2026-03-02,2026-03-05,2026-03-06,30
ORD_02944,WH_E,2026-01-06,2026-01-11,2026-01-13,42
ORD_01568,WH_B,2026-03-19,2026-03-22,2026-03-21,6
ORD_00857,WH_A,2026-02-23,2026-02-26,2026-02-26,4
ORD_02014,WH_B,2026-03-25,2026-03-29,2026-03-29,3
ORD_00167,WH_C,2026-02-10,2026-02-11,2026-02-11,10
ORD_00060,WH_C,2026-01-17,2026-01-19,2026-01-21,23
ORD_00612,WH_E,2026-01-29,2026-02-01,2026-02-04,83
ORD_00531,WH_E,2026-02-22,2026-02-24,2026-02-23,22
ORD_02890,WH_E,2026-01-12,2026-01-16,2026-01-17,92
ORD_00050,WH_B,2026-01-24,2026-01-26,2026-01-26,12
ORD_01507,WH_D,2026-03-16,2026-03-19,2026-03-21,44
ORD_01939,WH_D,2026-01-29,2026-02-02,2026-02-01,14
ORD_00859,WH_D,2026-02-08,2026-02-10,2026-02-10,28
ORD_01718,WH_E,2026-02-25,2026-02-28,2026-02-27,59
ORD_00049,WH_D,2026-01-29,2026-02-01,2026-01-31,50
ORD_00720,WH_E,2026-02-14,2026-02-17,2026-02-21,32
ORD_01938,WH_E,2026-03-12,2026-03-16,2026-03-16,96
ORD_01300,WH_E,2026-03-11,2026-03-13,2026-03-12,55
ORD_02259,WH_C,2026-01-16,2026-01-19,2026-01-18,11
ORD_01973,WH_C,2026-02-10,2026-02-13,2026-02-13,9
ORD_00633,WH_D,2026-01-21,2026-01-23,2026-01-23,31
ORD_01318,WH_E,2026-03-24,2026-03-27,2026-03-29,37
ORD_02958,WH_E,2026-02-02,2026-02-04,2026-02-03,69
ORD_01229,WH_E,2026-03-06,2026-03-10,2026-03-10,87
ORD_01308,WH_E,2026-01-03,2026-01-07,2026-01-11,27
ORD_00026,WH_E,2026-02-28,2026-03-03,2026-03-03,100
ORD_02064,WH_D,2026-02-18,2026-02-22,2026-02-22,17
ORD_00220,WH_E,2026-03-26,2026-03-29,2026-03-30,30
ORD_02158,WH_C,2026-03-24,2026-03-25,2026-03-26,20
ORD_00277,WH_E,2026-01-25,2026-01-28,2026-01-29,91
ORD_02580,WH_D,2026-01-19,2026-01-23,2026-01-23,15
ORD_02771,WH_A,2026-03-21,2026-03-24,2026-03-24,3
ORD_02827,WH_E,2026-02-24,2026-02-26,2026-02-26,76
ORD_01011,WH_C,2026-02-27,2026-03-02,2026-03-02,14
ORD_01030,WH_E,2026-03-29,2026-04-02,2026-04-02,44
ORD_02349,WH_D,2026-02-17,2026-02-22,2026-02-22,23
ORD_00362,WH_D,2026-03-02,2026-03-04,2026-03-04,11
ORD_01222,WH_B,2026-02-17,2026-02-22,2026-02-21,3
ORD_01570,WH_D,2026-01-29,2026-01-30,2026-01-29,40
ORD_02908,WH_C,2026-03-04,2026-03-08,2026-03-08,10
ORD_02347,WH_E,2026-02-28,2026-03-02,2026-03-02,77
ORD_02372,WH_E,2026-01-08,2026-01-09,2026-01-10,24
ORD_02051,WH_D,2026-03-27,2026-03-31,2026-03-31,50
ORD_01767,WH_E,2026-02-23,2026-02-26,2026-02-26,67
ORD_01875,WH_E,2026-01-18,2026-01-20,2026-01-24,30
ORD_01341,WH_C,2026-01-07,2026-01-10,2026-01-12,6
ORD_02644,WH_D,2026-01-06,2026-01-10,2026-01-13,11
ORD_01504,WH_C,2026-01-04,2026-01-05,2026-01-05,12
ORD_00298,WH_C,2026-03-28,2026-03-30,2026-03-30,17
ORD_01208,WH_D,2026-03-19,2026-03-22,2026-03-24,15
ORD_00938,WH_E,2026-03-22,2026-03-25,2026-03-25,29
ORD_00241,WH_E,2026-03-29,2026-04-02,2026-04-02,83
ORD_01214,WH_E,2026-03-04,2026-03-05,2026-03-06,42
ORD_00959,WH_B,2026-02-01,2026-02-04,2026-02-06,6
ORD_00583,WH_D,2026-01-13,2026-01-16,2026-01-17,22
ORD_01989,WH_D,2026-03-19,2026-03-22,2026-03-22,25
ORD_01226,WH_D,2026-01-17,2026-01-18,2026-01-18,10
ORD_01358,WH_D,2026-02-16,2026-02-19,2026-02-20,19
ORD_01846,WH_C,2026-02-17,2026-02-21,2026-02-20,13
ORD_02403,WH_D,2026-03-02,2026-03-05,2026-03-04,38
ORD_00351,WH_D,2026-03-06,2026-03-09,2026-03-10,41
ORD_02760,WH_A,2026-02-15,2026-02-17,2026-02-16,7
ORD_01243,WH_E,2026-03-03,2026-03-04,2026-03-04,38
ORD_00350,WH_D,2026-02-16,2026-02-20,2026-02-20,40
ORD_02305,WH_E,2026-01-28,2026-01-30,2026-01-30,97
ORD_01761,WH_D,2026-02-26,2026-02-28,2026-03-02,43
ORD_00644,WH_C,2026-01-11,2026-01-13,2026-01-16,10
ORD_01072,WH_C,2026-01-04,2026-01-07,2026-01-07,24
ORD_00945,WH_C,2026-02-22,2026-02-25,2026-02-28,15
ORD_01794,WH_E,2026-02-07,2026-02-10,2026-02-09,51
ORD_00658,WH_C,2026-02-28,2026-03-03,2026-03-03,5
ORD_02368,WH_D,2026-01-27,2026-01-29,2026-01-29,29
ORD_01191,WH_A,2026-02-18,2026-02-19,2026-02-19,7
ORD_01806,WH_E,2026-01-07,2026-01-10,2026-01-10,91
ORD_02562,WH_E,2026-03-15,2026-03-17,2026-03-17,85
ORD_00648,WH_E,2026-02-24,2026-02-27,2026-02-27,30
ORD_01054,WH_E,2026-01-05,2026-01-09,2026-01-09,32
ORD_02187,WH_E,2026-03-04,2026-03-08,2026-03-12,83
ORD_01728,WH_E,2026-02-11,2026-02-13,2026-02-16,46
ORD_01094,WH_D,2026-01-21,2026-01-24,2026-01-27,13
ORD_00539,WH_D,2026-03-25,2026-03-27,2026-03-27,28
ORD_01069,WH_C,2026-03-25,2026-03-28,2026-03-30,8
ORD_01780,WH_E,2026-03-19,2026-03-22,2026-03-21,75
ORD_02388,WH_D,2026-03-12,2026-03-15,2026-03-18,50
ORD_01559,WH_E,2026-03-07,2026-03-10,2026-03-09,98
ORD_01510,WH_E,2026-02-12,2026-02-14,2026-02-18,89
ORD_01129,WH_C,2026-01-11,2026-01-14,2026-01-14,25
ORD_00802,WH_B,2026-03-06,2026-03-10,2026-03-10,10
ORD_00787,WH_D,2026-01-02,2026-01-04,2026-01-04,23
ORD_02709,WH_A,2026-01-29,2026-02-01,2026-01-31,4
ORD_00141,WH_E,2026-01-10,2026-01-12,2026-01-14,74
ORD_00789,WH_D,2026-01-11,2026-01-14,2026-01-16,16
ORD_02537,WH_E,2026-02-25,2026-02-28,2026-03-02,35
ORD_01114,WH_D,2026-03-05,2026-03-09,2026-03-08,24
ORD_02044,WH_B,2026-01-14,2026-01-16,2026-01-16,5
ORD_00715,WH_C,2026-01-16,2026-01-21,2026-01-20,12
ORD_00804,WH_D,2026-02-24,2026-03-01,2026-03-05,20
ORD_02647,WH_E,2026-03-31,2026-04-03,2026-04-03,78
ORD_01666,WH_E,2026-03-31,2026-04-04,2026-04-03,63
ORD_00124,WH_B,2026-01-22,2026-01-24,2026-01-24,2
ORD_02981,WH_D,2026-02-02,2026-02-04,2026-02-05,45
ORD_01851,WH_C,2026-01-04,2026-01-07,2026-01-09,19
ORD_01458,WH_E,2026-02-03,2026-02-05,2026-02-05,49
ORD_01095,WH_C,2026-03-29,2026-03-31,2026-03-31,25
ORD_00619,WH_E,2026-01-25,2026-01-28,2026-01-28,25
ORD_00407,WH_C,2026-01-15,2026-01-17,2026-01-17,22
ORD_01180,WH_D,2026-01-15,2026-01-16,2026-01-16,42
ORD_02119,WH_B,2026-03-31,2026-04-03,2026-04-03,9
ORD_01090,WH_C,2026-02-21,2026-02-26,2026-02-26,11
ORD_02443,WH_E,2026-01-01,2026-01-04,2026-01-04,64
ORD_02211,WH_E,2026-01-09,2026-01-13,2026-01-13,55
ORD_00498,WH_A,2026-02-09,2026-02-13,2026-02-13,7
ORD_00343,WH_B,2026-02-16,2026-02-18,2026-02-18,6
ORD_01867,WH_A,2026-03-31,2026-04-02,2026-04-01,1
ORD_02865,WH_D,2026-01-03,2026-01-04,2026-01-07,24
ORD_00783,WH_C,2026-02-07,2026-02-11,2026-02-11,16
ORD_02963,WH_C,2026-03-17,2026-03-21,2026-03-25,8
ORD_00304,WH_D,2026-01-30,2026-02-01,2026-02-04,22
ORD_02972,WH_B,2026-01-25,2026-01-28,2026-01-28,5
ORD_00665,WH_B,2026-03-05,2026-03-09,2026-03-08,2
ORD_01964,WH_C,2026-03-18,2026-03-23,2026-03-23,12
ORD_02831,WH_D,2026-03-19,2026-03-20,2026-03-20,41
ORD_02175,WH_C,2026-03-11,2026-03-14,2026-03-14,14
ORD_01484,WH_A,2026-02-15,2026-02-18,2026-02-17,7
ORD_00085,WH_C,2026-02-07,2026-02-12,2026-02-12,9
ORD_02226,WH_D,2026-01-23,2026-01-28,2026-01-28,23
ORD_00942,WH_D,2026-03-14,2026-03-17,2026-03-17,31
ORD_00962,WH_D,2026-03-19,2026-03-21,2026-03-20,45
ORD_00842,WH_E,2026-01-16,2026-01-21,2026-01-21,76
ORD_01413,WH_C,2026-01-29,2026-02-01,2026-02-03,25
ORD_02391,WH_C,2026-01-25,2026-01-28,2026-01-31,23
ORD_01178,WH_B,2026-03-13,2026-03-15,2026-03-15,4
ORD_02729,WH_C,2026-03-20,2026-03-24,2026-03-24,18
ORD_00291,WH_A,2026-01-06,2026-01-10,2026-01-10,3
ORD_01819,WH_D,2026-01-04,2026-01-06,2026-01-07,26
ORD_02702,WH_E,2026-02-09,2026-02-12,2026-02-12,89
ORD_00605,WH_B,2026-03-10,2026-03-12,2026-03-12,11
ORD_02054,WH_E,2026-01-19,2026-01-22,2026-01-22,66
ORD_00917,WH_C,2026-01-08,2026-01-09,2026-01-09,17
ORD_01261,WH_C,2026-02-26,2026-03-03,2026-03-03,8
ORD_01661,WH_D,2026-02-23,2026-02-25,2026-02-25,11
ORD_02111,WH_B,2026-02-19,2026-02-22,2026-02-22,12
ORD_01777,WH_E,2026-03-24,2026-03-29,2026-03-29,35
ORD_00822,WH_A,2026-03-22,2026-03-25,2026-03-25,5
ORD_02482,WH_E,2026-01-18,2026-01-23,2026-01-23,57
ORD_01001,WH_B,2026-01-28,2026-01-31,2026-01-31,2
ORD_02576,WH_D,2026-03-19,2026-03-22,2026-03-22,22
ORD_00019,WH_D,2026-01-17,2026-01-19,2026-01-23,44
ORD_01805,WH_C,2026-02-26,2026-03-01,2026-03-01,13
ORD_01231,WH_E,2026-02-05,2026-02-08,2026-02-08,29
ORD_01916,WH_E,2026-03-26,2026-03-29,2026-03-29,48
ORD_01270,WH_C,2026-02-14,2026-02-15,2026-02-15,7
ORD_01563,WH_E,2026-01-24,2026-01-28,2026-01-30,36
ORD_01452,WH_D,2026-03-16,2026-03-19,2026-03-21,39
ORD_02517,WH_A,2026-02-24,2026-02-27,2026-02-27,4
ORD_02670,WH_C,2026-01-02,2026-01-05,2026-01-05,23
ORD_01506,WH_C,2026-01-26,2026-01-29,2026-02-03,12
ORD_02788,WH_B,2026-01-26,2026-01-31,2026-01-31,7
ORD_00361,WH_C,2026-03-05,2026-03-08,2026-03-08,17
ORD_01833,WH_D,2026-02-01,2026-02-04,2026-02-04,50
ORD_01360,WH_D,2026-02-11,2026-02-16,2026-02-19,18
ORD_01271,WH_E,2026-01-23,2026-01-25,2026-01-24,90
ORD_01592,WH_E,2026-03-21,2026-03-22,2026-03-21,71
ORD_00345,WH_C,2026-03-03,2026-03-07,2026-03-09,13
ORD_00987,WH_E,2026-03-13,2026-03-16,2026-03-16,73
ORD_02833,WH_B,2026-03-24,2026-03-27,2026-03-27,11
ORD_01741,WH_E,2026-02-21,2026-02-25,2026-02-25,46
ORD_02350,WH_A,2026-01-05,2026-01-07,2026-01-07,1
ORD_01926,WH_B,2026-02-14,2026-02-18,2026-02-19,2
ORD_01678,WH_D,2026-03-25,2026-03-30,2026-03-30,12
ORD_01603,WH_C,2026-01-23,2026-01-26,2026-01-26,13
ORD_00086,WH_C,2026-01-22,2026-01-23,2026-01-22,16
ORD_02217,WH_E,2026-01-12,2026-01-16,2026-01-16,74
ORD_00669,WH_B,2026-01-15,2026-01-16,2026-01-15,7
ORD_01015,WH_E,2026-02-01,2026-02-05,2026-02-06,68
ORD_00129,WH_A,2026-01-30,2026-02-03,2026-02-03,8
ORD_01912,WH_E,2026-01-06,2026-01-10,2026-01-13,65
ORD_02999,WH_C,2026-02-18,2026-02-20,2026-02-20,17
ORD_00892,WH_E,2026-02-10,2026-02-13,2026-02-13,65
ORD_01848,WH_B,2026-03-31,2026-04-03,2026-04-03,5
ORD_00308,WH_C,2026-01-29,2026-02-02,2026-02-02,22
ORD_00384,WH_E,2026-03-20,2026-03-23,2026-03-26,51
ORD_01862,WH_E,2026-03-12,2026-03-13,2026-03-12,37
ORD_01150,WH_E,2026-01-22,2026-01-27,2026-01-27,84
ORD_00427,WH_D,2026-02-14,2026-02-17,2026-02-17,30
ORD_00495,WH_D,2026-01-08,2026-01-10,2026-01-13,11
ORD_01191,WH_A,2026-02-18,2026-02-19,2026-02-19,7
ORD_02529,WH_A,2026-01-30,2026-02-01,2026-02-01,5
ORD_02210,WH_E,2026-03-04,2026-03-06,2026-03-09,86
ORD_01274,WH_A,2026-02-25,2026-02-28,2026-02-28,1
ORD_02103,WH_B,2026-02-13,2026-02-17,2026-02-17,10
ORD_00276,WH_D,2026-03-29,2026-03-31,2026-03-31,25
ORD_00490,WH_E,2026-03-02,2026-03-05,2026-03-05,89
ORD_02565,WH_D,2026-01-17,2026-01-22,2026-01-22,31
ORD_00691,WH_C,2026-03-31,2026-04-04,2026-04-07,25
ORD_01335,WH_E,2026-03-16,2026-03-18,2026-03-20,54
ORD_02422,WH_A,2026-03-05,2026-03-08,2026-03-08,2
ORD_01212,,2026-01-15,2026-01-19,2026-01-19,20
ORD_02459,WH_D,2026-02-03,2026-02-05,2026-02-05,35
ORD_02092,WH_E,2026-02-12,2026-02-15,2026-02-15,70
ORD_01059,WH_D,2026-01-15,2026-01-18,2026-01-18,31
ORD_00119,WH_E,2026-03-30,2026-04-02,2026-04-03,45
ORD_02026,WH_C,2026-03-10,2026-03-11,2026-03-11,8
ORD_02846,WH_C,2026-01-19,2026-01-23,2026-01-24,18
ORD_00282,WH_C,2026-01-05,2026-01-09,2026-01-11,16
ORD_02738,WH_D,2026-01-26,2026-01-30,2026-01-29,41
ORD_02348,WH_C,2026-03-22,2026-03-27,2026-03-27,17
ORD_02017,WH_C,2026-03-08,2026-03-12,2026-03-11,10
ORD_01673,WH_E,2026-02-22,2026-02-25,2026-02-25,98
ORD_01905,WH_E,2026-03-09,2026-03-13,2026-03-12,83
ORD_02169,WH_E,2026-01-18,2026-01-22,2026-01-23,22
ORD_02024,WH_A,2026-02-14,2026-02-17,2026-02-16,2
ORD_00305,WH_E,2026-02-26,2026-02-28,2026-03-03,43
ORD_01873,WH_D,2026-03-27,2026-03-31,2026-03-30,18
ORD_02887,WH_D,2026-03-08,2026-03-11,2026-03-12,49
ORD_02776,WH_D,2026-01-06,2026-01-09,2026-01-09,30
ORD_02779,WH_D,2026-03-21,2026-03-26,2026-03-25,10
ORD_00576,WH_E,2026-01-31,2026-02-05,2026-02-08,83
ORD_02977,WH_E,2026-03-28,2026-03-31,2026-03-31,78
ORD_02586,WH_D,2026-03-11,2026-03-13,2026-03-15,14
ORD_02638,WH_E,2026-02-12,2026-02-13,2026-02-15,50
ORD_01884,WH_E,2026-01-21,2026-01-24,2026-01-23,79
ORD_02316,WH_B,2026-02-25,2026-02-28,2026-02-28,8
ORD_00844,WH_E,2026-02-08,2026-02-12,2026-02-13,26
ORD_02253,WH_E,2026-03-24,2026-03-27,2026-03-27,90
ORD_00270,WH_C,2026-01-23,2026-01-27,2026-01-27,25
ORD_00630,WH_C,2026-02-28,2026-03-02,2026-03-02,22
ORD_01034,WH_B,2026-01-27,2026-01-31,2026-01-31,10
ORD_00287,WH_D,2026-03-21,2026-03-24,2026-03-23,27
ORD_02224,WH_C,2026-02-25,2026-02-26,2026-02-25,10
ORD_00301,WH_A,2026-03-28,2026-03-30,2026-03-30,7
ORD_01615,WH_C,2026-03-28,2026-03-29,2026-03-28,20
ORD_01840,WH_C,2026-02-28,2026-03-05,2026-03-04,14
ORD_00066,WH_D,2026-03-03,2026-03-06,2026-03-08,28
ORD_02233,WH_E,2026-03-31,2026-04-04,2026-04-05,39
ORD_00891,,2026-03-30,2026-04-03,2026-04-03,47
ORD_02782,WH_E,2026-02-12,2026-02-16,2026-02-16,32
ORD_02665,WH_D,2026-01-28,2026-02-02,2026-02-03,27
ORD_01242,WH_E,2026-01-16,2026-01-18,2026-01-18,52
ORD_00231,WH_E,2026-01-22,2026-01-25,2026-01-25,41
ORD_00504,WH_E,2026-01-11,2026-01-14,2026-01-14,71
ORD_01232,WH_C,2026-01-13,2026-01-15,2026-01-15,15
ORD_01374,WH_D,2026-02-15,2026-02-18,2026-02-17,42
ORD_01469,WH_E,2026-03-02,2026-03-05,2026-03-05,78
ORD_01489,WH_C,2026-01-11,2026-01-15,2026-01-15,13
ORD_01005,WH_E,2026-03-09,2026-03-11,2026-03-11,100
ORD_00837,WH_E,2026-03-24,2026-03-26,2026-03-25,51
ORD_01567,WH_E,2026-02-26,2026-03-01,2026-03-01,29
ORD_00375,WH_A,2026-02-27,2026-03-04,2026-03-04,1
ORD_01273,WH_E,2026-01-06,2026-01-09,2026-01-10,21
ORD_02307,WH_B,2026-03-16,2026-03-20,2026-03-20,9
ORD_01815,WH_B,2026-01-17,2026-01-21,2026-01-21,11
ORD_01832,WH_D,2026-01-27,2026-01-30,2026-01-30,22
ORD_02084,WH_E,2026-01-26,2026-01-30,2026-02-01,67
ORD_00752,WH_E,2026-02-19,2026-02-22,2026-02-22,47
ORD_00100,WH_B,2026-02-22,2026-02-26,2026-03-02,8
ORD_01798,WH_A,2026-01-07,2026-01-09,2026-01-09,1
ORD_00867,WH_B,2026-02-22,2026-02-24,2026-02-24,9
ORD_00911,WH_D,2026-01-24,2026-01-26,2026-01-27,31
ORD_01344,WH_E,2026-03-05,2026-03-06,2026-03-06,25
ORD_00530,WH_E,2026-03-15,2026-03-18,2026-03-21,20
ORD_00637,WH_D,2026-02-11,2026-02-12,2026-02-11,31
ORD_00186,WH_E,2026-03-03,2026-03-04,2026-03-05,58
ORD_02472,WH_E,2026-03-22,2026-03-25,2026-03-25,47
ORD_01428,WH_E,2026-03-28,2026-03-31,2026-04-02,55
ORD_00932,WH_E,2026-03-23,2026-03-24,2026-03-24,84
ORD_02896,WH_E,2026-01-04,2026-01-07,2026-01-06,54
ORD_02308,WH_D,2026-02-07,2026-02-09,2026-02-09,47
ORD_01420,WH_E,2026-01-22,2026-01-25,2026-01-25,64
ORD_02414,WH_A,2026-03-26,2026-03-31,2026-03-31,3
ORD_02030,WH_E,2026-03-23,2026-03-27,2026-03-27,56
ORD_00608,WH_C,2026-03-24,2026-03-25,2026-03-24,25
ORD_02449,WH_A,2026-02-12,2026-02-14,2026-02-14,5
ORD_00152,WH_C,2026-01-27,2026-01-29,2026-01-29,15
ORD_02195,WH_B,2026-01-15,2026-01-18,2026-01-18,12
ORD_02155,WH_B,2026-01-16,2026-01-18,2026-01-19,2
ORD_00732,WH_E,2026-02-06,2026-02-08,2026-02-08,82
ORD_01361,WH_E,2026-03-17,2026-03-21,2026-03-21,96
ORD_02004,WH_C,2026-01-18,2026-01-21,2026-01-20,12
ORD_02744,WH_B,2026-03-07,2026-03-11,2026-03-11,3
ORD_00024,WH_C,2026-03-19,2026-03-24,2026-03-24,12
ORD_01689,WH_D,2026-03-25,2026-03-27,2026-03-27,24
ORD_00159,WH_C,2026-01-15,2026-01-19,2026-01-19,18
ORD_00862,WH_D,2026-03-18,2026-03-20,2026-03-20,49
ORD_00903,WH_B,2026-03-18,2026-03-21,2026-03-21,2
ORD_02299,WH_B,2026-02-24,2026-02-26,2026-02-26,2
ORD_02564,WH_A,2026-02-12,2026-02-17,2026-02-17,7
ORD_00445,WH_E,2026-01-04,2026-01-09,2026-01-09,44
ORD_02953,WH_E,2026-03-11,2026-03-14,2026-03-14,83
ORD_00755,WH_B,2026-02-01,2026-02-05,2026-02-05,11
ORD_00924,WH_E,2026-03-30,2026-04-02,2026-04-02,87
ORD_02986,WH_E,2026-02-02,2026-02-04,2026-02-04,87
ORD_02115,WH_E,2026-01-09,2026-01-14,2026-01-15,58
ORD_00312,WH_A,2026-02-01,2026-02-02,2026-02-02,6
ORD_00549,WH_D,2026-01-21,2026-01-24,2026-01-24,11
ORD_02542,WH_E,2026-02-26,2026-02-27,2026-02-26,61
ORD_01481,WH_E,2026-01-17,2026-01-20,2026-01-21,83
ORD_00307,WH_D,2026-03-14,2026-03-16,2026-03-19,40
ORD_00288,WH_D,2026-03-26,2026-03-28,2026-03-28,39
ORD_00695,WH_B,2026-02-06,2026-02-08,2026-02-08,8
ORD_00309,WH_E,2026-02-06,2026-02-07,2026-02-07,20
ORD_02333,WH_D,2026-01-07,2026-01-10,2026-01-10,36
ORD_00750,WH_D,2026-02-03,2026-02-06,2026-02-06,27
ORD_01698,WH_B,2026-01-13,2026-01-18,2026-01-18,5
ORD_01262,WH_E,2026-03-21,2026-03-24,2026-03-27,40
ORD_00909,WH_C,2026-03-18,2026-03-21,2026-03-21,5
ORD_02122,WH_D,2026-03-18,2026-03-19,2026-03-19,26
ORD_02393,WH_D,2026-01-14,2026-01-19,2026-01-19,48
ORD_01883,WH_D,2026-01-09,2026-01-11,2026-01-14,18
ORD_02507,WH_E,2026-03-13,2026-03-16,2026-03-16,35
ORD_00971,WH_E,2026-03-03,2026-03-05,2026-03-06,96
ORD_00014,WH_C,2026-02-22,2026-02-24,2026-02-26,15
ORD_00874,WH_D,2026-03-13,2026-03-16,2026-03-16,46
ORD_00809,WH_D,2026-01-13,2026-01-16,2026-01-16,20
ORD_02592,WH_E,2026-02-27,2026-02-28,2026-02-27,68
ORD_00515,WH_A,2026-03-03,2026-03-07,2026-03-07,8
ORD_02426,WH_E,2026-03-14,2026-03-17,2026-03-18,67
ORD_00410,WH_B,2026-02-22,2026-02-25,2026-02-25,10
ORD_01757,WH_E,2026-03-21,2026-03-25,2026-03-27,69
ORD_02272,WH_C,2026-03-24,2026-03-27,2026-03-29,12
ORD_02303,WH_D,2026-03-16,2026-03-19,2026-03-22,42
ORD_01408,WH_E,2026-01-21,2026-01-25,2026-01-26,33
ORD_01365,WH_E,2026-01-02,2026-01-05,2026-01-05,87
ORD_01443,WH_E,2026-01-20,2026-01-23,2026-01-23,100
ORD_00383,WH_D,2026-01-03,2026-01-06,2026-01-11,29
ORD_02853,WH_B,2026-02-28,2026-03-02,2026-03-02,5
ORD_02743,WH_B,2026-01-03,2026-01-05,2026-01-06,7
ORD_02549,WH_D,2026-02-06,2026-02-10,2026-02-10,16
ORD_01378,WH_D,2026-02-12,2026-02-15,2026-02-15,43
ORD_00553,WH_D,2026-03-01,2026-03-03,2026-03-03,12
ORD_00223,WH_B,2026-02-27,2026-03-01,2026-03-01,12
ORD_01097,WH_C,2026-03-11,2026-03-16,2026-03-16,20
ORD_02612,WH_A,2026-03-10,2026-03-13,2026-03-12,3
ORD_00009,WH_D,2026-02-20,2026-02-22,2026-02-26,26
ORD_01863,WH_B,2026-01-01,2026-01-04,2026-01-04,2
ORD_00317,WH_D,2026-03-26,2026-03-29,2026-03-29,47
ORD_00428,WH_E,2026-03-23,2026-03-26,2026-03-26,80
ORD_02892,WH_E,2026-02-11,2026-02-13,2026-02-15,50
ORD_00106,WH_C,2026-01-27,2026-01-30,2026-01-30,14
ORD_01407,WH_E,2026-03-18,2026-03-21,2026-03-21,66
ORD_00143,WH_D,2026-03-14,2026-03-18,2026-03-23,37
ORD_00122,WH_E,2026-03-20,2026-03-24,2026-03-24,62
ORD_02384,WH_D,2026-03-03,2026-03-05,2026-03-05,25
ORD_02975,WH_C,2026-02-26,2026-03-02,2026-03-02,13
ORD_01190,WH_E,2026-02-27,2026-03-02,2026-03-02,43
ORD_01930,WH_A,2026-03-28,2026-04-01,2026-04-01,3
ORD_02664,WH_E,2026-01-27,2026-01-29,2026-01-29,25
ORD_02481,WH_C,2026-03-12,2026-03-15,2026-03-15,10
ORD_00116,WH_E,2026-03-06,2026-03-11,2026-03-11,78
ORD_02033,WH_D,2026-02-14,2026-02-17,2026-02-18,20
ORD_01289,WH_A,2026-02-12,2026-02-15,2026-02-14,1
ORD_02156,WH_C,2026-01-19,2026-01-23,2026-01-23,6
ORD_02812,WH_D,2026-02-09,2026-02-12,2026-02-13,20
ORD_02964,WH_E,2026-02-17,2026-02-18,2026-02-20,87
ORD_01624,WH_E,2026-02-10,2026-02-13,2026-02-13,43
ORD_02625,WH_C,2026-03-08,2026-03-10,2026-03-11,14
ORD_00673,WH_B,2026-02-16,2026-02-20,2026-02-20,3
ORD_01456,WH_E,2026-03-09,2026-03-11,2026-03-14,76
ORD_01658,WH_C,2026-03-28,2026-03-31,2026-03-31,11
ORD_00592,WH_D,2026-02-04,2026-02-09,2026-02-09,25
ORD_01426,WH_E,2026-02-14,2026-02-19,2026-02-19,44
ORD_00889,WH_B,2026-03-03,2026-03-05,2026-03-05,11
ORD_01808,WH_B,2026-02-21,2026-02-24,2026-02-26,5
ORD_01537,WH_B,2026-01-22,2026-01-24,2026-01-24,3
ORD_01881,WH_E,2026-01-27,2026-01-31,2026-01-31,66
ORD_00214,WH_C,2026-02-23,2026-02-27,2026-02-27,24
ORD_02038,WH_B,2026-02-24,2026-02-28,2026-03-01,5
ORD_02800,WH_B,2026-02-18,2026-02-19,2026-02-18,10
ORD_00801,WH_E,2026-01-17,2026-01-20,2026-01-20,84
ORD_02493,WH_E,2026-03-31,2026-04-04,2026-04-05,85
ORD_02311,WH_D,2026-02-20,2026-02-23,2026-02-23,45
ORD_02296,WH_A,2026-01-06,2026-01-09,2026-01-09,7
ORD_02677,WH_C,2026-03-01,2026-03-04,2026-03-04,12
ORD_02726,WH_C,2026-02-16,2026-02-19,2026-02-21,14
ORD_00274,WH_E,2026-03-04,2026-03-06,2026-03-05,21
ORD_00072,WH_B,2026-02-10,2026-02-13,2026-02-12,6
ORD_01818,WH_E,2026-03-31,2026-04-03,2026-04-04,84
ORD_01088,WH_B,2026-02-07,2026-02-12,2026-02-12,7
ORD_00395,WH_C,2026-03-27,2026-03-29,2026-03-29,8
ORD_00584,WH_C,2026-02-04,2026-02-07,2026-02-07,9
ORD_02343,WH_B,2026-02-02,2026-02-05,2026-02-05,12
ORD_02011,WH_A,2026-01-27,2026-01-29,2026-01-29,7
ORD_00501,WH_E,2026-03-17,2026-03-20,2026-03-20,100
ORD_02045,WH_E,2026-02-14,2026-02-18,2026-02-17,63
ORD_02924,WH_B,2026-03-26,2026-03-30,2026-03-29,12
ORD_02995,WH_B,2026-02-22,2026-02-27,2026-02-28,3
ORD_02755,WH_E,2026-02-24,2026-02-27,2026-02-27,46
ORD_01495,WH_D,2026-01-12,2026-01-15,2026-01-14,29
ORD_01260,WH_D,2026-03-12,2026-03-13,2026-03-13,15
ORD_02761,WH_B,2026-02-15,2026-02-18,2026-02-18,11
ORD_01770,WH_C,2026-01-23,2026-01-27,2026-01-27,21
ORD_00206,WH_A,2026-02-20,2026-02-21,2026-02-24,7
ORD_00734,WH_D,2026-02-26,2026-02-27,2026-02-27,35
ORD_01544,WH_C,2026-02-01,2026-02-04,2026-02-03,19
ORD_00527,WH_D,2026-01-27,2026-02-01,2026-02-01,27
ORD_01399,WH_D,2026-02-06,2026-02-08,2026-02-08,35
ORD_00899,WH_A,2026-02-14,2026-02-17,2026-02-17,2
ORD_00378,WH_A,2026-03-06,2026-03-08,2026-03-08,1
ORD_02952,WH_E,2026-01-21,2026-01-23,2026-01-22,47
ORD_02697,WH_E,2026-01-09,2026-01-14,2026-01-14,44
ORD_01468,WH_D,2026-03-26,2026-03-27,2026-03-26,38
ORD_00387,WH_C,2026-01-26,2026-01-29,2026-01-29,11
ORD_00199,WH_E,2026-03-04,2026-03-07,2026-03-12,38
ORD_01051,WH_E,2026-03-24,2026-03-27,2026-03-27,93
ORD_00591,WH_B,2026-02-17,2026-02-22,2026-02-22,3
ORD_00520,WH_B,2026-03-08,2026-03-11,2026-03-11,6
ORD_02244,WH_E,2026-01-13,2026-01-15,2026-01-19,67
ORD_00430,WH_B,2026-03-18,2026-03-21,2026-03-21,4
ORD_01084,WH_E,2026-02-18,2026-02-23,2026-02-24,80
ORD_00208,WH_E,2026-03-14,2026-03-18,2026-03-18,44
ORD_00492,WH_D,2026-01-11,2026-01-12,2026-01-11,43
ORD_01357,WH_E,2026-02-26,2026-03-02,2026-03-04,93
ORD_02927,WH_E,2026-02-19,2026-02-23,2026-02-23,53
ORD_00793,WH_D,2026-03-05,2026-03-09,2026-03-09,17
ORD_02506,WH_B,2026-02-07,2026-02-08,2026-02-08,12
ORD_01187,WH_E,2026-01-06,2026-01-08,2026-01-11,93
ORD_01186,WH_E,2026-03-01,2026-03-04,2026-03-09,95
ORD_01789,WH_A,2026-03-30,2026-04-03,2026-04-03,3
ORD_02848,WH_C,2026-03-25,2026-03-29,2026-03-29,7
ORD_02245,WH_E,2026-03-11,2026-03-16,2026-03-15,90
ORD_00084,WH_A,2026-03-15,2026-03-20,2026-03-19,8
ORD_02382,WH_E,2026-01-01,2026-01-05,2026-01-05,27
ORD_02239,WH_A,2026-01-20,2026-01-23,2026-01-22,7
ORD_00021,WH_D,2026-01-05,2026-01-08,2026-01-08,45
ORD_02546,WH_D,2026-02-21,2026-02-25,2026-02-25,12
ORD_02950,WH_E,2026-01-10,2026-01-12,2026-01-11,76
ORD_02746,WH_E,2026-01-19,2026-01-21,2026-01-20,37
ORD_02708,WH_C,2026-02-24,2026-02-27,2026-02-26,12
ORD_01968,WH_C,2026-03-19,2026-03-24,2026-03-24,22
ORD_00974,WH_C,2026-01-17,2026-01-19,2026-01-19,15
ORD_02804,WH_E,2026-02-02,2026-02-05,2026-02-04,28
ORD_00884,WH_B,2026-03-17,2026-03-21,2026-03-21,3
ORD_01099,WH_E,2026-03-28,2026-03-30,2026-04-03,48
ORD_00157,WH_E,2026-01-25,2026-01-28,2026-01-28,74
ORD_02289,WH_D,2026-02-03,2026-02-04,2026-02-04,34
ORD_00887,WH_E,2026-01-31,2026-02-02,2026-02-07,33
ORD_01764,WH_D,2026-02-18,2026-02-20,2026-02-19,13
ORD_01619,WH_D,2026-02-15,2026-02-18,2026-02-18,13
ORD_02491,WH_C,2026-01-29,2026-01-31,2026-01-31,22
ORD_02911,WH_C,2026-03-14,2026-03-16,2026-03-19,9
ORD_02548,WH_D,2026-03-11,2026-03-13,2026-03-13,46
ORD_02025,WH_D,2026-01-13,2026-01-17,2026-01-17,37
ORD_01498,WH_D,2026-03-06,2026-03-10,2026-03-10,25
ORD_02663,WH_C,2026-03-03,2026-03-07,2026-03-11,22
ORD_00459,WH_A,2026-01-08,2026-01-10,2026-01-09,3
ORD_01923,WH_D,2026-02-18,2026-02-20,2026-02-22,22
ORD_00079,WH_C,2026-03-30,2026-03-31,2026-03-31,5
ORD_02929,WH_E,2026-01-20,2026-01-24,2026-01-23,56
ORD_01057,WH_E,2026-01-27,2026-01-30,2026-01-30,31
ORD_00907,WH_E,2026-01-01,2026-01-05,2026-01-06,54
ORD_01591,WH_E,2026-03-19,2026-03-21,2026-03-21,48
ORD_02227,WH_C,2026-02-09,2026-02-13,2026-02-17,15
ORD_02711,WH_E,2026-03-15,2026-03-18,2026-03-21,73
ORD_00381,WH_B,2026-02-12,2026-02-15,2026-02-15,4
ORD_00948,WH_E,2026-01-30,2026-02-03,2026-02-05,53
ORD_01740,WH_D,2026-02-28,2026-03-03,2026-03-03,47
ORD_02191,WH_C,2026-01-26,2026-01-30,2026-01-30,18
ORD_00716,WH_E,2026-02-15,2026-02-18,2026-02-18,40
ORD_02291,WH_D,2026-01-25,2026-01-27,2026-01-27,36
ORD_00687,WH_D,2026-02-07,2026-02-10,2026-02-10,17
ORD_02579,WH_C,2026-03-12,2026-03-15,2026-03-17,12
ORD_01294,WH_E,2026-03-22,2026-03-25,2026-03-25,47
ORD_00306,WH_E,2026-03-27,2026-03-31,2026-04-01,73
ORD_00210,WH_B,2026-03-30,2026-04-02,2026-04-02,9
ORD_01511,WH_E,2026-03-16,2026-03-18,2026-03-18,35
ORD_02234,WH_E,2026-02-20,2026-02-22,2026-02-22,73
ORD_02991,WH_B,2026-03-29,2026-03-31,2026-04-02,6
ORD_01565,WH_E,2026-01-02,2026-01-06,2026-01-06,74
ORD_00886,WH_B,2026-02-28,2026-03-03,2026-03-02,8
ORD_01660,WH_D,2026-02-08,2026-02-10,2026-02-09,28
ORD_00918,WH_E,2026-02-28,2026-03-03,2026-03-04,79
ORD_02604,WH_C,2026-02-13,2026-02-15,2026-02-15,18
ORD_02504,WH_E,2026-03-29,2026-04-02,2026-04-07,21
ORD_00192,WH_E,2026-02-17,2026-02-20,2026-02-19,92
ORD_02223,WH_B,2026-01-02,2026-01-04,2026-01-04,5
ORD_02052,WH_D,2026-01-23,2026-01-24,2026-01-25,27
ORD_01266,WH_A,2026-03-10,2026-03-13,2026-03-13,8
ORD_00484,WH_D,2026-02-05,2026-02-07,2026-02-07,31
ORD_00916,WH_D,2026-03-13,2026-03-17,2026-03-19,18
ORD_02961,WH_B,2026-02-25,2026-02-27,2026-02-27,11
ORD_00278,WH_D,2026-02-24,2026-02-28,2026-03-02,17
ORD_00989,WH_C,2026-01-11,2026-01-15,2026-01-19,9
ORD_02956,WH_E,2026-02-08,2026-02-10,2026-02-14,45
ORD_01925,WH_E,2026-02-27,2026-03-02,2026-03-03,38
ORD_02219,WH_E,2026-03-15,2026-03-17,2026-03-17,81
ORD_00572,WH_E,2026-01-20,2026-01-23,2026-01-27,26
ORD_00994,WH_D,2026-03-04,2026-03-06,2026-03-05,30
ORD_01427,WH_A,2026-01-19,2026-01-23,2026-01-22,6
ORD_01424,WH_B,2026-02-23,2026-02-25,2026-02-25,5
ORD_00586,WH_C,2026-02-28,2026-03-03,2026-03-02,13
ORD_01599,WH_B,2026-01-20,2026-01-22,2026-01-23,10
ORD_00409,WH_E,2026-01-11,2026-01-14,2026-01-14,58
ORD_01350,WH_A,2026-03-16,2026-03-19,2026-03-23,4
ORD_01008,WH_E,2026-02-18,2026-02-21,2026-02-21,41
ORD_00675,WH_D,2026-02-15,2026-02-16,2026-02-16,36
ORD_01721,WH_B,2026-02-20,2026-02-22,2026-02-21,5
ORD_00856,WH_B,2026-01-14,2026-01-15,2026-01-15,5
ORD_00448,WH_E,2026-01-30,2026-02-02,2026-02-02,32
ORD_02737,WH_E,2026-01-26,2026-01-28,2026-01-28,27
ORD_01695,WH_C,2026-02-14,2026-02-17,2026-02-17,9
ORD_02849,WH_D,2026-01-27,2026-02-01,2026-02-01,11
ORD_02271,WH_B,2026-01-30,2026-02-02,2026-02-02,4
ORD_02690,WH_D,2026-02-09,2026-02-11,2026-02-16,44
ORD_02398,WH_A,2026-03-19,2026-03-21,2026-03-21,5
ORD_01744,WH_A,2026-01-11,2026-01-14,2026-01-13,2
ORD_02686,WH_A,2026-02-07,2026-02-09,2026-02-09,3
ORD_01248,WH_A,2026-03-07,2026-03-12,2026-03-12,1
ORD_00295,WH_B,2026-02-10,2026-02-13,2026-02-12,5
ORD_00589,WH_B,2026-03-16,2026-03-18,2026-03-19,8
ORD_01282,WH_E,2026-03-14,2026-03-17,2026-03-17,37
ORD_01447,WH_E,2026-02-19,2026-02-21,2026-02-23,37
ORD_02409,WH_E,2026-01-17,2026-01-21,2026-01-26,24
ORD_01451,WH_D,2026-03-28,2026-04-01,2026-04-04,30
ORD_02500,WH_D,2026-02-25,2026-03-01,2026-03-01,43
ORD_01418,WH_B,2026-02-05,2026-02-09,2026-02-14,3
ORD_00426,WH_D,2026-02-18,2026-02-20,2026-02-20,35
ORD_00535,WH_E,2026-01-23,2026-01-25,2026-01-25,81
ORD_01055,WH_E,2026-03-08,2026-03-12,2026-03-12,43
ORD_02783,WH_E,2026-01-26,2026-01-28,2026-01-31,92
ORD_02518,WH_D,2026-03-01,2026-03-03,2026-03-05,31
ORD_01607,WH_A,2026-03-09,2026-03-11,2026-03-11,5
ORD_00133,WH_B,2026-02-14,2026-02-17,2026-02-17,7
ORD_02506,WH_B,2026-02-07,2026-02-08,2026-02-08,12
ORD_02593,WH_D,2026-03-11,2026-03-12,2026-03-12,43
ORD_00422,WH_E,2026-02-26,2026-02-28,2026-02-27,92
ORD_02673,WH_E,2026-01-13,2026-01-15,2026-01-15,22
ORD_02496,WH_D,2026-02-16,2026-02-20,2026-02-23,37
ORD_01601,,2026-02-07,2026-02-09,2026-02-09,2
ORD_01369,WH_B,2026-01-27,2026-01-30,2026-01-29,11
ORD_00557,WH_B,2026-01-06,2026-01-07,2026-01-07,7
ORD_02983,WH_E,2026-01-02,2026-01-04,2026-01-06,24
ORD_01512,WH_E,2026-03-08,2026-03-11,2026-03-11,88
ORD_02852,WH_C,2026-01-07,2026-01-10,2026-01-10,11
ORD_00571,WH_D,2026-01-27,2026-01-29,2026-01-30,30
ORD_00353,WH_E,2026-02-19,2026-02-21,2026-02-22,56
ORD_00092,WH_E,2026-01-20,2026-01-25,2026-01-25,92
ORD_02135,WH_E,2026-02-07,2026-02-10,2026-02-12,78
ORD_02547,WH_A,2026-03-26,2026-03-28,2026-03-28,1
ORD_01171,WH_D,2026-02-07,2026-02-10,2026-02-12,46
ORD_01724,WH_B,2026-02-24,2026-02-26,2026-02-26,10
ORD_01286,WH_D,2026-03-04,2026-03-07,2026-03-07,42
ORD_01730,WH_D,2026-01-11,2026-01-13,2026-01-13,12
ORD_01972,WH_E,2026-03-12,2026-03-14,2026-03-13,52
ORD_02902,WH_E,2026-03-22,2026-03-25,2026-03-25,25
ORD_01503,WH_A,2026-01-24,2026-01-27,2026-01-26,3
ORD_00698,WH_D,2026-02-05,2026-02-08,2026-02-07,30
ORD_02520,WH_E,2026-01-30,2026-02-01,2026-02-01,51
ORD_00349,WH_C,2026-02-09,2026-02-13,2026-02-15,7
ORD_01588,WH_D,2026-02-14,2026-02-17,2026-02-16,19
ORD_02359,WH_D,2026-01-17,2026-01-21,2026-01-20,33
ORD_02444,WH_E,2026-03-29,2026-04-02,2026-04-02,70
ORD_02290,WH_B,2026-02-05,2026-02-08,2026-02-08,7
ORD_01138,WH_D,2026-02-23,2026-02-25,2026-02-24,21
ORD_01826,WH_D,2026-01-08,2026-01-11,2026-01-11,19
ORD_01477,WH_E,2026-01-02,2026-01-04,2026-01-04,30
ORD_02851,WH_E,2026-02-17,2026-02-21,2026-02-23,41
ORD_02835,WH_C,2026-02-13,2026-02-15,2026-02-18,20
ORD_01340,WH_A,2026-02-14,2026-02-16,2026-02-16,3
ORD_02503,WH_D,2026-01-20,2026-01-24,2026-01-24,32
ORD_00454,WH_E,2026-03-02,2026-03-06,2026-03-07,99
ORD_00914,WH_D,2026-01-23,2026-01-28,2026-01-28,26
ORD_01200,WH_B,2026-01-06,2026-01-09,2026-01-09,4
ORD_01275,WH_D,2026-01-04,2026-01-08,2026-01-08,10
ORD_01917,WH_E,2026-02-24,2026-02-25,2026-02-27,28
ORD_00038,WH_B,2026-01-13,2026-01-15,2026-01-14,11
ORD_00975,WH_A,2026-02-01,2026-02-03,2026-02-03,7
ORD_02785,WH_E,2026-03-19,2026-03-23,2026-03-23,77
ORD_00984,WH_A,2026-02-06,2026-02-10,2026-02-10,8
ORD_01834,WH_E,2026-03-19,2026-03-20,2026-03-23,31
ORD_01992,WH_B,2026-01-23,2026-01-25,2026-01-25,12
ORD_01419,WH_D,2026-01-02,2026-01-03,2026-01-03,27
ORD_01285,WH_C,2026-01-06,2026-01-08,2026-01-07,17
ORD_00040,WH_D,2026-02-23,2026-02-25,2026-02-25,39
ORD_01487,WH_C,2026-03-29,2026-04-03,2026-04-04,24
ORD_01814,WH_A,2026-01-04,2026-01-08,2026-01-08,5
ORD_00170,WH_D,2026-03-25,2026-03-29,2026-03-29,30
ORD_01356,WH_E,2026-01-06,2026-01-10,2026-01-10,88
ORD_00738,WH_E,2026-02-22,2026-02-24,2026-02-23,63
ORD_01578,WH_D,2026-03-19,2026-03-21,2026-03-21,10
ORD_02714,WH_C,2026-02-11,2026-02-15,2026-02-15,6
ORD_01928,WH_D,2026-02-01,2026-02-06,2026-02-06,10
ORD_00635,WH_B,2026-02-19,2026-02-21,2026-02-21,12
ORD_02662,WH_E,2026-01-15,2026-01-18,2026-01-18,48
ORD_01949,WH_C,2026-03-18,2026-03-21,2026-03-22,7
ORD_01291,WH_C,2026-01-04,2026-01-07,2026-01-07,5
ORD_01381,WH_B,2026-03-22,2026-03-24,2026-03-24,7
ORD_00580,WH_C,2026-02-04,2026-02-08,2026-02-08,5
ORD_00329,WH_D,2026-02-05,2026-02-08,2026-02-09,45
ORD_02091,WH_E,2026-03-28,2026-04-01,2026-04-03,78
ORD_00893,WH_E,2026-01-31,2026-02-04,2026-02-04,47
ORD_01878,WH_D,2026-02-02,2026-02-03,2026-02-03,17
ORD_00781,WH_E,2026-03-23,2026-03-24,2026-03-24,81
ORD_00160,WH_E,2026-01-04,2026-01-07,2026-01-11,78
ORD_01573,WH_E,2026-01-28,2026-02-01,2026-02-01,62
ORD_02447,WH_C,2026-03-23,2026-03-26,2026-03-25,17
ORD_02906,WH_A,2026-02-20,2026-02-23,2026-02-22,3
ORD_00062,WH_C,2026-01-06,2026-01-10,2026-01-10,13
ORD_00850,WH_D,2026-03-22,2026-03-24,2026-03-24,27
ORD_02918,WH_E,2026-03-25,2026-03-26,2026-03-25,21
ORD_02907,WH_E,2026-01-11,2026-01-13,2026-01-13,32
ORD_01692,WH_D,2026-02-08,2026-02-11,2026-02-13,42
ORD_01044,WH_D,2026-03-08,2026-03-12,2026-03-13,23
ORD_02509,WH_E,2026-02-23,2026-02-28,2026-03-02,45
ORD_01966,WH_D,2026-01-09,2026-01-13,2026-01-13,18
ORD_02088,WH_E,2026-01-06,2026-01-08,2026-01-13,100
ORD_01071,WH_C,2026-03-28,2026-04-01,2026-04-01,25
ORD_00054,WH_E,2026-02-26,2026-03-01,2026-03-02,72
ORD_00259,WH_D,2026-03-25,2026-03-29,2026-03-30,48
ORD_00506,WH_B,2026-03-21,2026-03-23,2026-03-23,4
ORD_00753,WH_D,2026-03-29,2026-03-31,2026-04-03,13
ORD_02009,WH_A,2026-02-20,2026-02-21,2026-02-21,7
ORD_00218,WH_E,2026-02-25,2026-02-28,2026-03-01,44
ORD_02511,WH_A,2026-02-16,2026-02-18,2026-02-17,6
ORD_01545,WH_E,2026-03-31,2026-04-03,2026-04-07,24
ORD_00645,WH_B,2026-03-02,2026-03-06,2026-03-06,3
ORD_02286,WH_C,2026-01-07,2026-01-11,2026-01-14,16
ORD_01390,WH_D,2026-02-16,2026-02-19,2026-02-19,34
ORD_02516,WH_E,2026-02-26,2026-03-01,2026-03-01,56
ORD_01267,WH_C,2026-02-08,2026-02-12,2026-02-12,22
ORD_02479,WH_B,2026-03-09,2026-03-13,2026-03-12,3
ORD_01739,WH_C,2026-03-13,2026-03-16,2026-03-16,15
ORD_00772,WH_E,2026-02-08,2026-02-09,2026-02-12,62
ORD_02817,WH_D,2026-03-18,2026-03-21,2026-03-21,11
ORD_01785,WH_E,2026-03-21,2026-03-25,2026-03-27,67
ORD_02700,WH_E,2026-01-17,2026-01-21,2026-01-21,79
ORD_01086,WH_D,2026-03-26,2026-03-29,2026-03-29,22
ORD_01747,WH_A,2026-01-25,2026-01-28,2026-01-28,6
ORD_01560,WH_E,2026-03-06,2026-03-10,2026-03-10,30
ORD_01326,WH_C,2026-01-25,2026-01-28,2026-01-28,19
ORD_02132,WH_A,2026-02-10,2026-02-14,2026-02-14,3
ORD_01583,WH_D,2026-02-27,2026-03-02,2026-03-02,30
ORD_01742,WH_E,2026-02-16,2026-02-19,2026-02-22,26
ORD_02137,WH_A,2026-02-14,2026-02-15,2026-02-15,8
ORD_01910,WH_B,2026-03-07,2026-03-11,2026-03-12,9
ORD_02802,WH_E,2026-03-31,2026-04-03,2026-04-03,61
ORD_01768,WH_D,2026-03-28,2026-03-30,2026-03-30,23
ORD_01743,WH_E,2026-01-07,2026-01-10,2026-01-10,20
ORD_01164,WH_E,2026-03-03,2026-03-06,2026-03-06,73
ORD_00964,WH_C,2026-01-08,2026-01-10,2026-01-10,13
ORD_02917,WH_E,2026-03-26,2026-03-28,2026-03-30,88
ORD_02010,WH_D,2026-02-25,2026-03-01,2026-03-04,30
ORD_00399,WH_E,2026-03-12,2026-03-13,2026-03-13,84
ORD_00585,WH_D,2026-03-16,2026-03-20,2026-03-20,39
ORD_00949,WH_E,2026-02-02,2026-02-04,2026-02-05,79
ORD_00705,WH_A,2026-01-22,2026-01-23,2026-01-23,4
ORD_00432,WH_E,2026-03-20,2026-03-25,2026-03-27,31
ORD_00293,WH_E,2026-02-08,2026-02-11,2026-02-13,38
ORD_00146,WH_A,2026-02-01,2026-02-06,2026-02-10,4
ORD_00324,WH_C,2026-03-22,2026-03-23,2026-03-22,20
ORD_02121,WH_E,2026-02-14,2026-02-17,2026-02-17,57
ORD_01166,WH_E,2026-01-17,2026-01-22,2026-01-23,87
ORD_01453,WH_E,2026-02-06,2026-02-09,2026-02-09,30
ORD_00003,WH_E,2026-01-07,2026-01-10,2026-01-14,47
ORD_00577,WH_B,2026-03-02,2026-03-07,2026-03-06,2
ORD_02313,WH_D,2026-02-17,2026-02-19,2026-02-19,33
ORD_00340,WH_B,2026-01-24,2026-01-28,2026-01-28,6
ORD_01810,WH_B,2026-01-01,2026-01-02,2026-01-06,9
ORD_01613,WH_D,2026-01-16,2026-01-20,2026-01-19,38
ORD_00926,WH_A,2026-01-16,2026-01-18,2026-01-17,3
ORD_00266,WH_E,2026-01-12,2026-01-14,2026-01-14,88
ORD_00377,WH_E,2026-02-22,2026-02-23,2026-02-23,30
ORD_01892,WH_D,2026-02-13,2026-02-16,2026-02-18,24
ORD_01464,WH_E,2026-01-19,2026-01-21,2026-01-21,87
ORD_00272,WH_E,2026-01-21,2026-01-25,2026-01-25,37
ORD_00697,WH_C,2026-03-07,2026-03-08,2026-03-08,17
ORD_02989,WH_E,2026-02-20,2026-02-24,2026-02-24,35
ORD_00245,WH_A,2026-02-24,2026-02-26,2026-02-26,1
ORD_02828,WH_B,2026-01-12,2026-01-15,2026-01-15,7
ORD_00477,WH_A,2026-01-17,2026-01-21,2026-01-21,7
ORD_02858,WH_A,2026-01-03,2026-01-06,2026-01-06,1
ORD_02128,WH_B,2026-02-10,2026-02-13,2026-02-13,12
ORD_01877,WH_D,2026-02-11,2026-02-15,2026-02-15,37
ORD_01704,WH_D,2026-03-27,2026-03-30,2026-03-30,18
ORD_02798,WH_D,2026-01-14,2026-01-16,2026-01-16,19
ORD_02969,WH_E,2026-02-11,2026-02-14,2026-02-16,42
ORD_01954,WH_E,2026-03-25,2026-03-28,2026-03-31,51
ORD_01899,WH_C,2026-02-07,2026-02-09,2026-02-09,9
ORD_00251,WH_C,2026-03-26,2026-03-30,2026-03-31,6
ORD_00414,WH_D,2026-01-18,2026-01-20,2026-01-20,30
ORD_00546,WH_C,2026-03-04,2026-03-07,2026-03-07,13
ORD_01194,WH_D,2026-02-03,2026-02-06,2026-02-06,25
ORD_00739,WH_D,2026-01-12,2026-01-14,2026-01-19,29
ORD_00311,WH_D,2026-01-13,2026-01-17,2026-01-17,12
ORD_01717,WH_A,2026-01-20,2026-01-21,2026-01-21,5
ORD_00894,WH_C,2026-03-26,2026-03-28,2026-03-28,6
ORD_01132,WH_D,2026-03-31,2026-04-02,2026-04-02,33
ORD_01450,WH_E,2026-01-20,2026-01-22,2026-01-23,22
ORD_02922,WH_E,2026-01-14,2026-01-17,2026-01-17,94
ORD_00016,WH_B,2026-01-05,2026-01-08,2026-01-08,3
ORD_01981,WH_B,2026-02-25,2026-03-02,2026-03-02,11
ORD_00722,WH_B,2026-02-25,2026-02-26,2026-02-26,6
ORD_01421,WH_C,2026-01-16,2026-01-20,2026-01-20,23
ORD_02648,WH_D,2026-01-30,2026-02-04,2026-02-03,47
ORD_00982,WH_E,2026-03-27,2026-03-30,2026-03-30,71
ORD_01903,WH_E,2026-02-28,2026-03-02,2026-03-02,55
ORD_01540,WH_D,2026-01-27,2026-01-31,2026-01-31,18
ORD_02544,WH_D,2026-02-04,2026-02-07,2026-02-08,12
ORD_01551,WH_E,2026-03-17,2026-03-20,2026-03-20,63
ORD_02435,WH_E,2026-01-22,2026-01-26,2026-01-26,25
ORD_00364,WH_D,2026-02-08,2026-02-11,2026-02-11,29
ORD_02915,WH_C,2026-02-22,2026-02-25,2026-02-25,17
ORD_00183,WH_E,2026-03-02,2026-03-06,2026-03-08,59
ORD_00986,WH_D,2026-02-23,2026-02-28,2026-02-28,43
ORD_02021,WH_E,2026-03-21,2026-03-25,2026-03-25,24
ORD_01195,WH_A,2026-01-26,2026-01-28,2026-01-28,5
ORD_02904,WH_D,2026-01-06,2026-01-09,2026-01-09,41
ORD_01703,WH_C,2026-02-22,2026-02-23,2026-02-22,20
ORD_01122,WH_E,2026-03-14,2026-03-17,2026-03-17,88
ORD_00188,WH_D,2026-02-02,2026-02-05,2026-02-08,13
ORD_00620,WH_E,2026-01-20,2026-01-21,2026-01-22,84
ORD_01707,WH_D,2026-03-13,2026-03-14,2026-03-15,36
ORD_01176,WH_D,2026-02-04,2026-02-07,2026-02-08,34
ORD_01183,WH_D,2026-01-13,2026-01-18,2026-01-18,47
ORD_02397,WH_B,2026-03-22,2026-03-25,2026-03-25,2
ORD_02213,WH_A,2026-02-11,2026-02-14,2026-02-14,4
ORD_00615,WH_E,2026-03-07,2026-03-10,2026-03-11,31
ORD_01514,WH_A,2026-03-08,2026-03-12,2026-03-12,5
ORD_01467,WH_E,2026-02-26,2026-03-02,2026-03-04,50
ORD_00402,WH_E,2026-03-24,2026-03-26,2026-03-27,21
ORD_00995,WH_C,2026-03-24,2026-03-26,2026-03-26,13
ORD_00935,WH_B,2026-03-26,2026-03-28,2026-03-27,3
ORD_00372,WH_A,2026-02-18,2026-02-22,2026-02-22,5
ORD_01953,WH_D,2026-01-08,2026-01-10,2026-01-09,47
ORD_02178,WH_D,2026-01-31,2026-02-05,2026-02-04,17
ORD_00594,WH_C,2026-02-07,2026-02-11,2026-02-13,9
ORD_01941,WH_A,2026-03-24,2026-03-27,2026-03-26,6
ORD_00727,WH_B,2026-03-29,2026-04-02,2026-04-02,8
ORD_00827,WH_C,2026-03-31,2026-04-05,2026-04-08,9
ORD_02868,WH_E,2026-01-26,2026-01-29,2026-01-31,56
ORD_00688,WH_C,2026-01-03,2026-01-08,2026-01-07,13
ORD_02228,WH_D,2026-03-05,2026-03-10,2026-03-13,21
ORD_00137,WH_D,2026-01-09,2026-01-12,2026-01-12,13
ORD_02463,WH_D,2026-01-13,2026-01-16,2026-01-16,38
ORD_00629,WH_A,2026-03-04,2026-03-06,2026-03-06,3
ORD_00335,WH_A,2026-02-08,2026-02-10,2026-02-10,8
ORD_00391,WH_E,2026-01-28,2026-02-01,2026-02-04,59
ORD_02322,WH_E,2026-02-28,2026-03-02,2026-03-03,84
ORD_01110,WH_B,2026-02-21,2026-02-22,2026-02-22,4
ORD_01765,WH_B,2026-01-07,2026-01-09,2026-01-09,5
ORD_02713,WH_C,2026-01-18,2026-01-21,2026-01-21,17
ORD_00711,WH_E,2026-01-30,2026-02-01,2026-01-31,82
ORD_01040,WH_C,2026-03-29,2026-04-03,2026-04-06,16
ORD_01914,WH_C,2026-01-25,2026-01-29,2026-01-29,7
ORD_01879,WH_C,2026-03-15,2026-03-19,2026-03-18,14
ORD_02609,WH_E,2026-02-24,2026-02-26,2026-02-26,34
ORD_01562,WH_C,2026-02-05,2026-02-08,2026-02-08,10
ORD_02772,WH_C,2026-01-16,2026-01-20,2026-01-19,6
ORD_01595,WH_E,2026-03-30,2026-04-02,2026-04-03,44
ORD_02534,WH_A,2026-03-28,2026-03-31,2026-03-31,6
ORD_01113,WH_C,2026-03-02,2026-03-05,2026-03-05,23
ORD_00466,WH_C,2026-03-22,2026-03-25,2026-03-29,19
ORD_01561,WH_C,2026-02-20,2026-02-22,2026-02-22,6
ORD_01224,WH_E,2026-01-24,2026-01-26,2026-01-25,71
ORD_01984,WH_D,2026-01-12,2026-01-15,2026-01-15,44
ORD_02982,WH_C,2026-03-26,2026-03-29,2026-03-29,16
ORD_02361,WH_A,2026-01-23,2026-01-25,2026-01-25,1
ORD_01509,WH_D,2026-02-19,2026-02-22,2026-02-22,50
ORD_01105,WH_E,2026-03-05,2026-03-10,2026-03-14,86
ORD_02019,WH_A,2026-01-08,2026-01-11,2026-01-11,4
ORD_00339,WH_D,2026-01-28,2026-01-30,2026-01-30,44
ORD_00216,WH_C,2026-01-09,2026-01-13,2026-01-13,14
ORD_01616,WH_E,2026-01-14,2026-01-17,2026-01-17,54
ORD_02379,WH_D,2026-03-02,2026-03-07,2026-03-08,36
ORD_02528,WH_E,2026-01-31,2026-02-02,2026-02-05,80
ORD_02819,WH_A,2026-03-22,2026-03-25,2026-03-24,8
ORD_01593,WH_B,2026-03-02,2026-03-03,2026-03-03,6
ORD_01865,WH_E,2026-03-31,2026-04-04,2026-04-06,81
ORD_01712,WH_A,2026-01-23,2026-01-27,2026-01-27,5
ORD_02536,WH_E,2026-03-20,2026-03-24,2026-03-23,33
ORD_00817,WH_D,2026-01-15,2026-01-18,2026-01-18,20
ORD_01068,WH_B,2026-02-19,2026-02-23,2026-02-23,2
ORD_02034,WH_E,2026-02-16,2026-02-19,2026-02-24,38
ORD_00275,WH_D,2026-02-21,2026-02-23,2026-02-26,22
ORD_02257,WH_D,2026-03-24,2026-03-26,2026-03-26,37
ORD_00866,WH_D,2026-02-07,2026-02-12,2026-02-12,26
ORD_00102,WH_D,2026-01-22,2026-01-25,2026-01-26,13
ORD_01502,WH_D,2026-01-02,2026-01-03,2026-01-02,29
ORD_02162,WH_D,2026-03-14,2026-03-16,2026-03-16,19
ORD_00172,WH_A,2026-02-08,2026-02-11,2026-02-10,7
ORD_00108,WH_E,2026-03-14,2026-03-16,2026-03-17,26
ORD_02242,WH_A,2026-01-02,2026-01-05,2026-01-05,2
ORD_01522,WH_E,2026-02-23,2026-02-27,2026-02-28,58
ORD_01818,WH_E,2026-03-31,2026-04-03,2026-04-04,84
ORD_02439,WH_D,2026-02-07,2026-02-12,2026-02-12,10
ORD_01986,WH_B,2026-03-22,2026-03-24,2026-03-25,10
ORD_01792,WH_E,2026-02-22,2026-02-25,2026-02-24,85
ORD_02055,WH_E,2026-03-23,2026-03-26,2026-03-26,58
ORD_01993,WH_D,2026-02-12,2026-02-17,2026-02-17,11
ORD_02263,WH_E,2026-03-30,2026-04-01,2026-04-01,100
ORD_02623,WH_D,2026-02-04,2026-02-09,2026-02-09,10
ORD_02589,WH_C,2026-03-25,2026-03-29,2026-03-29,6
ORD_01787,WH_D,2026-02-14,2026-02-16,2026-02-18,43
ORD_00296,WH_D,2026-01-05,2026-01-08,2026-01-11,35
ORD_00713,WH_D,2026-03-25,2026-03-26,2026-03-26,31
ORD_00073,WH_A,2026-02-18,2026-02-20,2026-02-20,2
ORD_02631,WH_D,2026-01-23,2026-01-25,2026-01-25,35
ORD_02282,WH_C,2026-01-17,2026-01-18,2026-01-18,10
ORD_02575,WH_C,2026-03-09,2026-03-13,2026-03-14,18
ORD_02900,WH_A,2026-01-02,2026-01-05,2026-01-08,5
ORD_00482,WH_E,2026-03-05,2026-03-08,2026-03-08,48
ORD_02231,WH_E,2026-01-29,2026-01-31,2026-01-31,24
ORD_01531,WH_C,2026-02-09,2026-02-12,2026-02-14,7
ORD_02567,WH_C,2026-01-23,2026-01-28,2026-01-27,24
ORD_01515,WH_B,2026-01-27,2026-01-31,2026-01-31,4
ORD_02976,WH_A,2026-02-21,2026-02-24,2026-02-24,2
ORD_01491,WH_C,2026-01-04,2026-01-07,2026-01-09,13
ORD_01172,WH_E,2026-03-22,2026-03-26,2026-03-26,43
ORD_02465,WH_D,2026-01-18,2026-01-20,2026-01-20,27
ORD_02117,WH_D,2026-01-31,2026-02-04,2026-02-04,12
ORD_02706,WH_E,2026-01-21,2026-01-24,2026-01-25,75
ORD_02229,WH_C,2026-03-26,2026-03-28,2026-04-01,18
ORD_02284,WH_A,2026-02-14,2026-02-17,2026-02-17,7
ORD_00406,WH_E,2026-02-14,2026-02-17,2026-02-16,62
ORD_00758,WH_D,2026-03-25,2026-03-27,2026-03-27,45
ORD_02777,WH_A,2026-01-16,2026-01-20,2026-01-19,5
ORD_02197,WH_D,2026-03-10,2026-03-12,2026-03-12,18
ORD_01908,WH_C,2026-03-29,2026-04-03,2026-04-03,14
ORD_00098,WH_D,2026-03-07,2026-03-10,2026-03-11,16
ORD_01334,WH_E,2026-01-10,2026-01-13,2026-01-12,64
ORD_02402,WH_A,2026-03-26,2026-03-28,2026-03-28,1
ORD_00744,WH_D,2026-01-29,2026-02-02,2026-02-02,42
ORD_00807,WH_E,2026-01-09,2026-01-10,2026-01-09,86
ORD_02784,WH_E,2026-03-31,2026-04-01,2026-04-04,25
ORD_02000,WH_C,2026-01-13,2026-01-18,2026-01-18,17
ORD_02513,WH_D,2026-03-24,2026-03-25,2026-03-25,46
ORD_01536,WH_B,2026-03-21,2026-03-24,2026-03-24,6
ORD_02965,WH_E,2026-02-11,2026-02-13,2026-02-12,92
ORD_02041,WH_E,2026-02-04,2026-02-06,2026-02-06,56
ORD_00149,WH_A,2026-02-07,2026-02-08,2026-02-08,6
ORD_01801,WH_E,2026-03-23,2026-03-28,2026-03-28,25
ORD_02065,WH_A,2026-02-06,2026-02-09,2026-02-09,7
ORD_02072,WH_D,2026-02-23,2026-02-28,2026-02-28,13
ORD_01316,WH_D,2026-01-23,2026-01-25,2026-01-25,27
ORD_00693,WH_D,2026-03-18,2026-03-20,2026-03-20,41
ORD_00819,WH_A,2026-03-04,2026-03-05,2026-03-05,8
ORD_01729,WH_E,2026-01-27,2026-01-30,2026-01-30,74
ORD_01387,WH_E,2026-03-21,2026-03-25,2026-03-25,80
ORD_02294,WH_D,2026-01-18,2026-01-21,2026-01-21,27
ORD_02068,WH_C,2026-03-21,2026-03-24,2026-03-24,18
ORD_01600,WH_E,2026-01-18,2026-01-20,2026-01-20,60
ORD_02374,WH_D,2026-01-03,2026-01-04,2026-01-04,23
ORD_02470,WH_D,2026-03-02,2026-03-05,2026-03-05,43
ORD_00702,WH_A,2026-03-13,2026-03-18,2026-03-18,7
ORD_02410,WH_D,2026-03-21,2026-03-25,2026-03-25,33
ORD_02671,WH_D,2026-02-05,2026-02-10,2026-02-10,36
ORD_00922,WH_D,2026-02-08,2026-02-13,2026-02-13,39
ORD_01425,WH_E,2026-01-30,2026-02-01,2026-02-01,69
ORD_01709,WH_D,2026-02-11,2026-02-16,2026-02-16,31
ORD_00906,WH_E,2026-02-05,2026-02-09,2026-02-09,91
ORD_00455,WH_B,2026-03-20,2026-03-23,2026-03-22,11
ORD_02094,WH_D,2026-01-30,2026-01-31,2026-02-01,18
ORD_02317,WH_C,2026-02-28,2026-03-03,2026-03-03,10
ORD_01799,WH_A,2026-01-22,2026-01-26,2026-01-26,2
ORD_00168,WH_B,2026-02-11,2026-02-12,2026-02-11,9
ORD_00731,WH_B,2026-03-25,2026-03-30,2026-03-29,12
ORD_02171,WH_E,2026-03-30,2026-04-02,2026-04-01,65
ORD_01311,WH_B,2026-03-17,2026-03-19,2026-03-19,5
ORD_00027,WH_B,2026-02-02,2026-02-06,2026-02-06,6
ORD_01963,WH_E,2026-01-16,2026-01-17,2026-01-17,95
ORD_01653,WH_C,2026-03-30,2026-04-02,2026-04-02,7
ORD_01623,WH_D,2026-01-17,2026-01-18,2026-01-20,23
ORD_00588,WH_B,2026-02-23,2026-02-28,2026-02-27,6
ORD_02047,WH_A,2026-03-29,2026-04-01,2026-04-01,1
ORD_00998,WH_B,2026-01-06,2026-01-08,2026-01-08,4
ORD_01177,WH_E,2026-01-14,2026-01-16,2026-01-18,20
ORD_01701,WH_E,2026-03-27,2026-03-29,2026-03-29,52
ORD_01041,WH_D,2026-01-14,2026-01-16,2026-01-19,44
ORD_00034,WH_E,2026-02-16,2026-02-20,2026-02-20,97
ORD_01838,WH_C,2026-01-16,2026-01-18,2026-01-18,6
ORD_02381,WH_E,2026-01-13,2026-01-18,2026-01-18,31
ORD_01380,WH_D,2026-03-04,2026-03-06,2026-03-06,16
ORD_00042,WH_D,2026-03-20,2026-03-24,2026-03-23,33
ORD_02484,WH_B,2026-02-09,2026-02-13,2026-02-12,6
ORD_02323,WH_D,2026-03-12,2026-03-14,2026-03-18,30
ORD_02620,WH_C,2026-03-19,2026-03-22,2026-03-24,22
ORD_02003,WH_E,2026-01-28,2026-01-30,2026-01-30,75
ORD_02910,WH_C,2026-01-12,2026-01-16,2026-01-16,6
ORD_01821,WH_C,2026-03-12,2026-03-16,2026-03-16,9
ORD_00610,WH_E,2026-03-09,2026-03-11,2026-03-14,77
ORD_01133,WH_B,2026-03-18,2026-03-20,2026-03-21,6
ORD_00029,WH_D,2026-02-19,2026-02-20,2026-02-23,31
ORD_00442,WH_E,2026-02-28,2026-03-02,2026-03-05,67
ORD_02597,WH_C,2026-02-14,2026-02-16,2026-02-17,22
ORD_02173,WH_B,2026-01-06,2026-01-08,2026-01-08,5
ORD_00494,WH_B,2026-01-16,2026-01-19,2026-01-18,3
ORD_01259,WH_A,2026-01-08,2026-01-11,2026-01-11,3
ORD_01302,WH_E,2026-01-22,2026-01-24,2026-01-26,37
ORD_02553,WH_E,2026-01-21,2026-01-25,2026-01-26,86
ORD_02378,WH_E,2026-03-29,2026-04-02,2026-04-03,81
ORD_01383,WH_E,2026-03-26,2026-03-30,2026-04-02,94
ORD_01305,WH_E,2026-01-22,2026-01-24,2026-01-24,56
ORD_00237,WH_C,2026-03-27,2026-03-31,2026-03-30,24
ORD_00552,WH_E,2026-01-05,2026-01-07,2026-01-09,94
ORD_00521,WH_D,2026-03-02,2026-03-05,2026-03-05,14
ORD_02230,WH_C,2026-01-23,2026-01-28,2026-01-28,9
ORD_01233,WH_C,2026-03-11,2026-03-14,2026-03-17,9
ORD_01139,WH_D,2026-03-14,2026-03-15,2026-03-15,24
ORD_00721,WH_E,2026-02-28,2026-03-02,2026-03-01,99
ORD_00736,WH_E,2026-03-20,2026-03-22,2026-03-22,84
ORD_02668,WH_E,2026-02-28,2026-03-03,2026-03-04,30
ORD_01751,WH_D,2026-02-12,2026-02-15,2026-02-15,24
ORD_00059,WH_A,2026-03-15,2026-03-20,2026-03-19,7
ORD_00632,WH_E,2026-02-20,2026-02-23,2026-02-23,96
ORD_01182,WH_C,2026-01-27,2026-01-31,2026-02-02,5
ORD_02216,WH_C,2026-01-13,2026-01-17,2026-01-18,20
ORD_00593,WH_B,2026-03-27,2026-03-28,2026-03-28,4
ORD_01304,WH_D,2026-03-25,2026-03-27,2026-03-27,50
ORD_01388,WH_B,2026-02-05,2026-02-08,2026-02-08,2
ORD_02630,WH_C,2026-02-10,2026-02-13,2026-02-12,12
ORD_02645,WH_A,2026-01-10,2026-01-13,2026-01-13,3
ORD_01874,WH_E,2026-01-19,2026-01-22,2026-01-22,31
ORD_00940,WH_D,2026-03-24,2026-03-26,2026-03-27,46
ORD_02803,WH_E,2026-02-13,2026-02-17,2026-02-18,62
ORD_01250,WH_D,2026-01-03,2026-01-05,2026-01-07,12
ORD_00905,WH_D,2026-02-23,2026-02-25,2026-03-01,33
ORD_02955,WH_E,2026-02-26,2026-03-03,2026-03-03,81
ORD_01280,WH_D,2026-01-15,2026-01-19,2026-01-19,14
ORD_02415,WH_D,2026-02-08,2026-02-13,2026-02-13,37
ORD_02894,WH_E,2026-03-26,2026-03-31,2026-03-31,77
ORD_02139,WH_B,2026-01-14,2026-01-17,2026-01-16,7
ORD_02400,WH_D,2026-02-25,2026-02-28,2026-02-28,43
ORD_02478,WH_E,2026-02-27,2026-03-01,2026-03-01,51
ORD_01143,WH_E,2026-02-03,2026-02-05,2026-02-06,88
ORD_02757,WH_D,2026-03-13,2026-03-15,2026-03-15,14
ORD_00707,WH_C,2026-01-08,2026-01-11,2026-01-11,21
ORD_02656,WH_D,2026-03-05,2026-03-10,2026-03-10,14
ORD_01023,WH_E,2026-02-11,2026-02-15,2026-02-16,52
ORD_00746,WH_E,2026-01-11,2026-01-13,2026-01-13,25
ORD_01547,WH_E,2026-03-07,2026-03-10,2026-03-10,24
ORD_02370,WH_E,2026-02-19,2026-02-20,2026-02-21,79
ORD_02059,WH_E,2026-02-28,2026-03-04,2026-03-03,44
ORD_00514,WH_E,2026-01-18,2026-01-19,2026-01-22,79
ORD_00082,WH_D,2026-01-02,2026-01-04,2026-01-04,19
ORD_02836,WH_E,2026-01-06,2026-01-11,2026-01-14,71
ORD_01309,WH_C,2026-01-09,2026-01-13,2026-01-13,24
ORD_02508,WH_D,2026-03-06,2026-03-07,2026-03-07,29
ORD_00915,WH_D,2026-02-15,2026-02-20,2026-02-20,14
ORD_01405,WH_E,2026-02-21,2026-02-22,2026-02-24,95
ORD_01648,WH_E,2026-01-25,2026-01-27,2026-01-27,35
ORD_02775,WH_D,2026-01-29,2026-02-01,2026-02-01,17
ORD_01109,WH_E,2026-03-30,2026-04-02,2026-04-02,72
ORD_00151,WH_E,2026-03-15,2026-03-19,2026-03-18,39
ORD_02741,WH_C,2026-03-23,2026-03-25,2026-03-25,13
ORD_00775,WH_E,2026-02-05,2026-02-08,2026-02-07,46
ORD_00330,WH_C,2026-02-03,2026-02-07,2026-02-07,20
ORD_00007,WH_A,2026-01-16,2026-01-19,2026-01-19,6
ORD_00944,WH_E,2026-03-15,2026-03-18,2026-03-22,33
ORD_00823,WH_C,2026-02-01,2026-02-02,2026-02-02,20
ORD_00735,WH_C,2026-01-08,2026-01-11,2026-01-11,13
ORD_00910,WH_C,2026-01-17,2026-01-21,2026-01-21,16
ORD_00469,WH_C,2026-02-13,2026-02-17,2026-02-17,9
ORD_00182,WH_B,2026-03-16,2026-03-19,2026-03-19,12
ORD_00165,WH_B,2026-01-17,2026-01-22,2026-01-23,11
ORD_01524,WH_B,2026-03-25,2026-03-30,2026-03-30,5
ORD_00452,WH_D,2026-01-09,2026-01-12,2026-01-12,46
ORD_00491,WH_D,2026-01-13,2026-01-15,2026-01-15,12
ORD_02035,WH_D,2026-03-04,2026-03-05,2026-03-05,37
ORD_01144,WH_D,2026-01-31,2026-02-02,2026-02-04,14
ORD_01312,WH_E,2026-03-28,2026-04-01,2026-04-01,67
ORD_02255,WH_E,2026-02-28,2026-03-02,2026-03-01,98
ORD_01112,WH_C,2026-03-16,2026-03-19,2026-03-18,8
ORD_02869,WH_C,2026-01-21,2026-01-22,2026-01-21,12
ORD_02008,WH_E,2026-02-26,2026-02-28,2026-03-01,78
ORD_01442,WH_B,2026-02-26,2026-02-28,2026-02-28,11
ORD_02717,WH_D,2026-03-23,2026-03-28,2026-03-28,32
ORD_01007,WH_E,2026-03-31,2026-04-03,2026-04-03,59
ORD_01628,WH_D,2026-01-27,2026-01-29,2026-01-29,45
ORD_01633,WH_E,2026-01-31,2026-02-04,2026-02-04,25
ORD_01075,WH_E,2026-02-24,2026-02-27,2026-03-01,98
ORD_00579,WH_D,2026-03-08,2026-03-10,2026-03-09,22
ORD_02114,WH_E,2026-01-06,2026-01-09,2026-01-13,51
ORD_02358,WH_A,2026-01-31,2026-02-04,2026-02-04,1
ORD_02276,WH_D,2026-02-20,2026-02-23,2026-02-23,46
ORD_02315,WH_E,2026-02-23,2026-02-25,2026-02-25,88
ORD_00328,WH_D,2026-01-10,2026-01-13,2026-01-13,45
ORD_01791,WH_B,2026-02-16,2026-02-19,2026-02-19,5
ORD_00443,WH_C,2026-02-24,2026-02-27,2026-02-27,23
ORD_01859,WH_E,2026-01-18,2026-01-22,2026-01-22,86
ORD_02901,WH_B,2026-01-12,2026-01-13,2026-01-13,11
ORD_02012,WH_A,2026-02-01,2026-02-05,2026-02-06,8
ORD_00833,WH_B,2026-03-04,2026-03-09,2026-03-08,3
ORD_02453,WH_D,2026-01-28,2026-01-31,2026-01-31,34
ORD_02116,WH_B,2026-02-26,2026-02-28,2026-02-28,12
ORD_01415,WH_D,2026-01-25,2026-01-28,2026-01-28,40
ORD_01202,WH_A,2026-02-28,2026-03-04,2026-03-04,1
ORD_02501,WH_E,2026-02-20,2026-02-23,2026-02-27,40
ORD_01500,WH_E,2026-02-22,2026-02-26,2026-02-26,54
ORD_02751,WH_C,2026-02-25,2026-02-28,2026-02-28,16
ORD_00087,WH_E,2026-01-26,2026-01-28,2026-01-30,55
ORD_01404,WH_E,2026-02-15,2026-02-16,2026-02-16,61
ORD_02941,WH_C,2026-02-13,2026-02-16,2026-02-19,22
ORD_02336,WH_C,2026-03-21,2026-03-25,2026-03-25,18
ORD_01482,WH_B,2026-01-16,2026-01-18,2026-01-18,9
ORD_00778,WH_E,2026-01-26,2026-01-28,2026-01-28,58
ORD_00800,WH_E,2026-03-28,2026-03-29,2026-03-28,84
ORD_01667,WH_C,2026-01-16,2026-01-18,2026-01-17,10
ORD_01895,WH_D,2026-01-03,2026-01-06,2026-01-07,16
ORD_00055,WH_D,2026-01-08,2026-01-10,2026-01-12,24
ORD_02375,WH_E,2026-03-03,2026-03-07,2026-03-07,89
ORD_01288,WH_C,2026-01-11,2026-01-15,2026-01-15,13
ORD_01668,WH_E,2026-01-20,2026-01-21,2026-01-21,57
ORD_02600,WH_B,2026-01-26,2026-01-27,2026-01-27,8
ORD_02167,WH_D,2026-03-21,2026-03-24,2026-03-24,29
ORD_01702,WH_D,2026-02-21,2026-02-22,2026-02-22,37
ORD_01246,WH_D,2026-03-31,2026-04-03,2026-04-05,20
ORD_00114,WH_E,2026-01-29,2026-02-01,2026-02-01,68
ORD_02821,WH_E,2026-01-02,2026-01-03,2026-01-02,66
ORD_00988,WH_D,2026-02-18,2026-02-21,2026-02-22,25
ORD_00502,WH_D,2026-01-10,2026-01-14,2026-01-14,43
ORD_02165,WH_D,2026-01-19,2026-01-20,2026-01-20,50
ORD_01010,WH_D,2026-02-05,2026-02-09,2026-02-09,38
ORD_01199,WH_E,2026-01-20,2026-01-23,2026-01-25,51
ORD_01395,WH_C,2026-01-14,2026-01-15,2026-01-15,9
ORD_00590,WH_B,2026-01-30,2026-01-31,2026-01-31,7
ORD_00769,WH_C,2026-02-25,2026-02-28,2026-03-01,18
ORD_00018,WH_D,2026-01-12,2026-01-13,2026-01-13,40
ORD_01043,WH_C,2026-02-03,2026-02-05,2026-02-05,13
ORD_01448,WH_E,2026-03-23,2026-03-26,2026-03-26,20
ORD_02476,WH_E,2026-02-23,2026-02-26,2026-02-26,61
ORD_00286,WH_A,2026-02-08,2026-02-11,2026-02-11,8
ORD_02653,WH_C,2026-03-04,2026-03-07,2026-03-11,13
ORD_00429,WH_C,2026-03-07,2026-03-10,2026-03-12,16
ORD_01329,WH_E,2026-02-27,2026-03-04,2026-03-04,31
ORD_01979,WH_E,2026-03-21,2026-03-23,2026-03-23,75
ORD_00670,WH_C,2026-03-17,2026-03-21,2026-03-23,11
ORD_00032,WH_B,2026-03-10,2026-03-12,2026-03-11,2
ORD_01342,WH_D,2026-03-22,2026-03-23,2026-03-26,37
ORD_00723,WH_A,2026-02-17,2026-02-20,2026-02-20,8
ORD_00952,WH_E,2026-01-09,2026-01-12,2026-01-13,58
ORD_01915,WH_D,2026-02-26,2026-03-02,2026-03-02,10
ORD_02680,WH_D,2026-03-31,2026-04-03,2026-04-06,10
ORD_00215,WH_E,2026-02-06,2026-02-09,2026-02-10,89
ORD_00990,WH_E,2026-03-29,2026-04-01,2026-03-31,86
ORD_01165,WH_B,2026-02-16,2026-02-20,2026-02-19,12
ORD_02807,WH_E,2026-03-29,2026-04-02,2026-04-02,21
ORD_02085,WH_D,2026-03-26,2026-03-30,2026-03-30,29
ORD_00327,WH_D,2026-03-19,2026-03-21,2026-03-21,43
ORD_00561,,2026-01-29,2026-02-01,2026-01-31,63
ORD_01384,WH_C,2026-01-08,2026-01-10,2026-01-09,18
ORD_01725,WH_E,2026-03-19,2026-03-24,2026-03-26,64
ORD_01087,WH_D,2026-03-03,2026-03-05,2026-03-09,33
ORD_02932,WH_E,2026-01-07,2026-01-10,2026-01-12,100
ORD_00342,WH_D,2026-01-09,2026-01-13,2026-01-14,21
ORD_01654,WH_C,2026-03-13,2026-03-14,2026-03-14,8
ORD_00148,WH_D,2026-02-17,2026-02-19,2026-02-19,47
ORD_02352,WH_E,2026-01-03,2026-01-07,2026-01-06,85
ORD_02425,WH_C,2026-02-06,2026-02-09,2026-02-09,21
ORD_01108,WH_E,2026-01-10,2026-01-13,2026-01-12,40
ORD_00849,WH_D,2026-01-13,2026-01-16,2026-01-16,47
ORD_00967,WH_E,2026-03-03,2026-03-06,2026-03-09,68
ORD_01073,WH_A,2026-03-28,2026-03-31,2026-03-31,6
ORD_02477,WH_B,2026-01-30,2026-02-02,2026-02-02,7
ORD_01906,WH_C,2026-03-23,2026-03-24,2026-03-24,11
ORD_00156,WH_C,2026-03-26,2026-03-28,2026-03-28,21
ORD_00666,WH_B,2026-03-12,2026-03-15,2026-03-15,12
ORD_00662,WH_E,2026-01-22,2026-01-24,2026-01-27,76
ORD_01003,WH_E,2026-02-07,2026-02-09,2026-02-13,97
ORD_02354,WH_E,2026-03-03,2026-03-04,2026-03-04,50
ORD_02530,WH_E,2026-01-18,2026-01-21,2026-01-22,51
ORD_00177,WH_E,2026-03-10,2026-03-13,2026-03-12,28
ORD_02669,WH_E,2026-02-27,2026-03-03,2026-03-03,45
ORD_01880,WH_D,2026-01-12,2026-01-15,2026-01-15,34
ORD_01525,WH_D,2026-02-07,2026-02-12,2026-02-13,35
ORD_02832,WH_E,2026-01-16,2026-01-19,2026-01-19,27
ORD_01204,WH_C,2026-01-18,2026-01-22,2026-01-22,21
ORD_00025,WH_D,2026-03-10,2026-03-14,2026-03-18,48
ORD_02962,WH_C,2026-02-26,2026-02-28,2026-02-28,5
ORD_02029,WH_C,2026-03-23,2026-03-28,2026-03-28,7
ORD_02090,WH_C,2026-03-05,2026-03-07,2026-03-07,11
ORD_02617,WH_C,2026-03-28,2026-03-29,2026-03-29,18
ORD_00876,WH_B,2026-03-03,2026-03-05,2026-03-05,2
ORD_02710,WH_C,2026-01-24,2026-01-25,2026-01-25,13
ORD_00939,WH_B,2026-02-09,2026-02-10,2026-02-10,8
ORD_02712,WH_D,2026-01-17,2026-01-22,2026-01-22,10
ORD_01553,WH_E,2026-03-14,2026-03-18,2026-03-22,49
ORD_00347,WH_D,2026-03-08,2026-03-11,2026-03-13,41
ORD_02765,WH_B,2026-02-23,2026-02-26,2026-02-26,5
ORD_02987,WH_A,2026-03-25,2026-03-30,2026-04-01,8
ORD_01234,WH_A,2026-02-27,2026-03-02,2026-03-02,1
ORD_01927,WH_D,2026-01-22,2026-01-27,2026-01-27,19
ORD_00386,WH_E,2026-02-01,2026-02-03,2026-02-03,90
ORD_01830,WH_C,2026-02-19,2026-02-23,2026-02-25,10
ORD_02280,WH_A,2026-03-24,2026-03-26,2026-03-26,2
ORD_02563,WH_A,2026-03-05,2026-03-07,2026-03-07,7
ORD_02209,WH_C,2026-03-08,2026-03-10,2026-03-10,18
ORD_00244,WH_C,2026-01-01,2026-01-06,2026-01-06,13
ORD_02099,WH_E,2026-01-21,2026-01-25,2026-01-28,43
ORD_01827,WH_A,2026-01-24,2026-01-25,2026-01-25,6
ORD_00937,WH_A,2026-02-24,2026-02-28,2026-02-28,1
ORD_01690,WH_E,2026-01-20,2026-01-22,2026-01-22,98
ORD_02594,WH_D,2026-03-24,2026-03-27,2026-03-27,25
ORD_00313,WH_A,2026-02-15,2026-02-19,2026-02-19,6
ORD_01460,WH_E,2026-02-11,2026-02-13,2026-02-12,55
ORD_02940,WH_A,2026-03-27,2026-03-31,2026-03-31,6
ORD_02120,WH_E,2026-02-09,2026-02-11,2026-02-11,54
ORD_01333,WH_C,2026-02-17,2026-02-19,2026-02-19,19
ORD_00969,WH_D,2026-03-06,2026-03-08,2026-03-08,11
ORD_01455,WH_A,2026-02-27,2026-03-02,2026-03-02,7
ORD_00661,WH_C,2026-03-15,2026-03-16,2026-03-18,12
ORD_01935,WH_E,2026-03-15,2026-03-20,2026-03-21,74
ORD_00936,WH_C,2026-01-21,2026-01-24,2026-01-24,17
ORD_00371,WH_B,2026-01-26,2026-01-28,2026-01-27,8
ORD_00567,WH_C,2026-03-16,2026-03-21,2026-03-20,17
ORD_01974,WH_D,2026-01-22,2026-01-25,2026-01-29,34
ORD_01855,WH_E,2026-03-16,2026-03-20,2026-03-20,100
ORD_01025,WH_E,2026-02-17,2026-02-19,2026-02-19,48
ORD_00825,WH_D,2026-02-09,2026-02-11,2026-02-11,43
ORD_00983,WH_B,2026-02-19,2026-02-21,2026-02-21,8
ORD_02440,WH_B,2026-01-18,2026-01-21,2026-01-21,7
ORD_02081,WH_A,2026-02-24,2026-03-01,2026-03-01,8
ORD_01646,WH_E,2026-01-29,2026-02-03,2026-02-06,28
ORD_02596,WH_E,2026-01-06,2026-01-10,2026-01-10,26
ORD_02258,WH_D,2026-03-03,2026-03-07,2026-03-07,18
ORD_02131,WH_B,2026-02-27,2026-03-04,2026-03-04,3
ORD_00814,WH_E,2026-02-09,2026-02-14,2026-02-15,65
ORD_01793,WH_D,2026-03-05,2026-03-09,2026-03-09,36
ORD_01431,WH_D,2026-02-12,2026-02-15,2026-02-15,48
ORD_00779,WH_E,2026-03-27,2026-03-31,2026-03-31,70
ORD_01750,WH_B,2026-01-12,2026-01-15,2026-01-15,8
ORD_01321,WH_C,2026-02-16,2026-02-18,2026-02-18,7
ORD_02118,WH_D,2026-01-21,2026-01-24,2026-01-24,50
ORD_02886,WH_E,2026-01-17,2026-01-22,2026-01-24,59
ORD_01053,WH_E,2026-01-24,2026-01-25,2026-01-29,37
ORD_02334,WH_E,2026-01-27,2026-01-31,2026-01-31,70
ORD_01014,WH_A,2026-02-27,2026-03-02,2026-03-01,2
ORD_01929,WH_D,2026-03-10,2026-03-12,2026-03-15,21
ORD_01402,WH_B,2026-01-15,2026-01-17,2026-01-19,10
ORD_01823,WH_D,2026-03-14,2026-03-17,2026-03-20,19
ORD_02260,WH_D,2026-03-29,2026-03-31,2026-04-02,25
ORD_00127,WH_E,2026-01-21,2026-01-26,2026-01-26,64
ORD_02104,WH_E,2026-03-23,2026-03-24,2026-03-26,85
ORD_01348,WH_C,2026-03-23,2026-03-27,2026-03-28,21
ORD_00356,WH_D,2026-02-03,2026-02-05,2026-02-09,46
ORD_00828,WH_C,2026-03-26,2026-03-30,2026-03-30,12
ORD_01640,WH_E,2026-02-09,2026-02-14,2026-02-15,100
ORD_00985,WH_E,2026-03-05,2026-03-10,2026-03-13,24
ORD_00363,WH_D,2026-01-29,2026-01-31,2026-01-30,20
ORD_00346,WH_D,2026-01-19,2026-01-20,2026-01-22,45
ORD_02555,WH_A,2026-01-16,2026-01-18,2026-01-18,4
ORD_00712,WH_D,2026-03-22,2026-03-25,2026-03-25,43
ORD_02074,WH_E,2026-01-16,2026-01-18,2026-01-18,20
ORD_00011,WH_A,2026-03-21,2026-03-23,2026-03-22,3
ORD_02429,WH_C,2026-02-26,2026-03-02,2026-03-04,5
ORD_01835,WH_E,2026-01-18,2026-01-19,2026-01-19,69
ORD_00794,WH_D,2026-01-10,2026-01-13,2026-01-12,21
ORD_02780,WH_C,2026-03-12,2026-03-15,2026-03-14,10
ORD_00095,WH_E,2026-01-20,2026-01-22,2026-01-22,96
ORD_00130,WH_D,2026-01-25,2026-01-28,2026-01-28,24
ORD_00252,WH_C,2026-01-29,2026-01-30,2026-02-01,6
ORD_01901,WH_D,2026-02-27,2026-03-01,2026-03-04,11
ORD_02408,WH_C,2026-02-12,2026-02-15,2026-02-15,19
ORD_01933,WH_D,2026-02-22,2026-02-25,2026-02-25,13
ORD_02855,WH_B,2026-01-11,2026-01-15,2026-01-17,8
ORD_01866,WH_E,2026-03-28,2026-03-30,2026-04-02,30
ORD_01659,WH_C,2026-03-16,2026-03-19,2026-03-19,12
ORD_00517,WH_C,2026-02-07,2026-02-10,2026-02-12,12
ORD_01858,WH_D,2026-02-05,2026-02-10,2026-02-10,28
ORD_01278,WH_E,2026-02-01,2026-02-06,2026-02-09,26
ORD_00951,WH_D,2026-02-21,2026-02-24,2026-02-24,22
ORD_01121,WH_E,2026-03-10,2026-03-13,2026-03-13,88
ORD_00420,WH_E,2026-01-06,2026-01-09,2026-01-14,29
ORD_00923,WH_E,2026-01-28,2026-02-02,2026-02-01,62
ORD_02212,WH_E,2026-01-11,2026-01-13,2026-01-14,79
ORD_00478,WH_D,2026-01-16,2026-01-19,2026-01-20,39
ORD_02036,WH_C,2026-03-17,2026-03-20,2026-03-20,10
ORD_02190,WH_E,2026-01-09,2026-01-14,2026-01-14,81
ORD_01693,WH_C,2026-01-04,2026-01-07,2026-01-09,14
ORD_02357,WH_E,2026-03-02,2026-03-06,2026-03-07,56
ORD_01472,WH_E,2026-02-22,2026-02-25,2026-02-24,92
ORD_01203,WH_A,2026-03-05,2026-03-08,2026-03-08,5
ORD_01670,WH_E,2026-03-08,2026-03-11,2026-03-11,42
ORD_02789,WH_E,2026-02-14,2026-02-17,2026-02-17,71
ORD_01971,WH_A,2026-01-15,2026-01-16,2026-01-16,6
ORD_00821,WH_E,2026-01-13,2026-01-15,2026-01-15,82
ORD_01998,WH_A,2026-01-18,2026-01-21,2026-01-20,2
ORD_02883,WH_C,2026-02-10,2026-02-15,2026-02-15,8
ORD_01249,WH_E,2026-01-31,2026-02-05,2026-02-05,61
ORD_02675,WH_E,2026-03-30,2026-04-01,2026-04-01,63
ORD_02628,WH_E,2026-02-03,2026-02-06,2026-02-07,51
ORD_01047,WH_C,2026-01-26,2026-01-28,2026-01-28,23
ORD_01889,WH_E,2026-01-15,2026-01-19,2026-01-19,36
ORD_00616,WH_E,2026-03-15,2026-03-18,2026-03-23,54
ORD_01319,WH_B,2026-02-16,2026-02-20,2026-02-20,9
ORD_02899,WH_D,2026-01-19,2026-01-20,2026-01-20,49
ORD_02473,WH_E,2026-03-20,2026-03-24,2026-03-26,35
ORD_01773,WH_E,2026-01-26,2026-01-27,2026-01-27,28
ORD_02967,WH_E,2026-03-15,2026-03-18,2026-03-18,85
ORD_00132,WH_C,2026-03-06,2026-03-08,2026-03-08,21
ORD_00078,WH_A,2026-01-10,2026-01-14,2026-01-14,3
ORD_02053,WH_B,2026-02-25,2026-03-01,2026-03-01,2
ORD_00725,WH_D,2026-02-22,2026-02-24,2026-02-27,18
ORD_01315,WH_D,2026-03-14,2026-03-17,2026-03-18,12
ORD_01852,WH_E,2026-01-30,2026-02-01,2026-02-06,64
ORD_02309,WH_B,2026-03-02,2026-03-04,2026-03-04,7
ORD_02499,WH_E,2026-02-20,2026-02-24,2026-02-24,21
ORD_01373,,2026-03-04,2026-03-07,2026-03-07,51
ORD_01856,WH_C,2026-03-07,2026-03-10,2026-03-09,19
ORD_01320,WH_A,2026-03-10,2026-03-13,2026-03-13,7
ORD_02971,WH_C,2026-01-26,2026-01-31,2026-01-31,15
ORD_02184,WH_C,2026-03-14,2026-03-15,2026-03-15,9
ORD_00376,WH_C,2026-02-18,2026-02-22,2026-02-22,11
ORD_01909,WH_C,2026-01-22,2026-01-23,2026-01-23,18
ORD_00334,WH_B,2026-03-19,2026-03-22,2026-03-22,7
ORD_02264,WH_D,2026-02-24,2026-02-27,2026-02-27,32
ORD_02314,WH_E,2026-01-21,2026-01-24,2026-01-25,55
ORD_01605,WH_A,2026-02-28,2026-03-02,2026-03-01,5
ORD_01119,WH_C,2026-02-25,2026-02-26,2026-02-26,5
ORD_02879,WH_D,2026-01-10,2026-01-12,2026-01-11,26
ORD_01944,WH_E,2026-03-20,2026-03-23,2026-03-23,65
ORD_02274,WH_E,2026-03-30,2026-04-03,2026-04-02,81
ORD_02535,WH_E,2026-03-30,2026-04-01,2026-04-01,80
ORD_01343,WH_E,2026-03-05,2026-03-06,2026-03-06,55
ORD_00321,WH_D,2026-01-22,2026-01-26,2026-01-26,23
ORD_01620,WH_E,2026-02-01,2026-02-05,2026-02-05,87
ORD_02460,WH_D,2026-03-28,2026-04-01,2026-04-01,12
ORD_02061,WH_A,2026-01-19,2026-01-24,2026-01-24,1
ORD_01674,WH_E,2026-01-01,2026-01-04,2026-01-03,42
ORD_01943,WH_E,2026-01-29,2026-01-31,2026-02-02,26
ORD_00261,WH_D,2026-02-04,2026-02-05,2026-02-05,35
ORD_02367,WH_B,2026-03-11,2026-03-15,2026-03-16,2
ORD_02040,WH_C,2026-01-19,2026-01-20,2026-01-23,23
ORD_00690,WH_B,2026-02-25,2026-02-26,2026-02-26,9
ORD_00902,WH_A,2026-01-20,2026-01-22,2026-01-26,5
ORD_02027,WH_E,2026-01-25,2026-01-30,2026-02-02,29
ORD_00139,WH_C,2026-03-24,2026-03-27,2026-03-27,17
ORD_01918,WH_D,2026-01-16,2026-01-20,2026-01-20,18
ORD_01829,WH_E,2026-02-05,2026-02-08,2026-02-07,71
ORD_01574,WH_E,2026-03-25,2026-03-26,2026-03-30,30
ORD_00320,WH_C,2026-01-18,2026-01-19,2026-01-21,19
ORD_00654,WH_E,2026-02-13,2026-02-18,2026-02-18,27
ORD_02138,WH_E,2026-03-16,2026-03-19,2026-03-21,77
ORD_02335,WH_B,2026-01-01,2026-01-06,2026-01-05,5
ORD_00559,WH_E,2026-02-25,2026-03-01,2026-03-06,56
ORD_00113,WH_E,2026-01-02,2026-01-05,2026-01-04,39
ORD_00532,WH_E,2026-03-20,2026-03-22,2026-03-22,44
ORD_00225,WH_C,2026-02-09,2026-02-12,2026-02-12,11
ORD_00724,WH_E,2026-01-27,2026-01-31,2026-01-31,35
ORD_02441,WH_D,2026-03-12,2026-03-14,2026-03-14,33
ORD_02584,WH_D,2026-03-22,2026-03-26,2026-03-26,47
ORD_01434,WH_E,2026-02-21,2026-02-23,2026-02-25,78
ORD_02342,WH_A,2026-02-11,2026-02-15,2026-02-14,6
ORD_01459,WH_C,2026-03-18,2026-03-21,2026-03-25,17
ORD_02716,WH_C,2026-02-14,2026-02-18,2026-02-17,14
ORD_00847,WH_B,2026-03-30,2026-04-02,2026-04-02,8
ORD_00194,WH_D,2026-03-23,2026-03-26,2026-03-26,17
ORD_01465,WH_E,2026-01-31,2026-02-03,2026-02-05,69
ORD_00947,WH_B,2026-02-21,2026-02-23,2026-02-23,8
ORD_02022,WH_D,2026-01-24,2026-01-29,2026-01-29,16
ORD_01630,WH_D,2026-03-19,2026-03-22,2026-03-21,45
ORD_00118,WH_B,2026-01-26,2026-01-29,2026-02-01,11
ORD_00646,WH_E,2026-01-18,2026-01-22,2026-01-22,76
ORD_01871,WH_E,2026-03-13,2026-03-16,2026-03-16,44
ORD_00004,WH_D,2026-03-19,2026-03-21,2026-03-21,30
ORD_00075,WH_E,2026-03-17,2026-03-19,2026-03-19,37
ORD_01756,WH_E,2026-03-29,2026-03-31,2026-04-04,37
ORD_00468,WH_E,2026-03-05,2026-03-07,2026-03-07,85
ORD_00006,WH_B,2026-03-08,2026-03-12,2026-03-11,9
ORD_01247,WH_B,2026-01-28,2026-01-31,2026-01-31,4
ORD_00920,WH_B,2026-02-28,2026-03-01,2026-03-01,5
ORD_00229,WH_E,2026-01-18,2026-01-20,2026-01-20,51
ORD_01064,WH_D,2026-01-26,2026-01-29,2026-01-31,49
ORD_00243,WH_E,2026-03-20,2026-03-24,2026-03-29,77
ORD_02292,WH_C,2026-01-06,2026-01-09,2026-01-10,16
ORD_01161,WH_E,2026-02-07,2026-02-12,2026-02-12,81
ORD_02527,WH_C,2026-03-06,2026-03-11,2026-03-11,21
ORD_01527,WH_C,2026-01-25,2026-01-28,2026-01-29,21
ORD_01606,WH_D,2026-03-10,2026-03-11,2026-03-11,45
ORD_02799,WH_E,2026-01-30,2026-02-03,2026-02-06,66
ORD_02340,WH_D,2026-02-10,2026-02-14,2026-02-14,50
ORD_02733,WH_A,2026-03-31,2026-04-04,2026-04-04,5
ORD_01990,WH_E,2026-02-10,2026-02-12,2026-02-11,20
ORD_02365,WH_D,2026-03-20,2026-03-23,2026-03-23,49
ORD_01976,WH_E,2026-02-13,2026-02-14,2026-02-14,73
ORD_01762,WH_E,2026-01-04,2026-01-07,2026-01-06,78
ORD_01306,WH_E,2026-01-11,2026-01-13,2026-01-14,60
ORD_01542,WH_B,2026-03-21,2026-03-23,2026-03-22,4
ORD_00623,WH_C,2026-03-28,2026-03-30,2026-04-01,19
ORD_02326,WH_E,2026-01-29,2026-02-02,2026-02-03,86
ORD_01494,WH_A,2026-02-19,2026-02-21,2026-02-21,4
ORD_00111,WH_C,2026-02-28,2026-03-02,2026-03-03,11
ORD_02277,WH_E,2026-03-13,2026-03-15,2026-03-19,39
ORD_01170,WH_C,2026-01-17,2026-01-21,2026-01-25,15
ORD_02474,WH_E,2026-01-18,2026-01-21,2026-01-21,40
ORD_00233,WH_D,2026-02-27,2026-03-02,2026-03-02,21
ORD_00067,WH_B,2026-02-10,2026-02-12,2026-02-14,4
ORD_02722,WH_E,2026-01-29,2026-01-31,2026-01-31,77
ORD_02073,WH_C,2026-01-22,2026-01-24,2026-01-24,16
ORD_02193,WH_E,2026-03-22,2026-03-24,2026-03-24,34
ORD_00537,WH_E,2026-03-29,2026-04-03,2026-04-03,26
ORD_00126,WH_D,2026-02-17,2026-02-19,2026-02-18,23
ORD_02134,WH_D,2026-03-16,2026-03-19,2026-03-19,30
ORD_01255,WH_E,2026-01-31,2026-02-03,2026-02-02,85
ORD_02497,WH_D,2026-03-17,2026-03-21,2026-03-21,34
ORD_01977,WH_C,2026-01-01,2026-01-04,2026-01-04,8
ORD_02475,WH_D,2026-01-23,2026-01-27,2026-01-27,22
ORD_02339,WH_B,2026-03-28,2026-03-30,2026-04-01,9
ORD_02076,WH_E,2026-02-04,2026-02-07,2026-02-07,64
ORD_00485,WH_D,2026-03-27,2026-04-01,2026-04-01,23
ORD_01655,WH_B,2026-01-01,2026-01-06,2026-01-06,12
ORD_02885,WH_A,2026-01-17,2026-01-20,2026-01-19,7
ORD_02705,WH_E,2026-03-26,2026-03-29,2026-03-29,71
ORD_02418,WH_A,2026-03-30,2026-04-01,2026-04-01,4
ORD_01775,WH_E,2026-02-23,2026-02-27,2026-02-27,91
ORD_00919,WH_E,2026-03-31,2026-04-02,2026-04-02,82
ORD_01647,WH_B,2026-03-11,2026-03-13,2026-03-13,4
ORD_01027,WH_E,2026-03-04,2026-03-07,2026-03-08,39
ORD_01031,WH_A,2026-03-21,2026-03-24,2026-03-25,1
ORD_00883,WH_A,2026-02-28,2026-03-05,2026-03-05,3
ORD_01336,WH_E,2026-01-11,2026-01-13,2026-01-12,45
ORD_02235,WH_E,2026-03-10,2026-03-13,2026-03-18,74
ORD_00365,WH_E,2026-03-29,2026-04-03,2026-04-05,56
ORD_02126,WH_E,2026-01-17,2026-01-20,2026-01-22,89
ORD_00028,WH_D,2026-03-03,2026-03-06,2026-03-06,13
ORD_00474,WH_E,2026-01-06,2026-01-07,2026-01-07,91
ORD_00526,WH_D,2026-01-13,2026-01-16,2026-01-17,16
ORD_00726,WH_E,2026-03-28,2026-03-31,2026-04-03,41
ORD_00056,WH_E,2026-03-31,2026-04-03,2026-04-03,75
ORD_00639,WH_C,2026-02-07,2026-02-10,2026-02-09,21
ORD_00303,WH_D,2026-03-08,2026-03-10,2026-03-11,26
ORD_02622,WH_E,2026-01-26,2026-01-28,2026-01-28,84
ORD_01277,WH_C,2026-01-06,2026-01-09,2026-01-10,23
ORD_02650,WH_D,2026-03-01,2026-03-04,2026-03-04,30
ORD_00625,WH_D,2026-01-11,2026-01-13,2026-01-17,31
ORD_02056,WH_E,2026-03-17,2026-03-20,2026-03-20,25
ORD_01281,WH_D,2026-02-09,2026-02-12,2026-02-12,30
ORD_01050,WH_A,2026-01-10,2026-01-13,2026-01-13,4
ORD_00337,WH_E,2026-01-19,2026-01-22,2026-01-22,59
ORD_00048,WH_D,2026-01-20,2026-01-22,2026-01-25,36
ORD_00107,WH_D,2026-01-10,2026-01-12,2026-01-11,39
ORD_01080,WH_E,2026-01-03,2026-01-05,2026-01-06,34
ORD_01145,WH_C,2026-02-21,2026-02-23,2026-02-22,10
ORD_02399,WH_D,2026-03-30,2026-04-03,2026-04-03,38
ORD_01837,WH_B,2026-01-29,2026-02-02,2026-02-02,3
ORD_01754,WH_C,2026-02-15,2026-02-19,2026-02-19,14
ORD_01102,WH_E,2026-01-21,2026-01-25,2026-01-25,85
ORD_01969,WH_C,2026-03-18,2026-03-22,2026-03-22,14
ORD_00524,WH_E,2026-01-28,2026-02-01,2026-01-31,67
ORD_01429,WH_D,2026-02-03,2026-02-04,2026-02-04,13
ORD_02621,WH_E,2026-01-29,2026-02-02,2026-02-01,20
ORD_00604,WH_B,2026-03-21,2026-03-24,2026-03-24,11
ORD_01490,WH_D,2026-03-26,2026-03-31,2026-03-31,24
ORD_02966,WH_E,2026-01-27,2026-01-29,2026-02-01,27
ORD_00061,WH_C,2026-03-07,2026-03-12,2026-03-12,23
ORD_02764,WH_D,2026-03-02,2026-03-04,2026-03-07,13
ORD_00672,WH_E,2026-03-27,2026-04-01,2026-04-02,94
ORD_00093,WH_E,2026-02-10,2026-02-15,2026-02-18,34
ORD_00667,WH_C,2026-01-04,2026-01-06,2026-01-05,20
ORD_01888,WH_C,2026-03-03,2026-03-06,2026-03-05,22
ORD_00281,WH_E,2026-02-24,2026-02-27,2026-03-01,50
ORD_01720,WH_C,2026-02-08,2026-02-13,2026-02-13,22
ORD_00360,WH_D,2026-02-18,2026-02-19,2026-02-22,41
ORD_00900,WH_B,2026-02-11,2026-02-13,2026-02-13,4
ORD_01936,WH_E,2026-02-08,2026-02-09,2026-02-09,26
ORD_01995,WH_E,2026-03-10,2026-03-12,2026-03-12,70
ORD_02994,WH_C,2026-02-13,2026-02-16,2026-02-15,8
ORD_00761,WH_B,2026-02-09,2026-02-11,2026-02-11,8
ORD_02159,WH_D,2026-01-25,2026-01-28,2026-01-28,19
ORD_02637,WH_E,2026-03-23,2026-03-26,2026-03-26,89
ORD_00043,WH_A,2026-03-28,2026-03-31,2026-03-31,4
ORD_02174,WH_E,2026-01-21,2026-01-25,2026-01-27,45
ORD_00205,WH_D,2026-01-08,2026-01-13,2026-01-14,44
ORD_01474,,2026-03-07,2026-03-11,2026-03-11,34
ORD_02101,WH_E,2026-01-23,2026-01-28,2026-01-27,94
ORD_00069,WH_A,2026-03-23,2026-03-26,2026-03-26,3
ORD_01876,WH_D,2026-01-30,2026-02-02,2026-02-01,47
ORD_03000,WH_E,2026-01-11,2026-01-14,2026-01-15,71
ORD_02232,WH_A,2026-03-19,2026-03-22,2026-03-22,8
ORD_00138,WH_E,2026-02-05,2026-02-09,2026-02-14,70
ORD_00797,WH_E,2026-02-13,2026-02-16,2026-02-21,92
ORD_02181,WH_C,2026-01-18,2026-01-20,2026-01-20,14
ORD_02129,WH_E,2026-03-07,2026-03-09,2026-03-09,67
ORD_00759,WH_E,2026-01-03,2026-01-08,2026-01-08,20
ORD_00542,WH_D,2026-01-28,2026-01-31,2026-02-02,50
ORD_01020,WH_A,2026-02-25,2026-02-28,2026-03-01,1
ORD_02672,WH_C,2026-03-12,2026-03-15,2026-03-15,24
ORD_00166,WH_E,2026-02-12,2026-02-14,2026-02-18,60
ORD_00249,WH_E,2026-01-01,2026-01-03,2026-01-03,60
ORD_01332,WH_E,2026-03-19,2026-03-23,2026-03-22,46
ORD_02018,WH_E,2026-01-26,2026-01-27,2026-01-31,68
ORD_00447,WH_E,2026-03-16,2026-03-19,2026-03-19,70
ORD_01359,WH_C,2026-02-17,2026-02-19,2026-02-19,25
ORD_02146,WH_E,2026-03-05,2026-03-08,2026-03-12,62
ORD_01330,WH_D,2026-02-10,2026-02-14,2026-02-14,14
ORD_02925,WH_C,2026-03-27,2026-03-31,2026-03-31,13
ORD_02151,WH_C,2026-01-25,2026-01-29,2026-01-28,25
ORD_00435,WH_B,2026-03-08,2026-03-12,2026-03-12,3
ORD_02123,WH_E,2026-02-18,2026-02-22,2026-02-21,86
ORD_00578,WH_E,2026-03-15,2026-03-17,2026-03-20,94
ORD_02404,WH_C,2026-01-22,2026-01-27,2026-01-26,9
ORD_02756,WH_C,2026-01-26,2026-01-29,2026-01-30,23
ORD_01849,WH_E,2026-02-17,2026-02-19,2026-02-21,81
ORD_00763,WH_C,2026-02-09,2026-02-12,2026-02-12,14
ORD_00389,WH_E,2026-01-25,2026-01-27,2026-01-26,54
ORD_00236,WH_E,2026-01-04,2026-01-09,2026-01-11,52
ORD_02619,WH_E,2026-03-21,2026-03-25,2026-03-25,99
ORD_01985,WH_B,2026-03-30,2026-03-31,2026-04-03,10
ORD_00268,WH_E,2026-01-27,2026-01-31,2026-01-31,68
ORD_00771,WH_B,2026-01-10,2026-01-14,2026-01-13,8
ORD_02166,WH_E,2026-02-03,2026-02-04,2026-02-04,90
ORD_00438,WH_E,2026-02-23,2026-02-26,2026-02-27,95
ORD_00674,WH_D,2026-03-22,2026-03-24,2026-03-24,21
ORD_00250,WH_E,2026-02-07,2026-02-08,2026-02-08,64
ORD_02202,WH_B,2026-01-02,2026-01-05,2026-01-05,10
ORD_01575,WH_C,2026-01-24,2026-01-27,2026-01-27,5
ORD_02143,WH_E,2026-01-24,2026-01-28,2026-02-02,20
ORD_02082,WH_A,2026-03-27,2026-03-29,2026-03-29,2
ORD_02632,WH_E,2026-03-12,2026-03-15,2026-03-18,61
ORD_02582,WH_E,2026-01-10,2026-01-14,2026-01-14,86
ORD_02754,WH_C,2026-02-18,2026-02-21,2026-02-21,15
ORD_00449,WH_C,2026-01-02,2026-01-07,2026-01-07,8
ORD_01470,WH_E,2026-01-31,2026-02-05,2026-02-04,55
ORD_00717,WH_E,2026-03-03,2026-03-07,2026-03-06,56
ORD_02411,WH_E,2026-02-27,2026-03-01,2026-03-02,49
ORD_02629,WH_D,2026-02-10,2026-02-14,2026-02-14,42
ORD_02049,WH_D,2026-02-20,2026-02-24,2026-02-24,37
ORD_01902,WH_A,2026-02-02,2026-02-03,2026-02-03,8
ORD_01169,WH_A,2026-01-13,2026-01-16,2026-01-16,8
ORD_00083,WH_C,2026-01-24,2026-01-27,2026-01-27,9
ORD_02437,WH_C,2026-02-24,2026-02-27,2026-02-27,11
ORD_01461,WH_C,2026-01-09,2026-01-13,2026-01-13,12
ORD_01894,WH_C,2026-01-18,2026-01-21,2026-01-24,10
ORD_01669,WH_B,2026-02-15,2026-02-17,2026-02-17,2
ORD_02001,WH_C,2026-02-12,2026-02-16,2026-02-15,20
ORD_00476,WH_E,2026-02-27,2026-03-03,2026-03-05,92
ORD_00518,WH_E,2026-03-08,2026-03-11,2026-03-11,38
ORD_00405,WH_C,2026-02-10,2026-02-12,2026-02-12,25
ORD_00385,WH_E,2026-01-29,2026-01-30,2026-01-31,67
ORD_02471,WH_C,2026-02-11,2026-02-15,2026-02-15,23
ORD_02153,WH_E,2026-02-18,2026-02-22,2026-02-21,27
ORD_01634,WH_E,2026-01-17,2026-01-20,2026-01-20,26
ORD_02874,WH_D,2026-03-13,2026-03-16,2026-03-16,37
ORD_00689,WH_E,2026-01-28,2026-01-30,2026-01-30,78
ORD_01241,WH_E,2026-03-21,2026-03-26,2026-03-26,43
ORD_00063,WH_E,2026-02-27,2026-03-03,2026-03-03,23
ORD_00853,WH_C,2026-03-18,2026-03-20,2026-03-19,25
ORD_02766,WH_E,2026-03-03,2026-03-07,2026-03-08,63
ORD_02489,WH_D,2026-02-18,2026-02-20,2026-02-22,42
ORD_01263,WH_C,2026-01-30,2026-02-01,2026-02-06,23
ORD_00224,WH_C,2026-03-01,2026-03-05,2026-03-05,15
ORD_02194,WH_D,2026-01-16,2026-01-19,2026-01-19,23
ORD_00374,WH_E,2026-01-07,2026-01-12,2026-01-11,67
ORD_01825,WH_D,2026-02-04,2026-02-05,2026-02-06,40
ORD_02550,WH_A,2026-03-06,2026-03-08,2026-03-08,3
ORD_02884,WH_A,2026-01-10,2026-01-13,2026-01-13,6
ORD_02611,WH_E,2026-02-26,2026-02-27,2026-02-28,78
ORD_02699,WH_E,2026-03-22,2026-03-25,2026-03-25,83
ORD_00010,WH_E,2026-03-23,2026-03-25,2026-03-25,41
ORD_01945,WH_E,2026-02-04,2026-02-06,2026-02-05,76
ORD_01839,WH_E,2026-02-16,2026-02-20,2026-02-22,27
ORD_00709,WH_C,2026-02-09,2026-02-13,2026-02-13,25
ORD_00256,WH_D,2026-03-12,2026-03-13,2026-03-17,18
ORD_01618,WH_E,2026-03-12,2026-03-13,2026-03-12,100
ORD_00390,WH_E,2026-02-23,2026-02-26,2026-02-26,43
ORD_01582,WH_C,2026-02-03,2026-02-07,2026-02-07,5
ORD_00925,WH_D,2026-03-02,2026-03-03,2026-03-03,30
ORD_02037,WH_B,2026-03-18,2026-03-21,2026-03-23,9
ORD_02416,WH_E,2026-01-06,2026-01-10,2026-01-13,45
ORD_01225,WH_D,2026-03-02,2026-03-05,2026-03-04,49
ORD_01947,WH_D,2026-01-12,2026-01-16,2026-01-16,19
ORD_00740,WH_C,2026-02-18,2026-02-21,2026-02-21,17
ORD_00041,WH_B,2026-01-07,2026-01-09,2026-01-09,7
ORD_00869,WH_E,2026-01-28,2026-01-31,2026-02-03,34
ORD_00540,WH_B,2026-03-17,2026-03-21,2026-03-21,2
ORD_02524,WH_C,2026-01-29,2026-02-02,2026-02-02,9
ORD_01372,WH_B,2026-01-07,2026-01-10,2026-01-10,9
ORD_01146,WH_E,2026-03-30,2026-04-02,2026-04-05,86
ORD_01032,WH_D,2026-01-04,2026-01-07,2026-01-07,13
ORD_00373,WH_B,2026-03-08,2026-03-12,2026-03-12,11
ORD_00668,WH_B,2026-03-06,2026-03-09,2026-03-08,8
ORD_00358,WH_D,2026-03-18,2026-03-19,2026-03-19,47
ORD_00968,WH_C,2026-01-12,2026-01-16,2026-01-16,6
ORD_01354,WH_E,2026-03-31,2026-04-05,2026-04-05,48
ORD_01036,WH_E,2026-01-16,2026-01-20,2026-01-22,45
ORD_00471,WH_A,2026-02-28,2026-03-03,2026-03-03,4
ORD_01397,WH_D,2026-03-12,2026-03-14,2026-03-14,47
ORD_02635,WH_E,2026-02-01,2026-02-06,2026-02-06,76
ORD_01550,WH_D,2026-03-14,2026-03-18,2026-03-19,34
ORD_01257,WH_C,2026-02-14,2026-02-18,2026-02-19,11
ORD_02095,WH_C,2026-03-18,2026-03-23,2026-03-23,21
ORD_01556,WH_C,2026-01-20,2026-01-22,2026-01-22,23
ORD_02603,WH_E,2026-03-20,2026-03-23,2026-03-27,87
ORD_01251,WH_E,2026-01-08,2026-01-10,2026-01-10,54
ORD_01700,WH_D,2026-02-26,2026-03-01,2026-03-01,20
ORD_01253,WH_B,2026-01-15,2026-01-20,2026-01-20,10
ORD_02795,WH_D,2026-01-26,2026-01-29,2026-01-29,12
ORD_00080,WH_B,2026-02-04,2026-02-07,2026-02-07,12
ORD_01173,WH_D,2026-03-19,2026-03-22,2026-03-25,16
ORD_00815,WH_E,2026-01-17,2026-01-22,2026-01-21,100
ORD_01853,WH_E,2026-01-30,2026-02-04,2026-02-05,72
ORD_02221,WH_E,2026-02-21,2026-02-24,2026-02-24,43
ORD_02643,WH_E,2026-02-21,2026-02-25,2026-02-25,95
ORD_02106,WH_C,2026-02-16,2026-02-20,2026-02-22,25
ORD_00134,WH_C,2026-03-09,2026-03-13,2026-03-13,18
ORD_01141,WH_E,2026-03-26,2026-03-29,2026-04-01,59
ORD_00934,WH_D,2026-02-12,2026-02-15,2026-02-15,37
ORD_00929,WH_D,2026-01-17,2026-01-21,2026-01-24,25
ORD_00824,WH_C,2026-01-09,2026-01-12,2026-01-12,20
ORD_01532,WH_D,2026-03-18,2026-03-20,2026-03-20,47
ORD_01215,WH_E,2026-02-04,2026-02-07,2026-02-07,52
ORD_00505,WH_E,2026-03-20,2026-03-23,2026-03-25,42
ORD_02980,WH_E,2026-03-12,2026-03-14,2026-03-15,20
ORD_02396,WH_C,2026-01-02,2026-01-04,2026-01-06,18
ORD_01997,WH_E,2026-01-25,2026-01-28,2026-01-28,38
ORD_01959,WH_D,2026-03-08,2026-03-10,2026-03-12,22
ORD_01385,WH_E,2026-03-10,2026-03-13,2026-03-15,94
ORD_00895,WH_E,2026-03-25,2026-03-28,2026-03-29,36
ORD_00829,WH_E,2026-03-23,2026-03-27,2026-03-30,48
ORD_02935,WH_E,2026-01-26,2026-01-28,2026-01-31,62
ORD_01684,WH_E,2026-01-03,2026-01-05,2026-01-05,70
ORD_02588,WH_E,2026-02-01,2026-02-05,2026-02-05,73
ORD_02572,WH_E,2026-03-20,2026-03-22,2026-03-22,44
ORD_02526,WH_C,2026-02-11,2026-02-15,2026-02-17,21
ORD_00653,WH_D,2026-01-21,2026-01-24,2026-01-27,24
ORD_00173,WH_D,2026-01-23,2026-01-25,2026-01-25,36
ORD_00039,WH_E,2026-03-25,2026-03-29,2026-03-30,99
ORD_02875,WH_E,2026-03-29,2026-03-31,2026-03-31,78
ORD_00714,WH_D,2026-02-24,2026-02-27,2026-03-03,19
ORD_00091,WH_B,2026-01-29,2026-01-31,2026-01-31,4
ORD_02970,WH_D,2026-02-01,2026-02-06,2026-02-06,15
ORD_01206,WH_E,2026-01-17,2026-01-19,2026-01-21,38
ORD_02769,WH_D,2026-01-25,2026-01-27,2026-01-27,20
ORD_01828,WH_E,2026-03-24,2026-03-27,2026-03-29,70
ORD_01156,WH_E,2026-02-11,2026-02-16,2026-02-18,32
ORD_01325,WH_E,2026-01-28,2026-01-29,2026-01-30,80
ORD_00217,WH_C,2026-03-23,2026-03-26,2026-03-26,6
ORD_00511,WH_D,2026-01-12,2026-01-14,2026-01-14,46
ORD_01681,WH_C,2026-01-29,2026-02-01,2026-02-01,19
ORD_00500,WH_E,2026-01-02,2026-01-07,2026-01-06,83
ORD_02624,WH_E,2026-03-20,2026-03-23,2026-03-23,79
ORD_01857,WH_E,2026-01-12,2026-01-15,2026-01-17,76
ORD_01389,WH_E,2026-01-28,2026-01-30,2026-01-30,97
ORD_01520,WH_E,2026-01-02,2026-01-06,2026-01-07,34
ORD_02387,WH_C,2026-03-23,2026-03-26,2026-03-26,12
ORD_02736,WH_E,2026-03-30,2026-04-03,2026-04-03,98
ORD_02077,WH_C,2026-03-01,2026-03-04,2026-03-03,5
ORD_01541,WH_E,2026-02-10,2026-02-13,2026-02-13,45
ORD_01218,WH_E,2026-01-19,2026-01-21,2026-01-23,48
ORD_01417,WH_A,2026-03-04,2026-03-08,2026-03-08,8
ORD_02218,WH_C,2026-02-06,2026-02-09,2026-02-10,21
ORD_02532,WH_E,2026-02-07,2026-02-12,2026-02-11,26
ORD_01677,WH_B,2026-01-29,2026-02-02,2026-02-02,9
ORD_01198,WH_E,2026-03-31,2026-04-01,2026-04-01,97
ORD_01543,WH_D,2026-02-03,2026-02-06,2026-02-07,45
ORD_00954,WH_E,2026-01-01,2026-01-05,2026-01-06,35
ORD_00751,WH_B,2026-01-20,2026-01-23,2026-01-23,11
ORD_00235,WH_B,2026-03-18,2026-03-21,2026-03-21,2
ORD_00733,WH_E,2026-03-22,2026-03-25,2026-03-25,34
ORD_02114,WH_E,2026-01-06,2026-01-09,2026-01-13,51
ORD_01157,WH_B,2026-01-21,2026-01-22,2026-01-21,6
ORD_02587,WH_A,2026-01-22,2026-01-25,2026-01-25,8
ORD_02446,WH_C,2026-01-04,2026-01-06,2026-01-05,10
ORD_01210,WH_E,2026-01-07,2026-01-08,2026-01-08,43
ORD_01066,WH_E,2026-02-03,2026-02-07,2026-02-08,53
ORD_02157,WH_B,2026-01-23,2026-01-24,2026-01-27,5
ORD_01063,WH_E,2026-02-13,2026-02-15,2026-02-15,74
ORD_01168,WH_D,2026-03-31,2026-04-03,2026-04-03,18
ORD_01493,WH_C,2026-01-26,2026-01-31,2026-02-02,16
ORD_02487,WH_D,2026-03-06,2026-03-10,2026-03-10,21
ORD_00885,WH_E,2026-02-18,2026-02-22,2026-02-24,71
ORD_00144,WH_C,2026-02-15,2026-02-18,2026-02-18,10
ORD_02957,WH_E,2026-03-29,2026-03-30,2026-03-30,70
ORD_00851,WH_A,2026-01-06,2026-01-08,2026-01-07,1
ORD_00718,WH_E,2026-01-07,2026-01-10,2026-01-10,26
ORD_02857,WH_C,2026-03-05,2026-03-06,2026-03-06,10
ORD_00265,WH_E,2026-03-09,2026-03-10,2026-03-09,84
ORD_00076,WH_E,2026-03-12,2026-03-15,2026-03-16,100
ORD_00396,WH_E,2026-03-21,2026-03-26,2026-03-28,80
ORD_02985,WH_D,2026-02-16,2026-02-18,2026-02-17,31
ORD_02225,WH_A,2026-03-01,2026-03-02,2026-03-01,7
ORD_02814,WH_B,2026-03-14,2026-03-15,2026-03-15,12
ORD_00397,WH_E,2026-02-10,2026-02-12,2026-02-13,95
ORD_01366,WH_B,2026-03-31,2026-04-03,2026-04-03,11
ORD_02514,WH_D,2026-03-27,2026-03-31,2026-03-31,17
ORD_01904,WH_A,2026-01-11,2026-01-14,2026-01-14,5
ORD_00596,WH_D,2026-03-19,2026-03-21,2026-03-22,15
ORD_02110,WH_E,2026-01-07,2026-01-08,2026-01-11,78
ORD_01297,WH_B,2026-01-05,2026-01-08,2026-01-07,8
ORD_01822,WH_B,2026-02-19,2026-02-22,2026-02-22,5
ORD_00873,WH_D,2026-02-07,2026-02-12,2026-02-13,35
ORD_02926,WH_E,2026-01-21,2026-01-25,2026-01-25,89
ORD_02327,WH_E,2026-03-04,2026-03-07,2026-03-09,50
ORD_01549,WH_A,2026-02-09,2026-02-10,2026-02-10,8
ORD_00037,WH_C,2026-02-02,2026-02-05,2026-02-04,6
ORD_02540,WH_E,2026-02-25,2026-02-28,2026-03-03,66
ORD_02144,WH_C,2026-01-19,2026-01-24,2026-01-26,10
ORD_02570,WH_E,2026-02-22,2026-02-24,2026-02-28,77
ORD_00978,WH_A,2026-02-09,2026-02-13,2026-02-12,8
ORD_01572,WH_B,2026-01-12,2026-01-16,2026-01-15,12
ORD_01123,WH_E,2026-02-28,2026-03-01,2026-03-02,77
ORD_02240,WH_C,2026-02-24,2026-02-28,2026-02-28,13
ORD_02505,WH_C,2026-01-27,2026-01-30,2026-01-30,20
ORD_01893,WH_E,2026-02-23,2026-02-26,2026-02-26,38
ORD_00676,WH_E,2026-01-14,2026-01-17,2026-01-16,31
ORD_00729,WH_C,2026-02-04,2026-02-08,2026-02-11,12
ORD_00413,WH_E,2026-02-26,2026-03-02,2026-03-04,42
ORD_01517,WH_D,2026-03-07,2026-03-09,2026-03-10,15
ORD_01650,WH_E,2026-03-07,2026-03-10,2026-03-12,59
ORD_00826,WH_E,2026-01-20,2026-01-23,2026-01-23,35
ORD_00617,WH_A,2026-03-02,2026-03-06,2026-03-05,7
ORD_00115,WH_D,2026-03-09,2026-03-11,2026-03-11,41
ORD_00418,WH_C,2026-01-08,2026-01-09,2026-01-09,9
ORD_01626,WH_E,2026-02-13,2026-02-16,2026-02-16,44
ORD_02954,WH_D,2026-03-26,2026-03-29,2026-03-31,28
ORD_00090,WH_D,2026-02-08,2026-02-10,2026-02-10,47
ORD_02083,WH_D,2026-03-26,2026-03-30,2026-03-30,34
ORD_00754,WH_C,2026-01-10,2026-01-14,2026-01-16,5
ORD_01631,WH_E,2026-03-20,2026-03-22,2026-03-23,37
ORD_00012,WH_E,2026-03-13,2026-03-14,2026-03-19,64
ORD_02445,WH_D,2026-01-04,2026-01-07,2026-01-07,45
ORD_00285,WH_D,2026-02-27,2026-03-04,2026-03-04,18
ORD_01067,WH_C,2026-03-28,2026-03-29,2026-03-29,20
ORD_01192,WH_D,2026-01-23,2026-01-27,2026-01-28,37
ORD_01441,WH_E,2026-03-20,2026-03-24,2026-03-24,26
ORD_02816,WH_E,2026-03-20,2026-03-22,2026-03-22,26
ORD_02882,WH_E,2026-02-03,2026-02-06,2026-02-05,36
ORD_02725,WH_C,2026-01-20,2026-01-23,2026-01-23,11
ORD_01569,WH_D,2026-03-07,2026-03-11,2026-03-11,43
ORD_02428,WH_E,2026-02-11,2026-02-13,2026-02-13,90
ORD_02591,WH_E,2026-02-23,2026-02-27,2026-02-27,67
ORD_01688,WH_D,2026-03-17,2026-03-22,2026-03-23,39
ORD_00852,WH_E,2026-03-24,2026-03-28,2026-03-27,35
ORD_02208,WH_E,2026-01-08,2026-01-11,2026-01-10,38
ORD_00896,WH_C,2026-01-22,2026-01-23,2026-01-22,24
ORD_00497,WH_D,2026-02-26,2026-02-28,2026-02-28,46
ORD_02306,WH_C,2026-01-03,2026-01-06,2026-01-05,6
ORD_01783,WH_D,2026-01-17,2026-01-20,2026-01-22,23
ORD_00336,WH_A,2026-02-16,2026-02-17,2026-02-17,3
ORD_00516,WH_A,2026-03-03,2026-03-06,2026-03-06,6
ORD_01349,WH_E,2026-02-23,2026-02-25,2026-02-25,86
ORD_01016,WH_E,2026-03-22,2026-03-26,2026-03-28,90
ORD_02823,WH_D,2026-01-20,2026-01-22,2026-01-22,44
ORD_02818,WH_A,2026-01-23,2026-01-25,2026-01-28,7
ORD_01782,WH_E,2026-01-30,2026-02-02,2026-02-02,76
ORD_01786,WH_E,2026-01-30,2026-02-02,2026-02-04,60
ORD_02071,WH_E,2026-03-28,2026-03-30,2026-03-29,24
ORD_00357,WH_A,2026-02-17,2026-02-20,2026-02-20,7
ORD_02867,WH_D,2026-01-17,2026-01-20,2026-01-22,14
ORD_01313,WH_D,2026-01-14,2026-01-16,2026-01-16,45
ORD_01636,WH_C,2026-02-23,2026-02-27,2026-02-27,13
ORD_00551,WH_D,2026-03-20,2026-03-23,2026-03-23,37
ORD_02389,WH_E,2026-01-31,2026-02-04,2026-02-04,64
ORD_02480,WH_E,2026-03-08,2026-03-11,2026-03-12,57
ORD_02522,WH_B,2026-03-16,2026-03-17,2026-03-17,7
ORD_02266,WH_D,2026-02-24,2026-02-26,2026-02-26,11
ORD_01228,WH_C,2026-02-19,2026-02-22,2026-02-22,14
ORD_02695,WH_E,2026-03-03,2026-03-05,2026-03-05,80
ORD_00958,WH_A,2026-01-09,2026-01-12,2026-01-12,1
ORD_01774,WH_E,2026-01-25,2026-01-28,2026-01-31,40
ORD_02142,WH_D,2026-01-03,2026-01-06,2026-01-06,33
ORD_01009,WH_C,2026-02-12,2026-02-13,2026-02-13,17
ORD_01093,WH_D,2026-01-25,2026-01-29,2026-01-28,23
ORD_02689,WH_D,2026-03-29,2026-04-01,2026-04-01,45
ORD_00997,WH_E,2026-01-17,2026-01-20,2026-01-21,41
ORD_01680,WH_E,2026-01-08,2026-01-11,2026-01-11,53
ORD_00154,WH_D,2026-02-19,2026-02-20,2026-02-21,26
ORD_02864,WH_D,2026-01-15,2026-01-16,2026-01-16,27
ORD_00581,WH_D,2026-01-15,2026-01-17,2026-01-17,43
ORD_01471,WH_D,2026-03-24,2026-03-27,2026-03-28,22
ORD_00704,WH_B,2026-02-12,2026-02-13,2026-02-13,12
ORD_01213,WH_B,2026-01-19,2026-01-22,2026-01-22,2
ORD_00897,WH_C,2026-01-04,2026-01-07,2026-01-06,8
ORD_00488,WH_C,2026-03-17,2026-03-21,2026-03-20,7
ORD_00560,WH_D,2026-02-28,2026-03-03,2026-03-02,20
ORD_01142,WH_C,2026-02-25,2026-03-01,2026-03-01,13
ORD_01120,WH_B,2026-02-28,2026-03-03,2026-03-03,2
ORD_00513,WH_E,2026-01-23,2026-01-26,2026-01-25,65
ORD_00634,WH_D,2026-01-12,2026-01-15,2026-01-15,23
ORD_02598,WH_D,2026-01-23,2026-01-24,2026-01-24,15
ORD_01665,WH_E,2026-02-23,2026-02-26,2026-02-27,32
ORD_01013,WH_E,2026-02-21,2026-02-23,2026-02-23,99
ORD_01932,WH_D,2026-02-11,2026-02-14,2026-02-16,26
ORD_01151,WH_E,2026-02-09,2026-02-13,2026-02-13,36
ORD_02820,WH_C,2026-02-17,2026-02-18,2026-02-18,24
ORD_00117,WH_E,2026-03-24,2026-03-28,2026-03-28,68
ORD_00741,WH_D,2026-01-17,2026-01-21,2026-01-21,15
ORD_02801,WH_E,2026-01-12,2026-01-16,2026-01-16,83
ORD_01975,WH_C,2026-01-24,2026-01-26,2026-01-27,17
ORD_01082,WH_B,2026-03-30,2026-04-01,2026-03-31,2
ORD_01811,WH_E,2026-02-22,2026-02-26,2026-02-26,84
ORD_00831,WH_C,2026-03-21,2026-03-22,2026-03-22,14
ORD_00120,WH_D,2026-01-10,2026-01-11,2026-01-11,45
ORD_00657,WH_C,2026-02-10,2026-02-13,2026-02-13,25
ORD_02747,WH_D,2026-01-17,2026-01-20,2026-01-20,28
ORD_02707,WH_B,2026-01-18,2026-01-21,2026-01-21,5
ORD_02947,WH_D,2026-02-07,2026-02-10,2026-02-10,32
ORD_00636,WH_D,2026-01-04,2026-01-06,2026-01-05,48
ORD_00370,WH_A,2026-03-10,2026-03-13,2026-03-13,8
ORD_00269,WH_C,2026-02-25,2026-02-27,2026-02-27,22
ORD_00047,WH_C,2026-02-23,2026-02-26,2026-02-25,9
ORD_00992,WH_E,2026-01-21,2026-01-25,2026-01-24,66
ORD_00877,WH_E,2026-02-26,2026-03-02,2026-03-07,76
ORD_00774,WH_C,2026-02-18,2026-02-22,2026-02-24,8
ORD_01220,WH_C,2026-02-04,2026-02-08,2026-02-11,5
ORD_01127,WH_B,2026-02-20,2026-02-22,2026-02-22,10
ORD_00005,WH_B,2026-02-25,2026-02-28,2026-02-28,5
ORD_01596,WH_D,2026-02-02,2026-02-06,2026-02-06,25
ORD_02312,WH_E,2026-03-31,2026-04-03,2026-04-03,73
ORD_02492,WH_C,2026-01-21,2026-01-23,2026-01-23,12
ORD_01078,WH_E,2026-03-07,2026-03-10,2026-03-10,48
ORD_00838,WH_C,2026-03-01,2026-03-03,2026-03-04,25
ORD_00682,WH_C,2026-02-12,2026-02-15,2026-02-18,17
ORD_01716,WH_E,2026-01-09,2026-01-11,2026-01-16,48
ORD_02353,WH_D,2026-02-16,2026-02-19,2026-02-18,48
ORD_02618,WH_C,2026-02-07,2026-02-10,2026-02-10,10
ORD_02362,WH_D,2026-03-23,2026-03-25,2026-03-25,19
ORD_02198,WH_E,2026-01-05,2026-01-09,2026-01-08,39
ORD_01149,WH_E,2026-02-24,2026-02-27,2026-03-04,40
ORD_00575,WH_E,2026-03-02,2026-03-03,2026-03-03,82
ORD_00051,WH_E,2026-03-23,2026-03-26,2026-03-25,57
ORD_00854,WH_E,2026-03-01,2026-03-04,2026-03-06,29
ORD_01983,WH_D,2026-02-19,2026-02-23,2026-02-23,11
ORD_01824,WH_E,2026-03-02,2026-03-04,2026-03-06,57
ORD_00834,WH_B,2026-03-17,2026-03-20,2026-03-20,4
ORD_01116,WH_D,2026-02-22,2026-02-23,2026-02-23,25
ORD_01167,WH_E,2026-01-17,2026-01-21,2026-01-25,95
ORD_02519,WH_E,2026-03-03,2026-03-06,2026-03-05,25
ORD_01907,WH_E,2026-03-09,2026-03-10,2026-03-10,89
ORD_00972,WH_E,2026-01-11,2026-01-14,2026-01-16,39
ORD_00400,WH_E,2026-03-19,2026-03-22,2026-03-24,81
ORD_02560,WH_D,2026-03-21,2026-03-24,2026-03-24,40
ORD_02369,WH_C,2026-01-15,2026-01-18,2026-01-18,8
ORD_00020,WH_C,2026-01-06,2026-01-08,2026-01-08,9
ORD_00685,WH_E,2026-02-09,2026-02-10,2026-02-10,21
ORD_00036,WH_E,2026-03-09,2026-03-11,2026-03-13,91
ORD_02844,WH_E,2026-03-12,2026-03-15,2026-03-14,96
ORD_00525,WH_E,2026-01-21,2026-01-23,2026-01-26,35
ORD_02456,WH_B,2026-03-11,2026-03-14,2026-03-17,12
ORD_00921,WH_E,2026-01-13,2026-01-16,2026-01-16,42
ORD_01842,WH_D,2026-01-04,2026-01-06,2026-01-07,17
ORD_01891,WH_B,2026-02-21,2026-02-23,2026-02-23,3
ORD_00538,WH_C,2026-03-25,2026-03-28,2026-03-30,12
ORD_01706,WH_B,2026-03-24,2026-03-27,2026-04-01,7
ORD_02960,WH_E,2026-01-18,2026-01-20,2026-01-20,55
ORD_00246,WH_E,2026-01-03,2026-01-07,2026-01-08,87
ORD_00785,WH_B,2026-03-28,2026-03-29,2026-03-29,6
ORD_01410,WH_E,2026-02-06,2026-02-09,2026-02-09,36
ORD_02538,WH_B,2026-01-22,2026-01-24,2026-01-24,4
ORD_00155,WH_E,2026-02-04,2026-02-08,2026-02-08,80
ORD_01687,WH_E,2026-03-10,2026-03-12,2026-03-15,67
ORD_00626,WH_C,2026-02-24,2026-02-26,2026-02-26,12
ORD_02891,WH_C,2026-01-04,2026-01-08,2026-01-08,24
ORD_01347,WH_C,2026-02-11,2026-02-12,2026-02-12,6
ORD_00570,WH_C,2026-02-17,2026-02-21,2026-02-21,15
ORD_02948,WH_D,2026-01-24,2026-01-26,2026-01-26,48
ORD_01759,WH_B,2026-03-30,2026-04-01,2026-04-01,8
ORD_01817,WH_C,2026-02-12,2026-02-15,2026-02-15,22
ORD_02066,WH_E,2026-01-26,2026-01-28,2026-01-29,62
ORD_00128,WH_E,2026-01-22,2026-01-24,2026-01-26,64
ORD_02993,WH_D,2026-01-30,2026-02-03,2026-02-03,24
ORD_02007,WH_D,2026-03-04,2026-03-06,2026-03-06,34
ORD_00981,WH_C,2026-01-06,2026-01-08,2026-01-08,21
ORD_02990,WH_E,2026-01-18,2026-01-20,2026-01-20,99
ORD_00191,WH_B,2026-03-23,2026-03-25,2026-03-25,7
ORD_01140,WH_D,2026-02-27,2026-02-28,2026-02-27,28
ORD_00993,WH_C,2026-03-07,2026-03-10,2026-03-09,20
ORD_00700,WH_D,2026-01-26,2026-01-29,2026-01-29,21
ORD_00607,WH_C,2026-01-10,2026-01-13,2026-01-13,10
ORD_00181,WH_C,2026-02-09,2026-02-14,2026-02-14,14
ORD_00302,WH_D,2026-03-21,2026-03-23,2026-03-23,39
ORD_02545,WH_B,2026-01-01,2026-01-05,2026-01-05,2
ORD_02790,WH_E,2026-03-25,2026-03-28,2026-03-30,95
ORD_01061,WH_E,2026-03-17,2026-03-19,2026-03-18,20
ORD_02834,WH_C,2026-02-03,2026-02-05,2026-02-07,8
ORD_02893,WH_E,2026-01-13,2026-01-15,2026-01-15,36
ORD_02566,WH_C,2026-02-28,2026-03-03,2026-03-03,14
ORD_01070,WH_C,2026-01-12,2026-01-14,2026-01-14,10
ORD_02525,WH_E,2026-02-10,2026-02-14,2026-02-18,42
ORD_02206,WH_E,2026-03-15,2026-03-18,2026-03-19,27
ORD_01244,WH_E,2026-01-04,2026-01-06,2026-01-08,21
ORD_00017,WH_C,2026-01-27,2026-01-29,2026-01-29,5
ORD_02996,WH_E,2026-01-10,2026-01-15,2026-01-15,100
ORD_00547,WH_B,2026-01-22,2026-01-24,2026-01-23,3
ORD_00659,WH_D,2026-03-30,2026-04-03,2026-04-03,38
ORD_02719,WH_E,2026-03-14,2026-03-17,2026-03-16,43
ORD_02750,WH_D,2026-02-18,2026-02-22,2026-02-22,27
ORD_01505,WH_C,2026-01-19,2026-01-22,2026-01-25,24
ORD_00960,WH_E,2026-01-15,2026-01-20,2026-01-20,73
ORD_02332,WH_A,2026-01-03,2026-01-07,2026-01-10,7
ORD_00798,WH_D,2026-03-01,2026-03-03,2026-03-06,47
ORD_00226,WH_C,2026-02-05,2026-02-09,2026-02-09,17
ORD_02075,WH_E,2026-01-28,2026-01-31,2026-02-04,75
ORD_01800,WH_A,2026-03-22,2026-03-25,2026-03-25,6
ORD_02486,WH_E,2026-03-27,2026-03-31,2026-03-30,96
ORD_02978,WH_A,2026-01-31,2026-02-03,2026-02-03,1
ORD_02278,WH_D,2026-03-23,2026-03-27,2026-03-27,38
ORD_02086,WH_D,2026-01-25,2026-01-29,2026-01-28,40
ORD_01694,WH_B,2026-01-19,2026-01-22,2026-01-22,4
ORD_01046,WH_D,2026-03-14,2026-03-17,2026-03-17,42
ORD_00470,WH_E,2026-01-29,2026-02-02,2026-02-02,28
ORD_00955,WH_D,2026-02-13,2026-02-18,2026-02-19,37
ORD_02992,WH_E,2026-03-13,2026-03-17,2026-03-17,84
ORD_00640,WH_C,2026-01-25,2026-01-27,2026-01-31,23
ORD_02793,WH_D,2026-02-21,2026-02-25,2026-02-25,46
ORD_01219,WH_E,2026-01-20,2026-01-23,2026-01-23,50
ORD_01159,WH_E,2026-03-22,2026-03-24,2026-03-27,57
ORD_01416,WH_E,2026-03-11,2026-03-16,2026-03-16,81
ORD_02728,WH_C,2026-03-18,2026-03-23,2026-03-22,5
ORD_01528,WH_C,2026-01-10,2026-01-13,2026-01-16,15
ORD_02936,WH_B,2026-02-07,2026-02-11,2026-02-10,12
ORD_01301,WH_A,2026-02-04,2026-02-08,2026-02-07,2
ORD_02881,WH_C,2026-02-07,2026-02-09,2026-02-11,22
ORD_01604,WH_C,2026-01-16,2026-01-18,2026-01-18,24
ORD_00161,WH_C,2026-03-14,2026-03-17,2026-03-17,11
ORD_01705,WH_D,2026-02-12,2026-02-16,2026-02-16,20
ORD_00957,WH_D,2026-03-21,2026-03-24,2026-03-27,37
ORD_02930,WH_C,2026-03-29,2026-04-01,2026-03-31,16
ORD_00878,WH_E,2026-01-06,2026-01-07,2026-01-10,73
ORD_01920,WH_D,2026-02-08,2026-02-09,2026-02-08,25
ORD_01885,WH_B,2026-03-17,2026-03-19,2026-03-23,9
ORD_02201,WH_E,2026-01-18,2026-01-20,2026-01-19,68
ORD_00099,WH_A,2026-01-30,2026-02-02,2026-02-01,1
ORD_02842,WH_E,2026-02-21,2026-02-23,2026-02-23,100
ORD_02558,WH_C,2026-02-09,2026-02-13,2026-02-13,18
ORD_00254,WH_C,2026-03-15,2026-03-17,2026-03-16,21
ORD_00104,WH_D,2026-01-06,2026-01-08,2026-01-09,49
ORD_01446,WH_B,2026-01-04,2026-01-05,2026-01-05,8
ORD_01444,WH_D,2026-01-09,2026-01-11,2026-01-10,11
ORD_01649,WH_E,2026-01-22,2026-01-27,2026-01-27,74
ORD_00587,WH_A,2026-01-21,2026-01-26,2026-01-25,5
ORD_00628,WH_E,2026-03-10,2026-03-11,2026-03-11,32
ORD_01697,WH_A,2026-01-13,2026-01-17,2026-01-17,3
ORD_02102,WH_D,2026-02-14,2026-02-19,2026-02-20,17
ORD_02200,WH_C,2026-03-20,2026-03-23,2026-03-22,19
ORD_00404,WH_E,2026-03-07,2026-03-09,2026-03-11,94
ORD_01155,WH_D,2026-02-23,2026-02-26,2026-02-26,43
ORD_02256,WH_D,2026-03-01,2026-03-05,2026-03-05,41
ORD_01683,WH_D,2026-02-02,2026-02-04,2026-02-03,14
ORD_02057,WH_D,2026-02-24,2026-02-27,2026-02-27,28
ORD_02859,WH_A,2026-03-10,2026-03-13,2026-03-13,4
ORD_00453,WH_D,2026-01-31,2026-02-03,2026-02-04,12
ORD_02302,WH_D,2026-01-24,2026-01-27,2026-01-27,27
ORD_01328,WH_E,2026-03-19,2026-03-22,2026-03-24,51
ORD_02050,WH_B,2026-02-12,2026-02-14,2026-02-14,5
ORD_00881,WH_C,2026-01-10,2026-01-12,2026-01-11,9
ORD_02933,WH_A,2026-01-09,2026-01-14,2026-01-14,4
ORD_00624,WH_D,2026-01-24,2026-01-27,2026-01-27,37
ORD_02394,WH_B,2026-01-08,2026-01-10,2026-01-09,2
ORD_02787,WH_E,2026-02-02,2026-02-06,2026-02-05,92
ORD_01788,WH_D,2026-03-20,2026-03-22,2026-03-22,38
ORD_00263,WH_B,2026-03-10,2026-03-11,2026-03-10,4
ORD_01635,WH_E,2026-03-24,2026-03-28,2026-03-30,31
ORD_01439,WH_C,2026-02-07,2026-02-09,2026-02-09,17
ORD_02199,WH_D,2026-01-20,2026-01-23,2026-01-23,44
ORD_01970,WH_A,2026-03-12,2026-03-15,2026-03-15,1
ORD_02521,WH_E,2026-01-22,2026-01-25,2026-01-25,36
ORD_01803,WH_C,2026-03-15,2026-03-16,2026-03-16,19
ORD_00641,WH_A,2026-01-14,2026-01-16,2026-01-16,8
ORD_02386,WH_D,2026-03-19,2026-03-21,2026-03-20,35
ORD_02599,WH_C,2026-01-23,2026-01-26,2026-01-26,22
ORD_02845,WH_D,2026-02-17,2026-02-21,2026-02-21,26
ORD_01960,WH_E,2026-02-14,2026-02-19,2026-02-21,53
ORD_00489,WH_E,2026-02-11,2026-02-15,2026-02-15,79
ORD_01844,WH_D,2026-01-17,2026-01-18,2026-01-18,18
ORD_01735,WH_B,2026-01-06,2026-01-09,2026-01-09,8
ORD_00147,WH_D,2026-01-06,2026-01-09,2026-01-09,28
ORD_01535,WH_D,2026-02-06,2026-02-07,2026-02-06,42
ORD_01987,WH_E,2026-03-01,2026-03-03,2026-03-03,21
ORD_01370,WH_C,2026-03-20,2026-03-24,2026-03-24,7
ORD_02451,WH_C,2026-02-01,2026-02-05,2026-02-05,7
ORD_02951,WH_E,2026-03-13,2026-03-17,2026-03-17,58
ORD_00660,WH_D,2026-02-23,2026-02-25,2026-02-25,33
ORD_01795,WH_A,2026-03-05,2026-03-09,2026-03-13,8
ORD_02512,WH_E,2026-03-12,2026-03-15,2026-03-14,42
ORD_00187,WH_E,2026-02-27,2026-03-01,2026-03-02,26
ORD_01148,WH_E,2026-01-01,2026-01-06,2026-01-06,62
ORD_00609,WH_D,2026-01-25,2026-01-29,2026-01-29,40
ORD_02192,WH_E,2026-01-04,2026-01-07,2026-01-09,93
ORD_01931,WH_D,2026-03-10,2026-03-12,2026-03-12,38
ORD_00198,WH_E,2026-02-28,2026-03-02,2026-03-06,96
ORD_02328,WH_A,2026-03-13,2026-03-17,2026-03-17,3
ORD_00294,WH_C,2026-01-22,2026-01-25,2026-01-28,8
ORD_00767,WH_E,2026-03-05,2026-03-09,2026-03-08,93
ORD_00401,WH_B,2026-01-29,2026-02-01,2026-02-03,2
ORD_00123,WH_C,2026-02-28,2026-03-01,2026-03-01,7
ORD_00203,WH_B,2026-03-15,2026-03-20,2026-03-20,10
ORD_00836,WH_D,2026-02-07,2026-02-11,2026-02-11,43
ORD_02295,WH_A,2026-03-28,2026-03-31,2026-03-31,5
ORD_01440,WH_E,2026-03-11,2026-03-15,2026-03-16,38
ORD_01734,WH_D,2026-03-05,2026-03-09,2026-03-14,19
ORD_01696,WH_A,2026-02-12,2026-02-16,2026-02-15,2
ORD_02943,WH_C,2026-03-03,2026-03-07,2026-03-07,11
ORD_01708,WH_C,2026-03-13,2026-03-16,2026-03-16,16
ORD_02928,WH_E,2026-02-08,2026-02-10,2026-02-14,77
ORD_01154,WH_E,2026-03-04,2026-03-06,2026-03-06,47
ORD_01662,WH_D,2026-03-29,2026-04-01,2026-04-03,10
ORD_02433,WH_E,2026-03-05,2026-03-09,2026-03-08,47
ORD_01760,WH_D,2026-02-23,2026-02-25,2026-02-25,21
ORD_00855,WH_C,2026-03-31,2026-04-01,2026-04-05,14
ORD_01590,WH_E,2026-01-22,2026-01-25,2026-01-25,55
ORD_02268,WH_E,2026-02-18,2026-02-21,2026-02-20,76
ORD_00642,WH_C,2026-03-16,2026-03-20,2026-03-19,18
ORD_00002,WH_E,2026-03-13,2026-03-16,2026-03-16,62
ORD_02161,WH_E,2026-02-23,2026-02-27,2026-03-01,62
ORD_00699,WH_B,2026-02-23,2026-02-26,2026-02-26,7
ORD_01637,WH_C,2026-03-03,2026-03-07,2026-03-07,22
ORD_01292,WH_B,2026-03-04,2026-03-07,2026-03-07,8
ORD_02871,WH_E,2026-01-21,2026-01-25,2026-01-24,34
ORD_02490,WH_C,2026-02-21,2026-02-25,2026-02-24,7
ORD_01521,WH_A,2026-03-01,2026-03-04,2026-03-05,6
ORD_01854,WH_E,2026-01-22,2026-01-27,2026-01-28,82
ORD_01137,WH_E,2026-03-02,2026-03-04,2026-03-04,69
ORD_02913,WH_E,2026-01-08,2026-01-10,2026-01-11,30
ORD_01632,WH_C,2026-02-12,2026-02-16,2026-02-15,21
ORD_01999,WH_A,2026-03-03,2026-03-06,2026-03-06,8
ORD_00664,WH_C,2026-03-06,2026-03-08,2026-03-07,13
ORD_00684,WH_E,2026-01-12,2026-01-14,2026-01-17,80
ORD_01258,WH_D,2026-03-07,2026-03-10,2026-03-13,29
ORD_00318,WH_B,2026-03-07,2026-03-11,2026-03-11,9
ORD_00649,WH_E,2026-02-23,2026-02-25,2026-02-26,93
ORD_01435,WH_B,2026-02-21,2026-02-24,2026-02-24,6
ORD_01480,WH_D,2026-03-29,2026-03-31,2026-04-03,23
ORD_00710,WH_E,2026-03-31,2026-04-02,2026-04-02,77
ORD_01283,WH_D,2026-03-15,2026-03-19,2026-03-20,33
ORD_01769,WH_C,2026-02-14,2026-02-17,2026-02-19,21
ORD_00973,WH_E,2026-02-12,2026-02-14,2026-02-16,49
ORD_02676,WH_C,2026-03-28,2026-03-30,2026-03-30,19
ORD_02681,WH_C,2026-03-16,2026-03-19,2026-03-18,25
ORD_01307,WH_E,2026-03-18,2026-03-22,2026-03-23,44
ORD_01401,WH_B,2026-03-08,2026-03-13,2026-03-13,7
ORD_01409,WH_D,2026-03-05,2026-03-07,2026-03-07,10
ORD_02238,WH_B,2026-02-19,2026-02-22,2026-02-22,9
ORD_01497,WH_D,2026-03-16,2026-03-18,2026-03-20,31
ORD_02039,WH_C,2026-03-16,2026-03-19,2026-03-21,9
ORD_01530,WH_D,2026-02-11,2026-02-14,2026-02-17,25
ORD_01664,WH_D,2026-01-29,2026-01-30,2026-01-30,47
ORD_01355,WH_D,2026-01-16,2026-01-19,2026-01-19,38
ORD_02939,WH_E,2026-02-13,2026-02-16,2026-02-18,70
ORD_02959,WH_C,2026-02-28,2026-03-04,2026-03-04,23
ORD_01644,WH_D,2026-01-05,2026-01-08,2026-01-11,11
ORD_01052,WH_D,2026-03-08,2026-03-13,2026-03-13,11
ORD_00796,WH_E,2026-01-24,2026-01-29,2026-01-29,33
ORD_02694,WH_D,2026-01-02,2026-01-05,2026-01-06,29
ORD_01598,WH_A,2026-02-05,2026-02-07,2026-02-09,4
ORD_02605,WH_A,2026-01-27,2026-01-30,2026-01-30,5
ORD_02730,WH_D,2026-01-27,2026-01-30,2026-01-31,44
ORD_02626,WH_E,2026-03-28,2026-04-01,2026-04-02,69
ORD_01820,WH_C,2026-01-01,2026-01-05,2026-01-06,20
ORD_01723,WH_C,2026-03-20,2026-03-23,2026-03-22,14
ORD_01184,WH_E,2026-01-31,2026-02-04,2026-02-04,54
ORD_02573,WH_C,2026-02-03,2026-02-06,2026-02-05,13
ORD_01060,WH_D,2026-02-04,2026-02-07,2026-02-07,45
ORD_00541,WH_E,2026-02-02,2026-02-06,2026-02-07,30
ORD_01679,WH_B,2026-03-11,2026-03-15,2026-03-15,2
ORD_02797,WH_A,2026-01-02,2026-01-04,2026-01-04,8
ORD_02903,WH_A,2026-03-15,2026-03-19,2026-03-19,2
ORD_02533,WH_C,2026-01-14,2026-01-15,2026-01-15,25
ORD_01758,WH_D,2026-01-13,2026-01-15,2026-01-15,39
ORD_01924,WH_C,2026-01-09,2026-01-12,2026-01-12,5
ORD_00096,WH_D,2026-01-19,2026-01-22,2026-01-23,34
ORD_01021,WH_E,2026-01-28,2026-01-31,2026-01-31,40
ORD_00564,WH_A,2026-01-18,2026-01-19,2026-01-19,5
ORD_02791,WH_E,2026-03-04,2026-03-07,2026-03-08,89
ORD_00864,WH_D,2026-02-28,2026-03-05,2026-03-05,18
ORD_01485,WH_C,2026-02-08,2026-02-11,2026-02-11,8
ORD_01882,WH_E,2026-02-08,2026-02-12,2026-02-12,55
ORD_01039,WH_A,2026-01-31,2026-02-03,2026-02-03,8
ORD_00207,WH_B,2026-03-22,2026-03-25,2026-03-25,11
ORD_00393,WH_C,2026-02-25,2026-02-26,2026-02-26,24
ORD_02843,WH_E,2026-02-20,2026-02-21,2026-02-20,43
ORD_00871,WH_C,2026-03-21,2026-03-23,2026-03-23,10
ORD_00398,WH_D,2026-02-20,2026-02-23,2026-02-23,26
ORD_02815,WH_D,2026-03-28,2026-03-30,2026-03-30,20
ORD_02897,WH_D,2026-03-23,2026-03-24,2026-03-23,39
ORD_01029,WH_C,2026-03-13,2026-03-15,2026-03-18,16
ORD_02691,WH_D,2026-01-17,2026-01-19,2026-01-19,45
ORD_01486,WH_C,2026-01-31,2026-02-03,2026-02-03,14
ORD_02661,WH_D,2026-02-01,2026-02-03,2026-02-05,46
ORD_00961,WH_B,2026-01-12,2026-01-16,2026-01-21,2
ORD_01571,WH_D,2026-01-15,2026-01-17,2026-01-17,38
ORD_02774,WH_D,2026-03-13,2026-03-16,2026-03-16,35
ORD_01896,WH_E,2026-01-07,2026-01-10,2026-01-11,67
ORD_02732,WH_D,2026-01-19,2026-01-21,2026-01-21,26
ORD_02147,WH_D,2026-03-29,2026-03-31,2026-03-31,17
ORD_00805,WH_D,2026-02-22,2026-02-24,2026-02-24,35
ORD_01752,WH_C,2026-02-20,2026-02-22,2026-02-22,8
ORD_02455,WH_D,2026-03-01,2026-03-03,2026-03-03,41
ORD_00503,WH_C,2026-02-13,2026-02-17,2026-02-17,22
ORD_00780,WH_D,2026-01-04,2026-01-09,2026-01-09,28
ORD_01864,WH_D,2026-02-27,2026-03-02,2026-03-03,32
ORD_00201,WH_D,2026-02-15,2026-02-19,2026-02-19,16
ORD_02183,WH_A,2026-03-29,2026-04-01,2026-04-01,7
ORD_02089,WH_E,2026-01-23,2026-01-26,2026-01-27,29
ORD_02279,WH_D,2026-03-21,2026-03-22,2026-03-22,26
ORD_01797,WH_E,2026-03-30,2026-04-02,2026-04-06,59
ORD_00379,WH_E,2026-03-03,2026-03-06,2026-03-06,68
ORD_02337,WH_D,2026-03-12,2026-03-16,2026-03-16,22
ORD_00419,WH_E,2026-01-22,2026-01-26,2026-01-26,41
ORD_01699,WH_E,2026-03-01,2026-03-05,2026-03-04,23
ORD_00392,WH_D,2026-03-14,2026-03-17,2026-03-17,22
ORD_02641,WH_C,2026-03-02,2026-03-04,2026-03-04,23
ORD_01523,WH_C,2026-01-30,2026-02-02,2026-02-02,9
ORD_01163,WH_C,2026-01-08,2026-01-11,2026-01-11,25
ORD_01496,WH_E,2026-03-22,2026-03-25,2026-03-25,97
ORD_02696,WH_D,2026-03-29,2026-04-01,2026-04-01,26
ORD_02028,WH_E,2026-01-20,2026-01-22,2026-01-24,69
ORD_01153,WH_E,2026-03-06,2026-03-09,2026-03-09,83
ORD_01368,WH_E,2026-01-27,2026-01-30,2026-01-30,53
ORD_02569,WH_E,2026-02-13,2026-02-15,2026-02-14,65
ORD_00065,WH_C,2026-01-28,2026-01-29,2026-01-29,13
ORD_02063,WH_E,2026-02-21,2026-02-23,2026-02-23,84
ORD_01181,WH_E,2026-02-23,2026-02-25,2026-03-01,65
ORD_00493,WH_C,2026-02-23,2026-02-25,2026-02-25,17
ORD_00380,WH_C,2026-01-17,2026-01-20,2026-01-24,13
ORD_02236,WH_D,2026-03-30,2026-04-01,2026-04-04,24
ORD_00764,WH_E,2026-02-25,2026-02-26,2026-02-26,20
ORD_02265,WH_D,2026-02-04,2026-02-06,2026-02-06,17
ORD_00792,WH_D,2026-03-10,2026-03-13,2026-03-13,41
ORD_01077,WH_C,2026-03-30,2026-03-31,2026-04-04,11
ORD_00879,WH_A,2026-03-19,2026-03-20,2026-03-20,3
ORD_00338,WH_E,2026-01-15,2026-01-17,2026-01-19,84
ORD_02768,WH_C,2026-02-18,2026-02-21,2026-02-25,14
ORD_02344,WH_C,2026-02-19,2026-02-22,2026-02-24,14
ORD_01017,WH_B,2026-03-01,2026-03-04,2026-03-04,4
ORD_01276,WH_B,2026-01-23,2026-01-27,2026-01-27,7
ORD_00456,WH_D,2026-02-17,2026-02-20,2026-02-19,49
ORD_00816,WH_D,2026-01-15,2026-01-17,2026-01-20,41
ORD_02318,WH_C,2026-03-13,2026-03-17,2026-03-16,17
ORD_00996,WH_B,2026-01-28,2026-01-30,2026-01-30,9
ORD_01982,WH_E,2026-03-30,2026-04-02,2026-04-02,63
ORD_00202,WH_B,2026-01-03,2026-01-06,2026-01-09,11
ORD_00162,WH_D,2026-01-27,2026-01-29,2026-02-01,28
ORD_01580,WH_D,2026-03-29,2026-03-31,2026-03-31,32
ORD_02778,WH_B,2026-01-20,2026-01-23,2026-01-23,9
ORD_02450,WH_C,2026-02-28,2026-03-03,2026-03-02,14
ORD_00703,WH_C,2026-02-09,2026-02-11,2026-02-11,22
ORD_01501,WH_D,2026-03-12,2026-03-14,2026-03-15,41
ORD_01130,WH_C,2026-03-17,2026-03-20,2026-03-20,25
ORD_02614,WH_E,2026-01-02,2026-01-04,2026-01-06,74
ORD_01022,WH_C,2026-01-01,2026-01-03,2026-01-03,11
ORD_01586,WH_B,2026-03-11,2026-03-14,2026-03-13,5
ORD_01956,WH_E,2026-01-04,2026-01-07,2026-01-07,56
ORD_02254,WH_E,2026-03-27,2026-03-30,2026-04-03,46
ORD_00035,WH_E,2026-02-08,2026-02-12,2026-02-11,36
ORD_00776,WH_B,2026-01-13,2026-01-16,2026-01-16,9
ORD_02557,WH_D,2026-02-23,2026-02-24,2026-02-24,11
ORD_01479,WH_E,2026-03-01,2026-03-03,2026-03-03,72
ORD_01391,WH_C,2026-03-17,2026-03-22,2026-03-22,20
ORD_02140,WH_E,2026-03-07,2026-03-09,2026-03-10,37
ORD_01364,WH_D,2026-01-04,2026-01-08,2026-01-08,20
ORD_02946,WH_B,2026-02-20,2026-02-24,2026-02-23,4
ORD_02613,WH_C,2026-03-02,2026-03-04,2026-03-04,24
ORD_02825,WH_C,2026-02-15,2026-02-16,2026-02-16,18
ORD_02042,WH_D,2026-02-22,2026-02-25,2026-02-25,23
ORD_00242,WH_E,2026-03-09,2026-03-11,2026-03-12,62
ORD_02062,WH_D,2026-01-28,2026-02-01,2026-02-01,14
ORD_02364,WH_D,2026-03-19,2026-03-20,2026-03-22,23
ORD_00601,WH_B,2026-03-20,2026-03-23,2026-03-22,2
ORD_02436,WH_C,2026-02-03,2026-02-08,2026-02-08,17
ORD_01298,WH_B,2026-02-01,2026-02-02,2026-02-02,11
ORD_02215,WH_E,2026-02-05,2026-02-07,2026-02-08,70
ORD_02889,WH_E,2026-01-01,2026-01-03,2026-01-03,70
ORD_02069,WH_B,2026-02-07,2026-02-10,2026-02-10,12
ORD_00647,WH_D,2026-01-27,2026-01-30,2026-01-30,13
ORD_01529,WH_E,2026-03-01,2026-03-03,2026-03-04,71
ORD_02880,WH_B,2026-01-12,2026-01-15,2026-01-15,6
ORD_01268,WH_D,2026-03-01,2026-03-04,2026-03-04,13
ORD_01900,WH_E,2026-02-06,2026-02-09,2026-02-09,94
ORD_00563,WH_B,2026-03-18,2026-03-20,2026-03-20,6
ORD_02735,WH_E,2026-01-26,2026-01-29,2026-01-28,77
ORD_00190,WH_C,2026-01-16,2026-01-19,2026-01-19,16
ORD_01807,WH_E,2026-02-19,2026-02-23,2026-02-23,61
ORD_00976,WH_C,2026-03-26,2026-03-29,2026-03-29,7
ORD_02748,WH_B,2026-02-02,2026-02-05,2026-02-05,7
ORD_02048,WH_E,2026-03-06,2026-03-08,2026-03-08,42
ORD_02559,WH_A,2026-01-26,2026-01-30,2026-01-29,5
ORD_01083,WH_D,2026-03-25,2026-03-27,2026-03-27,29
ORD_00475,WH_D,2026-01-29,2026-02-01,2026-02-01,43
ORD_02905,WH_D,2026-01-08,2026-01-11,2026-01-11,34
ORD_00748,WH_D,2026-03-12,2026-03-15,2026-03-15,40
ORD_02301,WH_E,2026-02-15,2026-02-16,2026-02-21,82
ORD_00022,WH_B,2026-02-26,2026-02-28,2026-02-28,8
ORD_00460,WH_B,2026-03-14,2026-03-17,2026-03-17,2
ORD_01185,WH_B,2026-02-04,2026-02-09,2026-02-09,11
ORD_02325,WH_E,2026-01-01,2026-01-05,2026-01-07,56
ORD_00956,WH_C,2026-03-16,2026-03-21,2026-03-20,8
ORD_01216,WH_C,2026-03-22,2026-03-25,2026-03-24,13
ORD_02434,WH_C,2026-03-27,2026-03-30,2026-03-30,7
ORD_02854,WH_E,2026-03-10,2026-03-15,2026-03-20,57
ORD_01516,WH_A,2026-02-23,2026-02-28,2026-02-27,2
ORD_02392,WH_B,2026-02-07,2026-02-10,2026-02-10,2
ORD_00770,WH_E,2026-03-01,2026-03-02,2026-03-01,90
ORD_01686,WH_E,2026-02-04,2026-02-06,2026-02-07,48
ORD_00131,WH_D,2026-01-28,2026-02-01,2026-01-31,40
ORD_02920,WH_C,2026-02-05,2026-02-09,2026-02-09,9
ORD_02136,WH_E,2026-01-06,2026-01-10,2026-01-10,53
ORD_01483,WH_D,2026-01-16,2026-01-19,2026-01-19,19
ORD_00331,WH_C,2026-03-14,2026-03-17,2026-03-16,19
ORD_01239,WH_E,2026-02-09,2026-02-12,2026-02-11,27
ORD_00467,WH_C,2026-03-24,2026-03-27,2026-03-26,16
ORD_02170,WH_C,2026-02-03,2026-02-08,2026-02-12,19
ORD_01639,WH_E,2026-02-01,2026-02-05,2026-02-06,44
ORD_01096,WH_B,2026-01-05,2026-01-09,2026-01-09,11
ORD_01131,WH_E,2026-02-08,2026-02-11,2026-02-10,25
ORD_01295,WH_E,2026-02-10,2026-02-15,2026-02-15,72
ORD_00861,WH_E,2026-01-25,2026-01-29,2026-01-29,83
