,order_id,warehouse_id,order_date,expected_delivery_date,actual_delivery_date,units
0,ORD_00064,WH_C,2026-03-10,2026-03-12,2026-03-12,14
1,ORD_02684,WH_C,2026-02-17,2026-02-20,2026-02-20,18
2,ORD_00103,WH_C,2026-03-08,2026-03-11,2026-03-12,15
3,ORD_02692,WH_D,2026-03-29,2026-04-02,2026-04-02,45
4,ORD_00417,WH_C,2026-03-07,2026-03-11,2026-03-11,17
5,ORD_01265,WH_A,2026-01-18,2026-01-21,2026-01-20,4
6,ORD_00094,WH_D,2026-02-23,2026-02-24,2026-02-24,25
7,ORD_01539,WH_B,2026-03-25,2026-03-27,2026-03-28,12
8,ORD_00568,WH_D,2026-02-23,2026-02-25,2026-02-24,37
9,ORD_01042,WH_E,2026-01-25,2026-01-28,2026-01-28,71
10,ORD_01403,WH_A,2026-02-16,2026-02-20,2026-02-20,7
11,ORD_00323,WH_E,2026-01-30,2026-02-02,2026-02-02,74
12,ORD_02298,WH_A,2026-01-25,2026-01-28,2026-01-28,4
13,ORD_01125,WH_E,2026-03-06,2026-03-09,2026-03-08,96
14,ORD_00602,WH_C,2026-02-27,2026-03-01,2026-02-28,6
15,ORD_00742,WH_C,2026-03-05,2026-03-10,2026-03-10,14
16,ORD_01128,WH_D,2026-01-30,2026-02-02,2026-02-02,13
17,ORD_01103,WH_E,2026-03-27,2026-03-30,2026-04-01,73
18,ORD_01492,WH_C,2026-03-12,2026-03-15,2026-03-15,11
19,ORD_00045,WH_C,2026-03-28,2026-03-31,2026-03-31,8
20,ORD_01557,WH_D,2026-02-08,2026-02-09,2026-02-08,47
21,ORD_02046,WH_E,2026-02-13,2026-02-16,2026-02-15,61
22,ORD_00053,WH_E,2026-03-15,2026-03-20,2026-03-20,62
23,ORD_02093,WH_C,2026-01-23,2026-01-27,2026-01-26,24
24,ORD_02872,WH_E,2026-01-11,2026-01-14,2026-01-16,36
25,ORD_00437,WH_A,2026-01-03,2026-01-05,2026-01-05,7
26,ORD_02032,WH_D,2026-03-15,2026-03-18,2026-03-18,22
27,ORD_02678,WH_A,2026-01-22,2026-01-26,2026-01-26,7
28,ORD_02554,WH_E,2026-02-22,2026-02-24,2026-02-23,74
29,ORD_00204,WH_E,2026-03-06,2026-03-07,2026-03-08,63
30,ORD_02207,WH_C,2026-03-02,2026-03-07,2026-03-07,7
31,ORD_02273,WH_D,2026-02-18,2026-02-22,2026-02-22,11
32,ORD_01345,WH_E,2026-01-02,2026-01-05,2026-01-05,30
33,ORD_01584,WH_D,2026-03-17,2026-03-19,2026-03-19,31
34,ORD_02574,WH_D,2026-02-15,2026-02-18,2026-02-18,26
35,ORD_01962,WH_D,2026-03-28,2026-03-29,2026-03-31,10
36,ORD_00271,WH_E,2026-01-25,2026-01-27,2026-01-27,76
37,ORD_00299,WH_D,2026-03-22,2026-03-26,2026-03-26,43
38,ORD_02424,WH_D,2026-02-20,2026-02-22,2026-02-22,38
39,ORD_01526,WH_C,2026-01-28,2026-01-29,2026-01-28,20
40,ORD_01638,WH_B,2026-03-28,2026-03-31,2026-03-30,3
41,ORD_02438,WH_C,2026-01-29,2026-01-31,2026-01-30,8
42,ORD_01098,WH_B,2026-02-16,2026-02-19,2026-02-19,12
43,ORD_01245,WH_E,2026-02-14,2026-02-18,2026-02-18,74
44,ORD_01126,WH_D,2026-03-01,2026-03-06,2026-03-07,45
45,ORD_01256,WH_D,2026-03-14,2026-03-16,2026-03-16,10
46,ORD_00252,WH_C,2026-01-29,2026-01-30,2026-02-01,6
47,ORD_00140,WH_E,2026-01-01,2026-01-06,2026-01-06,76
48,ORD_00197,WH_E,2026-02-05,2026-02-10,2026-02-11,77
49,ORD_02310,WH_C,2026-03-19,2026-03-21,2026-03-21,9
50,ORD_02649,WH_D,2026-01-21,2026-01-24,2026-01-23,34
51,ORD_02968,WH_D,2026-02-21,2026-02-25,2026-02-25,38
52,ORD_02934,WH_D,2026-01-01,2026-01-05,2026-01-05,42
53,ORD_02895,WH_B,2026-03-27,2026-03-29,2026-03-29,7
54,ORD_02856,WH_D,2026-01-15,2026-01-17,2026-01-17,29
55,ORD_00686,WH_D,2026-01-20,2026-01-24,2026-01-24,42
56,ORD_00267,WH_E,2026-03-01,2026-03-04,2026-03-03,86
57,ORD_00424,WH_D,2026-03-20,2026-03-25,2026-03-25,24
58,ORD_00479,WH_E,2026-03-28,2026-04-01,2026-04-05,35
59,ORD_00898,WH_E,2026-01-13,2026-01-17,2026-01-17,96
60,ORD_00473,WH_A,2026-01-09,2026-01-10,2026-01-09,6
61,ORD_02341,WH_E,2026-03-16,2026-03-18,2026-03-18,22
62,ORD_00290,WH_D,2026-01-09,2026-01-12,2026-01-14,32
63,ORD_00569,WH_E,2026-02-07,2026-02-11,2026-02-11,30
64,ORD_00582,WH_E,2026-01-16,2026-01-20,2026-01-19,28
65,ORD_00015,WH_B,2026-03-16,2026-03-18,2026-03-17,7
66,ORD_02693,WH_A,2026-02-26,2026-03-01,2026-02-28,1
67,ORD_00808,WH_E,2026-01-22,2026-01-26,2026-01-27,89
68,ORD_02651,WH_C,2026-03-22,2026-03-23,2026-03-23,14
69,ORD_02248,WH_E,2026-03-23,2026-03-25,2026-03-26,67
70,ORD_00529,WH_A,2026-01-22,2026-01-24,2026-01-24,7
71,ORD_00458,WH_D,2026-02-05,2026-02-06,2026-02-06,48
72,ORD_00600,WH_A,2026-02-24,2026-02-26,2026-02-26,4
73,ORD_00315,WH_E,2026-02-14,2026-02-18,2026-02-18,57
74,ORD_00185,WH_C,2026-03-08,2026-03-09,2026-03-09,17
75,ORD_00965,WH_C,2026-03-13,2026-03-16,2026-03-16,9
76,ORD_00671,WH_B,2026-01-22,2026-01-27,2026-01-27,9
77,ORD_00052,WH_E,2026-03-04,2026-03-09,2026-03-09,99
78,ORD_02590,WH_E,2026-01-01,2026-01-03,2026-01-03,58
79,ORD_01753,WH_A,2026-02-06,2026-02-10,2026-02-10,6
80,ORD_01538,WH_E,2026-02-26,2026-03-02,2026-03-03,34
81,ORD_02822,WH_C,2026-03-25,2026-03-29,2026-03-29,12
82,ORD_02646,WH_C,2026-03-12,2026-03-15,2026-03-14,16
83,ORD_00433,WH_D,2026-01-20,2026-01-23,2026-01-22,33
84,ORD_02189,WH_E,2026-01-09,2026-01-11,2026-01-11,64
85,ORD_01012,WH_E,2026-01-13,2026-01-15,2026-01-15,37
86,ORD_01952,WH_C,2026-01-08,2026-01-09,2026-01-08,18
87,ORD_00332,WH_E,2026-01-28,2026-01-30,2026-01-31,37
88,ORD_01602,WH_C,2026-03-08,2026-03-11,2026-03-11,9
89,ORD_01746,WH_D,2026-03-09,2026-03-11,2026-03-12,24
90,ORD_00773,WH_B,2026-01-28,2026-02-02,2026-02-03,7
91,ORD_02163,WH_C,2026-01-01,2026-01-03,2026-01-08,23
92,ORD_02683,WH_A,2026-01-25,2026-01-30,2026-01-30,8
93,ORD_02243,WH_D,2026-01-25,2026-01-26,2026-01-26,45
94,ORD_00683,WH_B,2026-03-20,2026-03-23,2026-03-23,4
95,ORD_02419,WH_A,2026-03-10,2026-03-14,2026-03-13,8
96,ORD_00333,WH_A,2026-01-11,2026-01-16,2026-01-16,7
97,ORD_01254,WH_B,2026-02-12,2026-02-15,2026-02-15,8
98,ORD_01207,WH_E,2026-01-14,2026-01-16,2026-01-15,55
99,ORD_00487,WH_A,2026-02-11,2026-02-14,2026-02-15,3
100,ORD_01293,WH_D,2026-03-09,2026-03-13,2026-03-15,13
101,ORD_02877,WH_D,2026-01-14,2026-01-16,2026-01-19,30
102,ORD_02974,WH_E,2026-01-23,2026-01-27,2026-01-27,41
103,ORD_02860,WH_B,2026-01-23,2026-01-28,2026-01-28,11
104,ORD_00818,WH_C,2026-03-20,2026-03-25,2026-03-25,6
105,ORD_01546,WH_D,2026-03-30,2026-04-02,2026-04-05,29
106,ORD_00762,WH_C,2026-03-13,2026-03-16,2026-03-16,15
107,ORD_02674,WH_B,2026-01-15,2026-01-18,2026-01-18,8
108,ORD_00176,WH_B,2026-03-04,2026-03-06,2026-03-06,7
109,ORD_01037,WH_C,2026-02-25,2026-02-26,2026-02-25,19
110,ORD_00719,WH_B,2026-03-21,2026-03-23,2026-03-23,11
111,ORD_01189,WH_C,2026-03-27,2026-03-31,2026-03-31,6
112,ORD_00145,WH_C,2026-02-01,2026-02-05,2026-02-04,13
113,ORD_02112,WH_C,2026-02-17,2026-02-22,2026-02-22,10
114,ORD_00496,WH_C,2026-02-28,2026-03-01,2026-03-01,19
115,ORD_00875,WH_A,2026-03-13,2026-03-16,2026-03-16,7
116,ORD_00692,WH_D,2026-01-13,2026-01-16,2026-01-16,50
117,ORD_01719,WH_E,2026-03-24,2026-03-26,2026-03-26,93
118,ORD_02759,WH_E,2026-01-07,2026-01-12,2026-01-16,96
119,ORD_00444,WH_C,2026-03-03,2026-03-07,2026-03-07,15
120,ORD_02168,WH_B,2026-02-24,2026-02-27,2026-02-27,2
121,ORD_02031,WH_B,2026-03-07,2026-03-11,2026-03-11,5
122,ORD_00257,WH_E,2026-03-08,2026-03-11,2026-03-12,82
123,ORD_02464,WH_D,2026-02-25,2026-03-01,2026-03-01,10
124,ORD_00782,WH_D,2026-03-05,2026-03-08,2026-03-08,16
125,ORD_00528,WH_C,2026-01-07,2026-01-10,2026-01-13,25
126,ORD_00001,WH_C,2026-02-26,2026-03-02,2026-03-02,25
127,ORD_01609,WH_C,2026-03-19,2026-03-21,2026-03-21,20
128,ORD_01776,WH_C,2026-01-29,2026-01-30,2026-01-29,21
129,ORD_00046,WH_E,2026-01-19,2026-01-21,2026-01-23,25
130,ORD_02304,WH_C,2026-01-26,2026-01-29,2026-01-29,14
131,ORD_02196,WH_D,2026-02-21,2026-02-22,2026-02-23,30
132,ORD_01322,WH_B,2026-03-28,2026-04-01,2026-04-02,7
133,ORD_00195,WH_C,2026-02-07,2026-02-10,2026-02-10,11
134,ORD_01552,WH_D,2026-03-31,2026-04-03,2026-04-03,34
135,ORD_02145,WH_D,2026-01-18,2026-01-21,2026-01-25,28
136,ORD_00679,WH_E,2026-02-19,2026-02-20,2026-02-20,81
137,ORD_01576,WH_B,2026-01-21,2026-01-24,2026-01-26,11
138,ORD_01136,WH_A,2026-03-05,2026-03-08,2026-03-08,6
139,ORD_02984,WH_E,2026-01-18,2026-01-21,2026-01-21,60
140,ORD_00409,WH_E,2026-01-11,2026-01-14,2026-01-14,58
141,ORD_01463,WH_B,2026-03-09,2026-03-12,2026-03-12,7
142,ORD_01252,WH_D,2026-01-24,2026-01-28,2026-01-28,30
143,ORD_01663,WH_E,2026-03-16,2026-03-20,2026-03-20,61
144,ORD_01778,WH_D,2026-02-05,2026-02-07,2026-02-06,25
145,ORD_00415,WH_D,2026-02-20,2026-02-24,2026-02-24,25
146,ORD_01004,WH_E,2026-02-06,2026-02-07,2026-02-07,60
147,ORD_02096,WH_E,2026-01-18,2026-01-20,2026-01-21,28
148,ORD_01438,WH_E,2026-01-19,2026-01-22,2026-01-22,44
149,ORD_01890,WH_E,2026-01-02,2026-01-06,2026-01-06,72
150,ORD_00860,WH_A,2026-03-13,2026-03-15,2026-03-15,7
151,ORD_02813,WH_E,2026-03-07,2026-03-12,2026-03-13,84
152,ORD_02988,WH_D,2026-02-04,2026-02-07,2026-02-07,11
153,ORD_00175,WH_D,2026-02-16,2026-02-19,2026-02-21,11
154,ORD_00882,WH_E,2026-01-03,2026-01-08,2026-01-11,58
155,ORD_00193,WH_E,2026-01-10,2026-01-12,2026-01-11,54
156,ORD_01597,WH_C,2026-02-14,2026-02-18,2026-02-21,20
157,ORD_02360,WH_B,2026-01-24,2026-01-27,2026-01-27,4
158,ORD_02324,WH_C,2026-01-09,2026-01-12,2026-01-12,12
159,ORD_02015,WH_D,2026-03-09,2026-03-12,2026-03-12,47
160,ORD_02363,WH_C,2026-02-19,2026-02-21,2026-02-26,23
161,ORD_01790,WH_D,2026-02-20,2026-02-23,2026-02-24,19
162,ORD_01386,WH_C,2026-03-31,2026-04-03,2026-04-03,6
163,ORD_01317,WH_D,2026-03-15,2026-03-19,2026-03-21,49
164,ORD_01392,WH_A,2026-01-30,2026-02-02,2026-02-02,3
165,ORD_01454,WH_D,2026-01-22,2026-01-25,2026-01-25,31
166,ORD_02914,WH_E,2026-01-11,2026-01-14,2026-01-14,97
167,ORD_00326,WH_E,2026-02-11,2026-02-16,2026-02-16,29
168,ORD_01860,WH_E,2026-03-31,2026-04-03,2026-04-03,65
169,ORD_02794,WH_C,2026-03-09,2026-03-13,2026-03-16,25
170,ORD_00089,WH_E,2026-02-24,2026-02-27,2026-03-02,74
171,ORD_00480,WH_D,2026-01-03,2026-01-08,2026-01-08,30
172,ORD_01897,WH_D,2026-02-12,2026-02-14,2026-02-14,18
173,ORD_02177,WH_C,2026-02-08,2026-02-12,2026-02-12,18
174,ORD_00999,WH_E,2026-01-19,2026-01-21,2026-01-21,73
175,ORD_02152,WH_B,2026-02-14,2026-02-16,2026-02-16,5
176,ORD_01314,WH_E,2026-01-18,2026-01-20,2026-01-20,89
177,ORD_01377,WH_D,2026-01-13,2026-01-15,2026-01-15,23
178,ORD_00153,WH_B,2026-02-23,2026-02-25,2026-02-25,9
179,ORD_01436,WH_A,2026-02-05,2026-02-10,2026-02-10,7
180,ORD_02659,WH_C,2026-03-21,2026-03-25,2026-03-26,20
181,ORD_00946,WH_A,2026-03-28,2026-04-01,2026-04-01,3
182,ORD_02262,WH_D,2026-01-15,2026-01-18,2026-01-20,44
183,ORD_00843,WH_B,2026-02-24,2026-02-27,2026-02-26,8
184,ORD_00212,WH_E,2026-03-01,2026-03-06,2026-03-06,59
185,ORD_00728,WH_E,2026-03-14,2026-03-18,2026-03-18,63
186,ORD_01193,WH_C,2026-03-30,2026-03-31,2026-03-31,17
187,ORD_01393,WH_B,2026-01-23,2026-01-28,2026-01-29,9
188,ORD_00933,WH_E,2026-01-13,2026-01-15,2026-01-15,78
189,ORD_02395,WH_E,2026-02-23,2026-02-27,2026-02-27,48
190,ORD_00651,WH_B,2026-03-28,2026-03-31,2026-03-31,12
191,ORD_00292,WH_A,2026-02-04,2026-02-06,2026-02-06,6
192,ORD_02830,WH_A,2026-03-07,2026-03-11,2026-03-11,3
193,ORD_02556,WH_E,2026-03-02,2026-03-05,2026-03-05,50
194,ORD_01062,WH_E,2026-02-22,2026-02-25,2026-02-24,62
195,ORD_00068,WH_E,2026-03-10,2026-03-11,2026-03-11,82
196,ORD_00255,WH_B,2026-01-21,2026-01-23,2026-01-23,8
197,ORD_01772,WH_E,2026-02-26,2026-02-27,2026-03-01,96
198,ORD_01284,WH_A,2026-03-25,2026-03-28,2026-03-28,2
199,ORD_02485,WH_D,2026-03-11,2026-03-16,2026-03-15,48
200,ORD_00135,WH_E,2026-01-07,2026-01-10,2026-01-10,31
201,ORD_01946,WH_D,2026-01-06,2026-01-09,2026-01-09,37
202,ORD_01197,WH_E,2026-01-05,2026-01-08,2026-01-12,62
203,ORD_01476,WH_E,2026-01-10,2026-01-13,2026-01-12,30
204,ORD_00977,WH_D,2026-03-26,2026-03-28,2026-03-27,11
205,ORD_01558,WH_D,2026-03-01,2026-03-06,2026-03-06,29
206,ORD_01555,WH_C,2026-02-17,2026-02-21,2026-02-21,15
207,ORD_01886,WH_D,2026-01-29,2026-02-02,2026-02-06,12
208,ORD_02498,WH_E,2026-02-11,2026-02-15,2026-02-17,66
209,ORD_01038,WH_E,2026-03-17,2026-03-18,2026-03-18,90
210,ORD_00677,WH_B,2026-02-19,2026-02-24,2026-02-24,9
211,ORD_02568,WH_C,2026-01-07,2026-01-10,2026-01-10,5
212,ORD_02606,WH_D,2026-01-26,2026-01-27,2026-01-27,34
213,ORD_01642,WH_E,2026-03-25,2026-03-27,2026-03-30,92
214,ORD_02462,WH_E,2026-02-25,2026-03-02,2026-03-02,92
215,ORD_01651,WH_A,2026-02-14,2026-02-15,2026-02-17,2
216,ORD_00125,WH_C,2026-02-20,2026-02-23,2026-02-23,8
217,ORD_00179,WH_E,2026-02-17,2026-02-20,2026-02-21,61
218,ORD_01272,WH_E,2026-03-10,2026-03-12,2026-03-12,83
219,ORD_02495,WH_D,2026-01-09,2026-01-14,2026-01-13,37
220,ORD_01869,WH_B,2026-03-11,2026-03-14,2026-03-13,9
221,ORD_01238,WH_D,2026-03-09,2026-03-12,2026-03-13,19
222,ORD_02020,WH_E,2026-01-06,2026-01-08,2026-01-12,54
223,ORD_00486,WH_E,2026-03-03,2026-03-08,2026-03-08,76
224,ORD_00970,WH_D,2026-02-11,2026-02-12,2026-02-15,16
225,ORD_00508,WH_E,2026-03-31,2026-04-03,2026-04-04,60
226,ORD_01643,WH_D,2026-02-04,2026-02-07,2026-02-07,15
227,ORD_02615,WH_C,2026-02-24,2026-02-27,2026-02-26,8
228,ORD_01045,WH_E,2026-01-24,2026-01-27,2026-01-30,32
229,ORD_02390,WH_E,2026-03-05,2026-03-10,2026-03-14,100
230,ORD_01994,WH_B,2026-01-06,2026-01-11,2026-01-11,11
231,ORD_02660,WH_E,2026-02-10,2026-02-13,2026-02-13,82
232,ORD_02636,WH_E,2026-01-31,2026-02-03,2026-02-05,21
233,ORD_01957,WH_D,2026-02-20,2026-02-22,2026-02-22,12
234,ORD_00756,WH_E,2026-02-21,2026-02-23,2026-02-28,99
235,ORD_00595,WH_E,2026-01-31,2026-02-03,2026-02-06,65
236,ORD_01980,WH_E,2026-03-13,2026-03-14,2026-03-14,36
237,ORD_00652,WH_D,2026-03-16,2026-03-17,2026-03-16,44
238,ORD_00872,WH_C,2026-01-22,2026-01-25,2026-01-24,20
239,ORD_02640,WH_E,2026-01-01,2026-01-06,2026-01-05,95
240,ORD_00979,WH_D,2026-01-23,2026-01-24,2026-01-26,12
241,ORD_00701,WH_D,2026-03-16,2026-03-20,2026-03-20,22
242,ORD_02745,WH_D,2026-02-11,2026-02-14,2026-02-14,50
243,ORD_01738,WH_B,2026-03-06,2026-03-08,2026-03-07,11
244,ORD_01085,WH_E,2026-03-27,2026-03-28,2026-03-28,76
245,ORD_01731,WH_C,2026-02-07,2026-02-10,2026-02-12,5
246,ORD_00300,WH_B,2026-03-17,2026-03-19,2026-03-19,5
247,ORD_00081,WH_E,2026-03-21,2026-03-24,2026-03-24,76
248,ORD_00033,WH_A,2026-03-07,2026-03-08,2026-03-07,6
249,ORD_00247,WH_D,2026-03-19,2026-03-20,2026-03-19,48
250,ORD_02543,WH_E,2026-02-13,2026-02-17,2026-02-17,42
251,ORD_02721,WH_E,2026-02-18,2026-02-21,2026-02-22,48
252,ORD_02297,WH_C,2026-01-29,2026-02-01,2026-02-04,20
253,ORD_00440,WH_B,2026-03-05,2026-03-08,2026-03-08,4
254,ORD_02087,WH_B,2026-03-06,2026-03-08,2026-03-08,3
255,ORD_02838,WH_A,2026-03-05,2026-03-10,2026-03-10,6
256,ORD_00369,WH_B,2026-01-13,2026-01-17,2026-01-17,8
257,ORD_02749,WH_E,2026-03-17,2026-03-20,2026-03-20,56
258,ORD_02141,WH_E,2026-02-09,2026-02-11,2026-02-13,22
259,ORD_01991,WH_E,2026-02-05,2026-02-10,2026-02-10,21
260,ORD_02739,WH_E,2026-02-15,2026-02-16,2026-02-17,57
261,ORD_01627,WH_C,2026-01-05,2026-01-09,2026-01-09,11
262,ORD_00322,WH_E,2026-02-02,2026-02-05,2026-02-06,39
263,ORD_00745,WH_C,2026-01-19,2026-01-22,2026-01-26,20
264,ORD_01221,WH_E,2026-02-01,2026-02-03,2026-02-02,37
265,ORD_01134,WH_C,2026-03-13,2026-03-17,2026-03-17,23
266,ORD_00142,WH_C,2026-02-05,2026-02-08,2026-02-13,22
267,ORD_00412,WH_E,2026-01-30,2026-02-02,2026-02-02,48
268,ORD_01323,WH_E,2026-01-30,2026-02-01,2026-01-31,45
269,ORD_00760,WH_E,2026-02-06,2026-02-09,2026-02-12,58
270,ORD_02058,WH_D,2026-03-01,2026-03-03,2026-03-03,21
271,ORD_02113,WH_B,2026-03-25,2026-03-28,2026-03-27,7
272,ORD_00830,WH_D,2026-03-18,2026-03-21,2026-03-21,34
273,ORD_00806,WH_E,2026-02-25,2026-02-28,2026-03-01,63
274,ORD_02753,WH_C,2026-01-03,2026-01-04,2026-01-04,19
275,ORD_01111,WH_E,2026-03-13,2026-03-17,2026-03-18,35
276,ORD_00868,WH_B,2026-03-08,2026-03-11,2026-03-10,12
277,ORD_00178,WH_C,2026-02-12,2026-02-16,2026-02-18,23
278,ORD_00766,WH_D,2026-01-11,2026-01-14,2026-01-14,33
279,ORD_01672,WH_E,2026-02-27,2026-03-02,2026-03-03,76
280,ORD_01657,WH_D,2026-02-13,2026-02-16,2026-02-21,48
281,ORD_01433,WH_D,2026-01-22,2026-01-25,2026-01-25,25
282,ORD_01412,WH_B,2026-02-24,2026-02-27,2026-02-27,8
283,ORD_02781,WH_A,2026-03-19,2026-03-22,2026-03-22,2
284,ORD_00464,WH_D,2026-02-08,2026-02-11,2026-02-11,36
285,ORD_01331,WH_D,2026-01-25,2026-01-29,2026-01-29,16
286,ORD_02188,WH_E,2026-02-09,2026-02-12,2026-02-12,21
287,ORD_02281,WH_C,2026-02-11,2026-02-15,2026-02-15,13
288,ORD_00606,WH_D,2026-03-26,2026-03-29,2026-03-30,32
289,ORD_02457,WH_D,2026-03-03,2026-03-05,2026-03-05,21
290,ORD_01577,WH_A,2026-01-10,2026-01-13,2026-01-13,6
291,ORD_00927,WH_C,2026-01-02,2026-01-04,2026-01-04,13
292,ORD_02931,WH_D,2026-03-28,2026-03-29,2026-03-31,41
293,ORD_01713,WH_E,2026-02-12,2026-02-17,2026-02-18,52
294,ORD_00163,WH_D,2026-01-26,2026-01-29,2026-01-29,12
295,ORD_00558,WH_A,2026-03-30,2026-04-02,2026-04-02,6
296,ORD_01362,WH_C,2026-03-01,2026-03-03,2026-03-03,14
297,ORD_01303,WH_A,2026-03-06,2026-03-08,2026-03-08,8
299,ORD_02442,WH_D,2026-03-06,2026-03-09,2026-03-08,46
300,ORD_02016,WH_D,2026-02-15,2026-02-16,2026-02-18,50
301,ORD_00031,WH_D,2026-03-27,2026-03-31,2026-04-03,31
302,ORD_00534,WH_D,2026-01-04,2026-01-07,2026-01-07,10
303,ORD_02267,WH_D,2026-01-14,2026-01-16,2026-01-16,40
304,ORD_00174,WH_C,2026-02-21,2026-02-22,2026-02-22,9
305,ORD_01872,WH_C,2026-01-24,2026-01-27,2026-01-26,19
306,ORD_00297,WH_E,2026-02-11,2026-02-15,2026-02-17,93
307,ORD_02551,WH_C,2026-02-20,2026-02-24,2026-02-28,8
308,ORD_02329,WH_D,2026-02-25,2026-02-26,2026-02-26,26
309,ORD_01870,WH_E,2026-02-13,2026-02-15,2026-02-16,74
310,ORD_01048,WH_A,2026-01-20,2026-01-24,2026-01-24,6
311,ORD_00450,WH_B,2026-03-03,2026-03-07,2026-03-07,11
312,ORD_01861,WH_E,2026-02-22,2026-02-24,2026-02-24,29
313,ORD_01996,WH_E,2026-02-12,2026-02-14,2026-02-14,29
314,ORD_02866,WH_D,2026-03-11,2026-03-16,2026-03-16,42
315,ORD_01937,WH_C,2026-01-15,2026-01-18,2026-01-17,16
316,ORD_01106,WH_B,2026-03-08,2026-03-10,2026-03-10,3
317,ORD_02252,WH_E,2026-03-10,2026-03-12,2026-03-12,29
318,ORD_00074,WH_E,2026-02-18,2026-02-23,2026-02-23,36
319,ORD_01641,WH_D,2026-01-13,2026-01-17,2026-01-18,42
320,ORD_02826,WH_E,2026-01-03,2026-01-06,2026-01-10,60
321,ORD_01732,WH_D,2026-02-12,2026-02-15,2026-02-16,11
322,ORD_00451,WH_E,2026-02-18,2026-02-20,2026-02-21,73
323,ORD_01209,WH_C,2026-01-13,2026-01-15,2026-01-17,19
324,ORD_01587,WH_E,2026-02-05,2026-02-09,2026-02-10,84
325,ORD_01024,WH_E,2026-03-23,2026-03-25,2026-03-26,59
326,ORD_01033,WH_C,2026-02-07,2026-02-12,2026-02-12,8
327,ORD_02862,WH_C,2026-02-06,2026-02-07,2026-02-07,9
328,ORD_02973,WH_E,2026-03-16,2026-03-20,2026-03-19,40
329,ORD_01625,WH_B,2026-02-23,2026-02-25,2026-02-25,12
330,ORD_02249,WH_D,2026-03-16,2026-03-20,2026-03-23,38
331,ORD_01049,WH_E,2026-03-05,2026-03-10,2026-03-10,35
332,ORD_00536,WH_E,2026-03-11,2026-03-16,2026-03-15,26
333,ORD_01175,WH_D,2026-01-06,2026-01-09,2026-01-14,42
334,ORD_01841,WH_C,2026-01-31,2026-02-04,2026-02-04,13
335,ORD_00325,WH_E,2026-02-01,2026-02-04,2026-02-04,75
336,ORD_01104,WH_E,2026-01-23,2026-01-25,2026-01-25,96
337,ORD_01652,WH_C,2026-03-10,2026-03-13,2026-03-13,10
338,ORD_01346,WH_D,2026-03-17,2026-03-20,2026-03-20,47
339,ORD_02727,WH_A,2026-01-09,2026-01-11,2026-01-10,8
340,ORD_02109,WH_C,2026-02-11,2026-02-13,2026-02-13,23
341,ORD_00344,WH_D,2026-02-02,2026-02-06,2026-02-08,28
342,ORD_00507,WH_E,2026-03-22,2026-03-27,2026-03-31,56
343,ORD_01711,WH_B,2026-01-26,2026-01-30,2026-01-30,6
344,ORD_00240,WH_B,2026-02-23,2026-02-26,2026-02-26,12
345,ORD_00848,WH_E,2026-03-03,2026-03-07,2026-03-06,37
346,ORD_01913,WH_E,2026-02-11,2026-02-13,2026-02-16,47
347,ORD_02585,WH_D,2026-01-12,2026-01-15,2026-01-17,12
348,ORD_00788,WH_D,2026-01-31,2026-02-04,2026-02-04,45
349,ORD_01235,WH_E,2026-01-14,2026-01-18,2026-01-18,88
350,ORD_02097,WH_D,2026-03-28,2026-03-31,2026-04-02,18
351,ORD_02666,WH_C,2026-03-22,2026-03-24,2026-03-24,14
352,ORD_00820,WH_C,2026-02-08,2026-02-11,2026-02-11,9
353,ORD_00355,WH_A,2026-01-01,2026-01-04,2026-01-04,8
354,ORD_01554,WH_E,2026-01-10,2026-01-13,2026-01-13,33
355,ORD_00963,WH_C,2026-02-26,2026-03-02,2026-03-02,24
356,ORD_02427,WH_B,2026-03-10,2026-03-11,2026-03-11,3
357,ORD_00431,WH_B,2026-02-14,2026-02-16,2026-02-16,7
358,ORD_01766,WH_C,2026-01-11,2026-01-13,2026-01-13,22
359,ORD_00790,WH_E,2026-02-15,2026-02-18,2026-02-18,26
360,ORD_00706,WH_E,2026-01-20,2026-01-22,2026-01-22,33
361,ORD_00533,WH_E,2026-03-20,2026-03-25,2026-03-25,27
362,ORD_00565,WH_C,2026-01-02,2026-01-05,2026-01-05,24
363,ORD_01473,WH_E,2026-02-01,2026-02-06,2026-02-06,86
364,ORD_00890,WH_C,2026-02-21,2026-02-23,2026-02-22,11
365,ORD_02898,WH_C,2026-03-10,2026-03-14,2026-03-19,25
366,ORD_00888,WH_C,2026-03-10,2026-03-14,2026-03-19,13
367,ORD_02376,WH_C,2026-02-16,2026-02-18,2026-02-17,18
368,ORD_02698,WH_C,2026-03-09,2026-03-11,2026-03-11,20
369,ORD_02320,WH_D,2026-01-20,2026-01-24,2026-01-24,13
370,ORD_01174,WH_C,2026-02-14,2026-02-15,2026-02-17,12
371,ORD_02703,WH_B,2026-02-27,2026-03-02,2026-03-02,4
372,ORD_00109,WH_C,2026-02-17,2026-02-19,2026-02-21,8
373,ORD_01722,WH_B,2026-01-12,2026-01-16,2026-01-16,12
374,ORD_02767,WH_D,2026-01-01,2026-01-02,2026-01-02,24
375,ORD_02148,WH_C,2026-02-04,2026-02-09,2026-02-10,9
376,ORD_00319,WH_B,2026-01-06,2026-01-09,2026-01-09,11
377,ORD_01056,WH_C,2026-02-27,2026-02-28,2026-02-28,10
378,ORD_00696,WH_D,2026-02-18,2026-02-20,2026-02-22,33
379,ORD_00403,WH_D,2026-01-19,2026-01-22,2026-01-22,15
380,ORD_01675,WH_E,2026-03-22,2026-03-24,2026-03-23,55
381,ORD_01432,WH_D,2026-03-03,2026-03-08,2026-03-08,16
382,ORD_00747,WH_C,2026-02-19,2026-02-20,2026-02-22,23
383,ORD_01911,WH_C,2026-02-13,2026-02-15,2026-02-15,18
384,ORD_02921,WH_C,2026-03-17,2026-03-18,2026-03-18,21
385,ORD_01466,WH_A,2026-02-04,2026-02-09,2026-02-08,7
386,ORD_02246,WH_D,2026-03-08,2026-03-09,2026-03-08,31
387,ORD_00786,WH_E,2026-01-22,2026-01-24,2026-01-24,91
388,ORD_00813,WH_B,2026-03-17,2026-03-19,2026-03-19,9
389,ORD_02250,WH_B,2026-03-25,2026-03-29,2026-03-29,3
390,ORD_02203,WH_D,2026-01-13,2026-01-17,2026-01-20,25
391,ORD_00472,WH_E,2026-03-12,2026-03-14,2026-03-14,82
392,ORD_01100,WH_C,2026-03-09,2026-03-13,2026-03-13,18
393,ORD_02401,WH_C,2026-03-25,2026-03-27,2026-03-26,18
394,ORD_00434,WH_B,2026-03-05,2026-03-07,2026-03-08,9
395,ORD_02792,WH_E,2026-03-08,2026-03-10,2026-03-11,92
396,ORD_01804,WH_C,2026-01-10,2026-01-15,2026-01-15,22
397,ORD_00071,WH_E,2026-03-25,2026-03-28,2026-03-29,75
398,ORD_02417,WH_C,2026-03-22,2026-03-26,2026-03-27,22
399,ORD_01437,WH_C,2026-03-14,2026-03-17,2026-03-17,8
400,ORD_01736,WH_E,2026-02-15,2026-02-17,2026-02-19,52
401,ORD_00057,WH_B,2026-03-03,2026-03-07,2026-03-07,10
402,ORD_01629,WH_B,2026-03-28,2026-04-01,2026-04-01,11
403,ORD_00880,WH_C,2026-02-01,2026-02-04,2026-02-03,24
404,ORD_02351,WH_D,2026-02-17,2026-02-22,2026-02-22,11
405,ORD_01211,WH_D,2026-02-13,2026-02-16,2026-02-16,36
406,ORD_01868,WH_B,2026-01-06,2026-01-09,2026-01-09,7
407,ORD_02561,WH_E,2026-03-06,2026-03-10,2026-03-10,82
408,ORD_00310,WH_C,2026-03-28,2026-04-02,2026-04-02,19
409,ORD_02319,WH_D,2026-02-20,2026-02-21,2026-02-22,45
410,ORD_01337,WH_B,2026-03-26,2026-03-31,2026-03-31,8
411,ORD_01338,WH_E,2026-01-21,2026-01-24,2026-01-24,32
412,ORD_00622,WH_C,2026-03-24,2026-03-26,2026-03-26,10
413,ORD_01201,WH_E,2026-03-11,2026-03-15,2026-03-14,76
414,ORD_00394,WH_E,2026-03-06,2026-03-09,2026-03-11,58
415,ORD_02752,WH_E,2026-03-04,2026-03-06,2026-03-06,23
416,ORD_02023,WH_E,2026-02-17,2026-02-20,2026-02-20,93
417,ORD_01611,WH_E,2026-03-11,2026-03-14,2026-03-17,21
418,ORD_01831,WH_E,2026-02-12,2026-02-14,2026-02-18,78
419,ORD_02108,WH_E,2026-02-20,2026-02-22,2026-02-21,99
420,ORD_02176,WH_E,2026-02-17,2026-02-21,2026-02-24,53
421,ORD_00643,WH_C,2026-02-01,2026-02-03,2026-02-03,14
422,ORD_00573,WH_C,2026-01-12,2026-01-13,2026-01-14,21
423,ORD_01475,WH_C,2026-02-28,2026-03-03,2026-03-03,16
424,ORD_01843,WH_D,2026-02-06,2026-02-11,2026-02-10,12
425,ORD_00556,WH_D,2026-02-17,2026-02-21,2026-02-22,30
426,ORD_02182,WH_C,2026-03-01,2026-03-06,2026-03-06,22
427,ORD_02321,WH_E,2026-03-27,2026-03-31,2026-03-31,93
428,ORD_01796,WH_B,2026-03-28,2026-04-01,2026-04-01,11
429,ORD_02642,WH_B,2026-01-14,2026-01-17,2026-01-17,4
430,ORD_01581,WH_C,2026-01-14,2026-01-18,2026-01-18,13
431,ORD_02423,WH_E,2026-01-16,2026-01-20,2026-01-21,51
432,ORD_00121,WH_E,2026-02-22,2026-02-24,2026-02-24,62
433,ORD_01162,WH_B,2026-03-21,2026-03-24,2026-03-23,8
434,ORD_02633,WH_A,2026-01-03,2026-01-05,2026-01-05,2
435,ORD_02130,WH_D,2026-01-25,2026-01-29,2026-01-29,33
436,ORD_02186,WH_E,2026-01-04,2026-01-07,2026-01-10,69
437,ORD_00314,WH_E,2026-01-23,2026-01-26,2026-01-28,74
438,ORD_01781,WH_A,2026-02-04,2026-02-07,2026-02-06,8
439,ORD_00234,WH_D,2026-02-26,2026-03-01,2026-03-01,16
440,ORD_00512,WH_D,2026-03-31,2026-04-02,2026-04-05,49
441,ORD_02805,WH_D,2026-01-13,2026-01-16,2026-01-15,23
442,ORD_00611,WH_A,2026-03-02,2026-03-05,2026-03-04,1
443,ORD_02841,WH_C,2026-01-12,2026-01-14,2026-01-14,10
444,ORD_00112,WH_B,2026-02-28,2026-03-02,2026-03-02,5
445,ORD_02412,WH_B,2026-01-02,2026-01-06,2026-01-06,9
446,ORD_01351,WH_E,2026-01-16,2026-01-21,2026-01-21,65
447,ORD_00411,WH_C,2026-02-15,2026-02-16,2026-02-16,24
448,ORD_00219,WH_D,2026-02-28,2026-03-04,2026-03-04,16
449,ORD_01898,WH_B,2026-03-23,2026-03-27,2026-03-30,5
450,ORD_02345,WH_E,2026-03-04,2026-03-07,2026-03-07,84
451,ORD_02847,WH_E,2026-01-06,2026-01-11,2026-01-15,45
452,ORD_01240,WH_B,2026-02-28,2026-03-02,2026-03-01,2
453,ORD_00603,WH_B,2026-01-03,2026-01-06,2026-01-06,10
454,ORD_00832,WH_D,2026-03-14,2026-03-16,2026-03-17,32
455,ORD_02172,WH_A,2026-02-14,2026-02-15,2026-02-17,8
456,ORD_02164,WH_E,2026-02-11,2026-02-13,2026-02-14,44
457,ORD_02331,WH_C,2026-02-04,2026-02-09,2026-02-11,17
458,ORD_02430,WH_E,2026-03-07,2026-03-11,2026-03-11,52
459,ORD_00388,WH_B,2026-01-16,2026-01-20,2026-01-20,5
460,ORD_02688,WH_D,2026-02-14,2026-02-18,2026-02-18,17
461,ORD_01398,WH_C,2026-02-21,2026-02-24,2026-02-24,22
462,ORD_00566,WH_D,2026-01-08,2026-01-09,2026-01-09,12
463,ORD_01124,WH_E,2026-01-02,2026-01-05,2026-01-05,58
464,ORD_01179,WH_E,2026-03-02,2026-03-05,2026-03-05,47
465,ORD_01296,WH_C,2026-03-24,2026-03-27,2026-03-26,16
466,ORD_02185,WH_E,2026-01-15,2026-01-18,2026-01-17,64
467,ORD_02810,WH_E,2026-01-28,2026-01-31,2026-02-04,20
468,ORD_02998,WH_C,2026-02-21,2026-02-24,2026-02-24,22
469,ORD_00136,WH_C,2026-02-18,2026-02-21,2026-02-21,22
470,ORD_01612,WH_E,2026-01-12,2026-01-16,2026-01-16,99
471,ORD_02180,WH_D,2026-01-30,2026-02-02,2026-02-02,36
472,ORD_01850,WH_D,2026-02-08,2026-02-11,2026-02-13,17
473,ORD_02269,WH_C,2026-03-24,2026-03-26,2026-03-26,24
474,ORD_00367,WH_E,2026-01-17,2026-01-19,2026-01-21,68
475,ORD_00913,WH_D,2026-03-13,2026-03-14,2026-03-14,19
476,ORD_01610,WH_D,2026-03-19,2026-03-22,2026-03-21,27
477,ORD_00030,WH_A,2026-01-19,2026-01-22,2026-01-22,1
478,ORD_02515,WH_D,2026-03-04,2026-03-06,2026-03-06,15
479,ORD_00023,WH_C,2026-01-28,2026-02-01,2026-02-01,8
480,ORD_01691,WH_B,2026-03-14,2026-03-15,2026-03-15,10
481,ORD_02079,WH_E,2026-02-15,2026-02-17,2026-02-17,41
482,ORD_02454,WH_C,2026-02-24,2026-02-26,2026-02-27,17
483,ORD_01685,WH_B,2026-03-01,2026-03-04,2026-03-04,10
484,ORD_00184,WH_E,2026-02-19,2026-02-20,2026-02-20,73
485,ORD_00863,WH_D,2026-02-01,2026-02-04,2026-02-04,49
486,ORD_00189,WH_D,2026-03-16,2026-03-21,2026-03-22,24
487,ORD_00421,WH_E,2026-03-17,2026-03-19,2026-03-20,26
488,ORD_00171,WH_E,2026-02-09,2026-02-10,2026-02-09,60
489,ORD_02839,WH_E,2026-01-22,2026-01-26,2026-01-27,24
490,ORD_00461,WH_B,2026-02-27,2026-03-01,2026-03-04,6
491,ORD_00044,WH_E,2026-01-14,2026-01-17,2026-01-19,25
492,ORD_00088,WH_D,2026-02-12,2026-02-14,2026-02-14,40
493,ORD_00768,WH_E,2026-01-08,2026-01-09,2026-01-13,33
494,ORD_02634,WH_B,2026-02-27,2026-03-03,2026-03-03,10
495,ORD_01564,WH_C,2026-01-27,2026-01-28,2026-01-28,22
496,ORD_00930,WH_C,2026-01-30,2026-02-02,2026-02-02,9
497,ORD_00283,WH_C,2026-02-05,2026-02-07,2026-02-08,13
498,ORD_01076,WH_D,2026-01-01,2026-01-03,2026-01-03,16
499,ORD_02616,WH_B,2026-03-21,2026-03-26,2026-03-28,3
500,ORD_02687,WH_B,2026-02-10,2026-02-12,2026-02-11,4
501,ORD_01449,WH_E,2026-01-05,2026-01-06,2026-01-06,82
502,ORD_00258,WH_E,2026-02-16,2026-02-18,2026-02-20,42
503,ORD_02467,WH_C,2026-03-18,2026-03-20,2026-03-20,25
504,ORD_02608,WH_C,2026-02-05,2026-02-08,2026-02-09,12
505,ORD_01379,WH_C,2026-01-17,2026-01-21,2026-01-21,12
506,ORD_02070,WH_C,2026-03-18,2026-03-21,2026-03-21,13
507,ORD_02468,WH_A,2026-02-12,2026-02-17,2026-02-16,4
508,ORD_01519,WH_C,2026-01-16,2026-01-18,2026-01-18,19
509,ORD_02466,WH_C,2026-02-23,2026-02-26,2026-02-26,13
510,ORD_00150,WH_C,2026-01-17,2026-01-21,2026-01-21,7
511,ORD_01092,WH_D,2026-02-15,2026-02-16,2026-02-18,32
512,ORD_02371,WH_E,2026-02-05,2026-02-06,2026-02-09,58
513,ORD_02405,WH_E,2026-02-04,2026-02-08,2026-02-09,65
514,ORD_02125,WH_E,2026-01-20,2026-01-24,2026-01-24,95
515,ORD_01948,WH_B,2026-02-07,2026-02-10,2026-02-10,5
516,ORD_00555,WH_E,2026-02-19,2026-02-21,2026-02-22,24
517,ORD_01548,WH_D,2026-01-12,2026-01-14,2026-01-18,19
518,ORD_02742,WH_C,2026-02-22,2026-02-25,2026-02-25,15
519,ORD_00545,WH_D,2026-02-06,2026-02-08,2026-02-08,47
520,ORD_02204,WH_A,2026-01-04,2026-01-06,2026-01-05,4
521,ORD_01950,WH_D,2026-01-19,2026-01-22,2026-01-24,34
522,ORD_01230,WH_D,2026-02-01,2026-02-06,2026-02-07,41
523,ORD_00222,WH_D,2026-03-02,2026-03-03,2026-03-03,32
524,ORD_01809,WH_B,2026-02-02,2026-02-05,2026-02-05,5
525,ORD_02154,WH_E,2026-03-30,2026-04-02,2026-04-03,80
526,ORD_01478,WH_E,2026-03-07,2026-03-11,2026-03-11,45
527,ORD_02355,WH_E,2026-01-14,2026-01-19,2026-01-19,87
528,ORD_01117,WH_B,2026-02-24,2026-02-26,2026-02-26,7
529,ORD_01411,WH_C,2026-01-27,2026-01-31,2026-01-31,5
530,ORD_02377,WH_C,2026-03-18,2026-03-22,2026-03-22,16
531,ORD_00544,WH_E,2026-01-01,2026-01-04,2026-01-04,30
532,ORD_01414,WH_A,2026-01-20,2026-01-25,2026-01-25,6
533,ORD_02255,WH_E,2026-02-28,2026-03-02,2026-03-01,98
534,ORD_00273,WH_E,2026-03-02,2026-03-04,2026-03-04,35
535,ORD_00522,WH_C,2026-01-01,2026-01-05,2026-01-05,23
536,ORD_00901,WH_C,2026-02-18,2026-02-19,2026-02-20,23
537,ORD_00912,WH_C,2026-02-27,2026-03-01,2026-03-04,17
538,ORD_01339,WH_A,2026-03-27,2026-03-30,2026-03-29,2
539,ORD_02580,WH_D,2026-01-19,2026-01-23,2026-01-23,15
540,ORD_02701,WH_D,2026-02-19,2026-02-21,2026-02-22,40
541,ORD_02541,WH_E,2026-01-19,2026-01-23,2026-01-23,61
542,ORD_01028,WH_E,2026-03-17,2026-03-20,2026-03-19,93
543,ORD_02837,WH_E,2026-03-18,2026-03-23,2026-03-24,57
544,ORD_00681,WH_E,2026-02-28,2026-03-01,2026-03-01,54
545,ORD_02607,WH_A,2026-03-20,2026-03-22,2026-03-22,7
546,ORD_01223,WH_D,2026-02-13,2026-02-16,2026-02-17,15
547,ORD_01887,WH_A,2026-02-02,2026-02-05,2026-02-04,5
548,ORD_02100,WH_C,2026-02-26,2026-03-01,2026-03-01,11
549,ORD_02715,WH_A,2026-03-25,2026-03-28,2026-03-28,7
550,ORD_00169,WH_A,2026-02-19,2026-02-22,2026-02-22,3
551,ORD_02283,WH_D,2026-03-04,2026-03-06,2026-03-08,43
552,ORD_02809,WH_D,2026-01-21,2026-01-24,2026-01-24,42
553,ORD_00680,WH_E,2026-02-02,2026-02-06,2026-02-06,48
554,ORD_01422,WH_D,2026-01-18,2026-01-20,2026-01-25,22
555,ORD_01376,WH_E,2026-01-12,2026-01-14,2026-01-13,65
556,ORD_02247,WH_A,2026-02-27,2026-03-02,2026-03-02,6
557,ORD_01375,WH_C,2026-03-04,2026-03-09,2026-03-09,12
558,ORD_00368,WH_E,2026-03-12,2026-03-14,2026-03-14,38
559,ORD_02655,WH_E,2026-02-20,2026-02-24,2026-02-24,29
560,ORD_02288,WH_C,2026-01-10,2026-01-12,2026-01-12,20
561,ORD_01006,WH_E,2026-03-27,2026-04-01,2026-04-02,54
562,ORD_02502,WH_E,2026-03-11,2026-03-13,2026-03-14,63
563,ORD_00352,WH_E,2026-01-29,2026-02-01,2026-02-03,81
564,ORD_01488,WH_E,2026-01-01,2026-01-02,2026-01-02,63
565,ORD_02916,WH_E,2026-01-10,2026-01-14,2026-01-14,63
566,ORD_01533,WH_E,2026-02-11,2026-02-14,2026-02-15,72
567,ORD_02285,WH_B,2026-03-18,2026-03-21,2026-03-25,8
568,ORD_02704,WH_A,2026-03-16,2026-03-19,2026-03-19,8
569,ORD_02383,WH_E,2026-02-03,2026-02-06,2026-02-09,93
570,ORD_00499,WH_E,2026-02-28,2026-03-05,2026-03-04,79
571,ORD_01656,WH_E,2026-03-25,2026-03-28,2026-03-28,33
572,ORD_00211,WH_D,2026-02-08,2026-02-10,2026-02-10,21
573,ORD_02763,WH_D,2026-01-24,2026-01-28,2026-01-30,34
574,ORD_01264,WH_D,2026-03-15,2026-03-18,2026-03-18,44
575,ORD_00228,WH_C,2026-03-20,2026-03-22,2026-03-21,21
576,ORD_00366,WH_C,2026-01-26,2026-01-30,2026-01-30,13
577,ORD_02107,WH_E,2026-02-09,2026-02-11,2026-02-12,43
578,ORD_00950,WH_D,2026-02-26,2026-02-27,2026-02-26,49
579,ORD_01965,WH_D,2026-03-08,2026-03-10,2026-03-09,28
580,ORD_00613,WH_D,2026-01-19,2026-01-22,2026-01-25,39
581,ORD_00811,WH_E,2026-02-17,2026-02-21,2026-02-21,93
582,ORD_00408,WH_A,2026-01-03,2026-01-07,2026-01-07,8
583,ORD_01951,WH_B,2026-03-08,2026-03-11,2026-03-11,8
584,ORD_02888,WH_D,2026-03-03,2026-03-05,2026-03-07,18
585,ORD_02552,WH_B,2026-01-01,2026-01-05,2026-01-05,2
586,ORD_02251,WH_B,2026-03-05,2026-03-07,2026-03-07,3
587,ORD_02420,WH_C,2026-03-10,2026-03-13,2026-03-14,22
588,ORD_00599,WH_B,2026-02-01,2026-02-06,2026-02-05,4
589,ORD_00008,WH_E,2026-03-24,2026-03-26,2026-03-26,57
590,ORD_01000,WH_D,2026-02-25,2026-02-27,2026-02-27,14
591,ORD_01227,WH_C,2026-03-12,2026-03-14,2026-03-14,19
592,ORD_02937,WH_E,2026-02-07,2026-02-11,2026-02-11,28
593,ORD_00416,WH_D,2026-02-17,2026-02-19,2026-02-19,50
594,ORD_02080,WH_E,2026-03-13,2026-03-15,2026-03-15,91
595,ORD_01115,WH_D,2026-01-05,2026-01-08,2026-01-09,10
596,ORD_00795,WH_A,2026-02-09,2026-02-11,2026-02-11,2
597,ORD_01714,WH_D,2026-03-18,2026-03-22,2026-03-22,26
598,ORD_00200,WH_E,2026-03-18,2026-03-23,2026-03-25,81
599,ORD_00284,WH_B,2026-02-18,2026-02-21,2026-02-21,6
600,ORD_00232,WH_D,2026-01-11,2026-01-16,2026-01-16,22
601,ORD_01682,WH_E,2026-02-20,2026-02-22,2026-02-27,89
602,ORD_00943,WH_E,2026-02-21,2026-02-24,2026-02-24,35
603,ORD_00097,WH_D,2026-03-25,2026-03-27,2026-03-27,39
604,ORD_01371,WH_E,2026-03-13,2026-03-17,2026-03-20,52
605,ORD_02583,WH_D,2026-02-19,2026-02-21,2026-02-21,27
606,ORD_01406,WH_D,2026-01-19,2026-01-23,2026-01-23,50
607,ORD_01585,WH_E,2026-01-22,2026-01-24,2026-01-27,73
609,ORD_02777,WH_A,2026-01-16,2026-01-20,2026-01-19,5
610,ORD_02878,WH_C,2026-01-14,2026-01-18,2026-01-18,14
611,ORD_02601,WH_D,2026-03-18,2026-03-19,2026-03-19,43
612,ORD_01423,WH_A,2026-03-10,2026-03-12,2026-03-12,3
613,ORD_01394,WH_D,2026-01-16,2026-01-20,2026-01-23,26
614,ORD_00105,WH_E,2026-03-20,2026-03-23,2026-03-26,49
615,ORD_02531,WH_E,2026-01-17,2026-01-21,2026-01-21,82
616,ORD_01081,WH_E,2026-01-21,2026-01-22,2026-01-26,72
617,ORD_01396,WH_E,2026-03-15,2026-03-18,2026-03-22,31
618,ORD_01816,WH_E,2026-01-04,2026-01-07,2026-01-07,74
619,ORD_01400,WH_E,2026-01-29,2026-01-31,2026-01-30,56
620,ORD_01310,WH_E,2026-03-01,2026-03-05,2026-03-08,37
621,ORD_00227,WH_E,2026-02-06,2026-02-09,2026-02-09,70
622,ORD_00777,WH_C,2026-02-05,2026-02-07,2026-02-07,6
623,ORD_02214,WH_E,2026-01-13,2026-01-16,2026-01-16,30
624,ORD_01955,WH_E,2026-02-16,2026-02-19,2026-02-24,42
625,ORD_02829,WH_D,2026-02-09,2026-02-14,2026-02-15,17
626,ORD_02824,WH_C,2026-02-28,2026-03-05,2026-03-05,24
627,ORD_01101,WH_A,2026-01-18,2026-01-21,2026-01-21,6
628,ORD_01299,WH_D,2026-03-27,2026-03-30,2026-03-30,23
629,ORD_01617,WH_E,2026-03-02,2026-03-06,2026-03-06,81
630,ORD_00465,WH_E,2026-02-27,2026-03-03,2026-03-02,42
631,ORD_00840,WH_D,2026-02-17,2026-02-21,2026-02-20,18
632,ORD_02682,WH_E,2026-03-15,2026-03-17,2026-03-17,49
633,ORD_01382,WH_C,2026-02-05,2026-02-06,2026-02-06,25
634,ORD_00638,WH_C,2026-03-25,2026-03-28,2026-04-01,8
635,ORD_01608,WH_E,2026-01-21,2026-01-25,2026-01-26,77
637,ORD_00213,WH_E,2026-01-28,2026-02-01,2026-01-31,95
638,ORD_00013,WH_E,2026-01-12,2026-01-15,2026-01-17,93
639,ORD_02919,WH_D,2026-01-08,2026-01-12,2026-01-12,49
640,ORD_00423,WH_B,2026-02-05,2026-02-08,2026-02-07,10
641,ORD_01922,WH_A,2026-02-20,2026-02-24,2026-02-24,6
642,ORD_02578,WH_D,2026-01-16,2026-01-18,2026-01-17,11
643,ORD_02654,WH_A,2026-02-11,2026-02-16,2026-02-15,4
644,ORD_00737,WH_C,2026-01-20,2026-01-23,2026-01-23,7
645,ORD_02945,WH_E,2026-01-17,2026-01-20,2026-01-19,60
646,ORD_02720,WH_A,2026-01-14,2026-01-17,2026-01-17,5
647,ORD_01622,WH_A,2026-02-13,2026-02-14,2026-02-14,1
648,ORD_00510,WH_E,2026-02-19,2026-02-22,2026-02-25,44
649,ORD_00645,WH_B,2026-03-02,2026-03-06,2026-03-06,3
650,ORD_00598,WH_B,2026-02-18,2026-02-20,2026-02-22,9
651,ORD_01205,WH_D,2026-01-04,2026-01-06,2026-01-08,42
652,ORD_02380,WH_E,2026-02-01,2026-02-05,2026-02-05,73
653,ORD_01845,WH_E,2026-02-08,2026-02-11,2026-02-13,32
654,ORD_02658,WH_E,2026-02-25,2026-03-01,2026-03-01,88
655,ORD_00519,WH_E,2026-02-07,2026-02-10,2026-02-10,28
656,ORD_01118,WH_E,2026-02-06,2026-02-11,2026-02-11,39
657,ORD_00574,WH_D,2026-02-12,2026-02-15,2026-02-18,23
658,ORD_02740,WH_A,2026-02-18,2026-02-23,2026-02-26,2
659,ORD_02127,WH_D,2026-01-28,2026-01-30,2026-01-30,20
660,ORD_01978,WH_D,2026-01-10,2026-01-13,2026-01-12,42
661,ORD_01160,WH_A,2026-01-22,2026-01-26,2026-01-26,1
662,ORD_01445,WH_E,2026-02-01,2026-02-03,2026-02-08,99
663,ORD_01836,WH_E,2026-01-28,2026-01-30,2026-01-29,76
664,ORD_02098,WH_D,2026-03-20,2026-03-23,2026-03-23,46
665,ORD_00221,WH_E,2026-01-02,2026-01-03,2026-01-03,55
666,ORD_02923,WH_E,2026-02-23,2026-02-26,2026-02-25,55
667,ORD_00359,WH_E,2026-02-17,2026-02-21,2026-02-23,49
668,ORD_00757,WH_D,2026-01-15,2026-01-19,2026-01-21,11
669,ORD_01813,WH_C,2026-02-03,2026-02-05,2026-02-05,19
670,ORD_02488,WH_E,2026-03-09,2026-03-12,2026-03-12,72
671,ORD_00260,WH_B,2026-03-24,2026-03-28,2026-03-27,8
672,ORD_02786,WH_C,2026-03-12,2026-03-15,2026-03-15,21
673,ORD_00810,WH_B,2026-03-30,2026-04-02,2026-04-02,9
674,ORD_02406,WH_D,2026-01-16,2026-01-19,2026-01-19,33
675,ORD_02261,WH_E,2026-03-09,2026-03-12,2026-03-12,45
676,ORD_01002,WH_D,2026-03-07,2026-03-11,2026-03-14,46
677,ORD_02421,WH_B,2026-01-20,2026-01-22,2026-01-22,5
678,ORD_01784,WH_D,2026-03-08,2026-03-12,2026-03-15,47
679,ORD_01508,WH_D,2026-02-09,2026-02-12,2026-02-12,22
680,ORD_01018,WH_D,2026-03-24,2026-03-28,2026-03-28,32
681,ORD_02731,WH_E,2026-01-15,2026-01-18,2026-01-17,53
682,ORD_02338,WH_C,2026-02-13,2026-02-17,2026-02-17,16
683,ORD_00457,WH_A,2026-01-25,2026-01-30,2026-01-30,8
684,ORD_00463,WH_E,2026-03-03,2026-03-04,2026-03-04,89
685,ORD_02237,WH_E,2026-01-31,2026-02-02,2026-02-04,49
686,ORD_01290,WH_A,2026-01-17,2026-01-22,2026-01-22,1
687,ORD_00382,WH_E,2026-01-25,2026-01-28,2026-01-31,59
688,ORD_02458,WH_D,2026-03-21,2026-03-25,2026-03-25,13
689,ORD_01327,WH_B,2026-03-15,2026-03-18,2026-03-18,12
690,ORD_00694,WH_C,2026-03-07,2026-03-11,2026-03-11,10
691,ORD_00799,WH_E,2026-03-03,2026-03-05,2026-03-05,88
692,ORD_01771,WH_D,2026-01-28,2026-01-29,2026-01-29,12
694,ORD_01287,WH_B,2026-03-08,2026-03-11,2026-03-11,11
695,ORD_01579,WH_D,2026-01-18,2026-01-21,2026-01-21,30
696,ORD_01462,WH_E,2026-01-07,2026-01-10,2026-01-12,83
697,ORD_01237,WH_E,2026-03-20,2026-03-24,2026-03-27,87
698,ORD_01035,WH_A,2026-01-09,2026-01-11,2026-01-11,7
699,ORD_02160,WH_E,2026-01-16,2026-01-19,2026-01-19,53
700,ORD_02373,WH_E,2026-03-20,2026-03-24,2026-03-24,25
701,ORD_02300,WH_C,2026-03-22,2026-03-23,2026-03-23,5
702,ORD_01430,WH_E,2026-01-13,2026-01-17,2026-01-16,75
703,ORD_01196,WH_E,2026-02-16,2026-02-19,2026-02-19,81
704,ORD_00543,WH_C,2026-01-08,2026-01-12,2026-01-14,21
705,ORD_02483,WH_E,2026-01-07,2026-01-08,2026-01-08,73
706,ORD_02078,WH_D,2026-02-14,2026-02-16,2026-02-16,12
707,ORD_01457,WH_E,2026-02-13,2026-02-17,2026-02-17,22
708,ORD_02667,WH_B,2026-03-05,2026-03-09,2026-03-09,9
709,ORD_02432,WH_E,2026-03-27,2026-03-31,2026-04-01,55
710,ORD_02997,WH_B,2026-03-28,2026-04-02,2026-04-01,8
711,ORD_02758,WH_E,2026-02-21,2026-02-24,2026-02-23,25
712,ORD_01367,WH_E,2026-02-28,2026-03-04,2026-03-06,71
713,ORD_00730,WH_B,2026-02-20,2026-02-22,2026-02-22,6
714,ORD_02909,WH_C,2026-02-26,2026-02-28,2026-03-05,10
715,ORD_02270,WH_D,2026-01-07,2026-01-10,2026-01-14,41
716,ORD_02870,WH_C,2026-03-13,2026-03-15,2026-03-15,24
717,ORD_02806,WH_E,2026-03-19,2026-03-22,2026-03-24,23
718,ORD_02724,WH_D,2026-03-23,2026-03-24,2026-03-26,19
719,ORD_01217,WH_B,2026-02-04,2026-02-07,2026-02-08,9
720,ORD_00436,WH_E,2026-03-24,2026-03-27,2026-03-27,73
721,ORD_01967,WH_B,2026-03-01,2026-03-02,2026-03-02,12
722,ORD_00238,WH_A,2026-01-07,2026-01-08,2026-01-08,7
723,ORD_01847,WH_B,2026-02-15,2026-02-18,2026-02-17,10
724,ORD_00110,WH_A,2026-03-11,2026-03-16,2026-03-16,3
725,ORD_02067,WH_C,2026-02-09,2026-02-14,2026-02-14,22
726,ORD_00164,WH_D,2026-01-19,2026-01-23,2026-01-23,43
727,ORD_00289,WH_C,2026-03-02,2026-03-04,2026-03-04,12
728,ORD_00253,WH_E,2026-01-05,2026-01-07,2026-01-06,98
729,ORD_02005,WH_C,2026-02-28,2026-03-02,2026-03-02,22
730,ORD_02942,WH_D,2026-03-15,2026-03-17,2026-03-18,29
731,ORD_02770,WH_E,2026-01-10,2026-01-13,2026-01-14,92
732,ORD_00765,WH_A,2026-01-23,2026-01-26,2026-01-25,3
733,ORD_00839,WH_D,2026-03-12,2026-03-17,2026-03-18,38
734,ORD_01518,WH_E,2026-02-18,2026-02-19,2026-02-19,52
735,ORD_02494,WH_C,2026-03-19,2026-03-21,2026-03-21,8
736,ORD_02346,WH_E,2026-02-06,2026-02-07,2026-02-06,68
737,ORD_01019,WH_E,2026-02-27,2026-03-01,2026-03-03,91
738,ORD_00865,WH_D,2026-03-04,2026-03-06,2026-03-06,39
739,ORD_01727,WH_D,2026-01-26,2026-01-29,2026-01-29,31
740,ORD_02431,WH_D,2026-01-09,2026-01-11,2026-01-12,13
741,ORD_00846,WH_D,2026-02-28,2026-03-02,2026-03-05,17
742,ORD_02413,WH_D,2026-01-04,2026-01-07,2026-01-12,18
743,ORD_00462,WH_D,2026-02-14,2026-02-15,2026-02-15,10
744,ORD_02949,WH_C,2026-02-20,2026-02-23,2026-02-23,9
745,ORD_02013,WH_E,2026-01-09,2026-01-12,2026-01-15,76
746,ORD_00158,WH_E,2026-01-28,2026-01-31,2026-02-01,54
747,ORD_01942,WH_C,2026-01-10,2026-01-14,2026-01-18,6
748,ORD_01645,WH_B,2026-03-14,2026-03-16,2026-03-16,7
749,ORD_00678,WH_C,2026-01-20,2026-01-22,2026-01-22,20
750,ORD_02652,WH_C,2026-03-15,2026-03-16,2026-03-19,8
751,ORD_00858,WH_D,2026-01-04,2026-01-07,2026-01-07,17
752,ORD_00239,WH_D,2026-03-02,2026-03-05,2026-03-08,23
753,ORD_01594,WH_B,2026-02-25,2026-02-27,2026-02-26,12
754,ORD_02461,WH_E,2026-03-29,2026-03-30,2026-03-30,36
755,ORD_02006,WH_E,2026-03-01,2026-03-05,2026-03-05,64
756,ORD_00101,WH_A,2026-02-03,2026-02-07,2026-02-07,4
757,ORD_00316,WH_E,2026-01-17,2026-01-20,2026-01-21,52
758,ORD_00841,WH_A,2026-01-18,2026-01-21,2026-01-20,2
759,ORD_02861,WH_E,2026-02-22,2026-02-24,2026-02-23,55
760,ORD_00791,WH_B,2026-03-03,2026-03-08,2026-03-08,3
761,ORD_00904,WH_D,2026-03-22,2026-03-27,2026-03-27,50
762,ORD_00262,WH_E,2026-03-09,2026-03-13,2026-03-13,20
763,ORD_01755,WH_E,2026-02-22,2026-02-24,2026-02-25,69
764,ORD_01671,WH_C,2026-03-06,2026-03-08,2026-03-07,14
765,ORD_00196,WH_C,2026-01-19,2026-01-23,2026-01-23,8
766,ORD_02356,WH_B,2026-03-04,2026-03-07,2026-03-07,3
767,ORD_01026,WH_D,2026-02-09,2026-02-12,2026-02-12,29
768,ORD_01763,WH_B,2026-03-16,2026-03-20,2026-03-20,9
769,ORD_00180,WH_B,2026-02-03,2026-02-05,2026-02-07,5
770,ORD_02330,WH_A,2026-03-09,2026-03-10,2026-03-10,5
771,ORD_02762,WH_A,2026-01-16,2026-01-20,2026-01-20,8
772,ORD_02796,WH_D,2026-03-16,2026-03-17,2026-03-17,43
773,ORD_00341,WH_D,2026-03-13,2026-03-14,2026-03-14,21
774,ORD_01079,WH_C,2026-01-30,2026-01-31,2026-01-31,6
775,ORD_01188,WH_A,2026-03-10,2026-03-13,2026-03-13,6
776,ORD_00749,WH_E,2026-02-27,2026-03-04,2026-03-07,85
777,ORD_01089,WH_E,2026-01-15,2026-01-16,2026-01-16,56
778,ORD_00663,WH_D,2026-03-24,2026-03-26,2026-03-26,25
779,ORD_00481,WH_D,2026-01-21,2026-01-23,2026-01-23,14
780,ORD_02150,WH_E,2026-01-01,2026-01-06,2026-01-05,66
781,ORD_02581,WH_B,2026-01-02,2026-01-05,2026-01-09,10
782,ORD_01363,WH_D,2026-03-18,2026-03-21,2026-03-21,47
783,ORD_02448,WH_B,2026-01-27,2026-01-30,2026-01-30,6
784,ORD_00550,WH_E,2026-02-04,2026-02-05,2026-02-08,87
785,ORD_01152,WH_E,2026-01-01,2026-01-04,2026-01-06,27
786,ORD_00784,WH_C,2026-03-29,2026-04-01,2026-04-02,7
787,ORD_02723,WH_E,2026-01-04,2026-01-08,2026-01-08,62
788,ORD_00743,WH_E,2026-02-11,2026-02-13,2026-02-13,93
789,ORD_02657,WH_E,2026-03-17,2026-03-20,2026-03-24,52
790,ORD_01733,WH_D,2026-01-19,2026-01-23,2026-01-23,20
791,ORD_00966,WH_C,2026-01-27,2026-01-29,2026-02-02,21
792,ORD_01065,WH_D,2026-02-16,2026-02-18,2026-02-18,43
793,ORD_01940,WH_A,2026-01-03,2026-01-05,2026-01-05,4
795,ORD_02133,WH_D,2026-01-06,2026-01-07,2026-01-06,50
796,ORD_02385,WH_C,2026-03-20,2026-03-22,2026-03-22,24
797,ORD_00248,WH_E,2026-02-07,2026-02-08,2026-02-11,20
798,ORD_02808,WH_B,2026-01-26,2026-01-29,2026-01-29,4
799,ORD_01147,WH_E,2026-03-17,2026-03-18,2026-03-19,52
800,ORD_02979,WH_E,2026-03-05,2026-03-09,2026-03-08,45
801,ORD_00627,WH_D,2026-01-28,2026-01-29,2026-01-29,41
802,ORD_00348,WH_A,2026-03-15,2026-03-17,2026-03-17,7
803,ORD_00279,WH_E,2026-02-15,2026-02-16,2026-02-16,73
804,ORD_01812,WH_E,2026-03-01,2026-03-05,2026-03-05,63
805,ORD_02293,WH_C,2026-01-24,2026-01-26,2026-01-26,25
806,ORD_00656,WH_B,2026-03-28,2026-03-30,2026-03-30,3
807,ORD_01236,WH_C,2026-02-06,2026-02-10,2026-02-09,15
808,ORD_02873,WH_E,2026-02-07,2026-02-11,2026-02-10,70
809,ORD_02639,WH_E,2026-01-07,2026-01-08,2026-01-08,42
810,ORD_02602,WH_A,2026-01-07,2026-01-09,2026-01-08,3
811,ORD_02876,WH_D,2026-02-04,2026-02-07,2026-02-10,31
812,ORD_01737,WH_D,2026-02-11,2026-02-15,2026-02-20,16
813,ORD_00941,WH_C,2026-01-15,2026-01-18,2026-01-19,17
814,ORD_02610,WH_A,2026-03-05,2026-03-08,2026-03-08,3
815,ORD_00446,WH_E,2026-03-01,2026-03-04,2026-03-06,87
816,ORD_00618,WH_C,2026-02-12,2026-02-16,2026-02-16,13
817,ORD_01710,WH_E,2026-03-31,2026-04-03,2026-04-03,67
818,ORD_01091,WH_E,2026-03-20,2026-03-23,2026-03-23,27
819,ORD_01921,WH_E,2026-01-28,2026-01-29,2026-01-29,77
820,ORD_02627,WH_B,2026-01-29,2026-02-01,2026-02-01,2
821,ORD_01589,WH_D,2026-02-05,2026-02-08,2026-02-08,24
822,ORD_02685,WH_C,2026-02-12,2026-02-17,2026-02-16,14
823,ORD_00548,WH_E,2026-03-11,2026-03-15,2026-03-16,71
824,ORD_01802,WH_E,2026-02-10,2026-02-11,2026-02-11,58
825,ORD_00845,WH_B,2026-03-09,2026-03-10,2026-03-10,6
826,ORD_00908,WH_C,2026-01-15,2026-01-18,2026-01-18,6
827,ORD_00264,WH_D,2026-01-01,2026-01-03,2026-01-03,19
828,ORD_01269,WH_D,2026-02-12,2026-02-17,2026-02-20,25
829,ORD_02366,WH_A,2026-03-20,2026-03-23,2026-03-23,8
830,ORD_02773,WH_E,2026-02-27,2026-02-28,2026-02-28,46
831,ORD_00354,WH_B,2026-01-13,2026-01-17,2026-01-17,12
832,ORD_01353,WH_D,2026-02-28,2026-03-04,2026-03-04,31
833,ORD_00209,WH_A,2026-01-06,2026-01-08,2026-01-07,5
834,ORD_00614,WH_B,2026-02-12,2026-02-14,2026-02-13,9
835,ORD_02287,WH_E,2026-01-27,2026-01-31,2026-01-31,31
836,ORD_01748,WH_C,2026-01-12,2026-01-16,2026-01-16,12
837,ORD_02510,WH_E,2026-01-24,2026-01-29,2026-01-30,35
838,ORD_01158,WH_E,2026-03-20,2026-03-24,2026-03-23,32
839,ORD_02469,WH_D,2026-02-08,2026-02-11,2026-02-16,50
840,ORD_01779,WH_C,2026-01-14,2026-01-18,2026-01-18,23
841,ORD_02718,WH_E,2026-01-17,2026-01-19,2026-01-18,70
842,ORD_00058,WH_B,2026-01-29,2026-01-31,2026-01-31,9
843,ORD_02912,WH_A,2026-01-02,2026-01-04,2026-01-04,3
844,ORD_00812,WH_E,2026-01-18,2026-01-21,2026-01-24,53
845,ORD_02205,WH_E,2026-02-11,2026-02-12,2026-02-12,94
846,ORD_00562,WH_C,2026-03-12,2026-03-17,2026-03-17,13
847,ORD_02060,WH_D,2026-02-02,2026-02-04,2026-02-06,44
848,ORD_00230,WH_D,2026-03-04,2026-03-08,2026-03-08,35
849,ORD_02523,WH_C,2026-03-25,2026-03-28,2026-03-27,21
850,ORD_01749,WH_E,2026-01-26,2026-01-31,2026-01-30,22
851,ORD_02275,WH_E,2026-01-16,2026-01-19,2026-01-19,68
852,ORD_02105,WH_E,2026-03-29,2026-04-02,2026-04-03,29
853,ORD_02840,WH_C,2026-01-18,2026-01-21,2026-01-22,25
854,ORD_02571,WH_D,2026-03-12,2026-03-17,2026-03-17,10
855,ORD_02811,WH_C,2026-02-17,2026-02-19,2026-02-19,16
856,ORD_01058,WH_D,2026-03-21,2026-03-23,2026-03-22,38
857,ORD_01499,WH_C,2026-02-16,2026-02-20,2026-02-20,23
858,ORD_01074,WH_A,2026-02-17,2026-02-19,2026-02-19,4
859,ORD_00708,WH_E,2026-01-29,2026-02-02,2026-02-03,43
860,ORD_00425,WH_A,2026-02-26,2026-02-28,2026-02-28,5
861,ORD_00070,WH_E,2026-03-31,2026-04-03,2026-04-02,82
862,ORD_02850,WH_C,2026-02-22,2026-02-24,2026-02-26,6
863,ORD_02938,WH_D,2026-03-02,2026-03-04,2026-03-03,43
864,ORD_01715,WH_A,2026-01-28,2026-02-01,2026-02-05,8
865,ORD_02179,WH_E,2026-01-10,2026-01-15,2026-01-17,74
866,ORD_01988,WH_D,2026-01-26,2026-01-30,2026-01-30,28
867,ORD_02595,WH_B,2026-01-18,2026-01-21,2026-01-21,5
868,ORD_01961,WH_B,2026-01-08,2026-01-11,2026-01-11,9
869,ORD_02124,WH_D,2026-03-28,2026-03-30,2026-03-30,43
870,ORD_00621,WH_B,2026-02-17,2026-02-19,2026-02-18,5
871,ORD_01352,WH_D,2026-01-18,2026-01-21,2026-01-21,43
873,ORD_00953,WH_B,2026-02-23,2026-02-28,2026-02-28,9
874,ORD_02043,WH_D,2026-01-26,2026-01-28,2026-01-28,40
875,ORD_02222,WH_D,2026-03-12,2026-03-15,2026-03-15,26
876,ORD_00931,WH_B,2026-01-13,2026-01-16,2026-01-17,7
877,ORD_00928,WH_D,2026-03-23,2026-03-27,2026-03-27,16
878,ORD_02679,WH_B,2026-03-04,2026-03-07,2026-03-11,2
879,ORD_01726,WH_A,2026-01-11,2026-01-14,2026-01-14,3
880,ORD_00280,WH_E,2026-02-01,2026-02-05,2026-02-05,93
881,ORD_01621,WH_D,2026-01-15,2026-01-18,2026-01-18,34
882,ORD_02002,WH_C,2026-03-19,2026-03-21,2026-03-20,22
883,ORD_01919,WH_C,2026-01-14,2026-01-17,2026-01-17,6
884,ORD_02407,WH_C,2026-02-19,2026-02-21,2026-02-20,18
885,ORD_01676,WH_C,2026-03-07,2026-03-10,2026-03-10,5
886,ORD_00554,WH_D,2026-02-15,2026-02-18,2026-02-22,49
887,ORD_00835,WH_D,2026-02-13,2026-02-15,2026-02-18,39
888,ORD_00991,WH_E,2026-02-18,2026-02-20,2026-02-22,78
889,ORD_00597,WH_E,2026-01-24,2026-01-28,2026-01-30,27
890,ORD_01614,WH_C,2026-03-22,2026-03-26,2026-03-27,5
891,ORD_00803,WH_D,2026-02-26,2026-03-03,2026-03-03,29
894,ORD_02734,WH_E,2026-02-21,2026-02-23,2026-02-23,86
895,ORD_00441,WH_B,2026-02-09,2026-02-13,2026-02-15,10
896,ORD_00509,WH_E,2026-01-02,2026-01-05,2026-01-05,76
897,ORD_00077,WH_E,2026-01-03,2026-01-06,2026-01-06,85
898,ORD_01934,WH_D,2026-02-28,2026-03-01,2026-03-01,38
899,ORD_00650,WH_D,2026-03-23,2026-03-24,2026-03-24,37
900,ORD_00523,WH_E,2026-02-14,2026-02-18,2026-02-19,49
901,ORD_01513,WH_E,2026-01-12,2026-01-15,2026-01-15,72
902,ORD_01107,WH_C,2026-02-09,2026-02-11,2026-02-10,8
903,ORD_02452,WH_E,2026-02-02,2026-02-03,2026-02-03,74
904,ORD_00655,WH_D,2026-01-05,2026-01-10,2026-01-10,29
905,ORD_02539,WH_E,2026-03-08,2026-03-11,2026-03-11,28
906,ORD_01566,WH_D,2026-01-31,2026-02-03,2026-02-03,18
907,ORD_02220,WH_B,2026-03-14,2026-03-15,2026-03-15,11
908,ORD_02863,WH_E,2026-01-09,2026-01-11,2026-01-11,93
909,ORD_00631,WH_E,2026-01-05,2026-01-08,2026-01-08,37
910,ORD_02241,WH_E,2026-03-22,2026-03-25,2026-03-25,22
911,ORD_01534,WH_C,2026-02-16,2026-02-19,2026-02-18,17
912,ORD_00980,WH_D,2026-02-25,2026-02-28,2026-02-28,24
913,ORD_00483,WH_D,2026-03-31,2026-04-05,2026-04-06,46
914,ORD_01958,WH_D,2026-03-26,2026-03-29,2026-03-30,44
915,ORD_01135,WH_E,2026-03-04,2026-03-07,2026-03-06,95
916,ORD_02577,WH_E,2026-03-19,2026-03-21,2026-03-21,58
917,ORD_01279,WH_B,2026-01-18,2026-01-20,2026-01-20,9
918,ORD_00439,WH_E,2026-03-19,2026-03-21,2026-03-22,58
919,ORD_01745,WH_D,2026-03-02,2026-03-05,2026-03-06,30
920,ORD_02944,WH_E,2026-01-06,2026-01-11,2026-01-13,42
921,ORD_01568,WH_B,2026-03-19,2026-03-22,2026-03-21,6
922,ORD_00857,WH_A,2026-02-23,2026-02-26,2026-02-26,4
923,ORD_02014,WH_B,2026-03-25,2026-03-29,2026-03-29,3
924,ORD_00167,WH_C,2026-02-10,2026-02-11,2026-02-11,10
925,ORD_00060,WH_C,2026-01-17,2026-01-19,2026-01-21,23
926,ORD_00612,WH_E,2026-01-29,2026-02-01,2026-02-04,83
927,ORD_00531,WH_E,2026-02-22,2026-02-24,2026-02-23,22
928,ORD_02890,WH_E,2026-01-12,2026-01-16,2026-01-17,92
929,ORD_00050,WH_B,2026-01-24,2026-01-26,2026-01-26,12
930,ORD_01507,WH_D,2026-03-16,2026-03-19,2026-03-21,44
931,ORD_01939,WH_D,2026-01-29,2026-02-02,2026-02-01,14
932,ORD_00859,WH_D,2026-02-08,2026-02-10,2026-02-10,28
933,ORD_01718,WH_E,2026-02-25,2026-02-28,2026-02-27,59
934,ORD_00049,WH_D,2026-01-29,2026-02-01,2026-01-31,50
935,ORD_00720,WH_E,2026-02-14,2026-02-17,2026-02-21,32
936,ORD_01938,WH_E,2026-03-12,2026-03-16,2026-03-16,96
937,ORD_01300,WH_E,2026-03-11,2026-03-13,2026-03-12,55
938,ORD_02259,WH_C,2026-01-16,2026-01-19,2026-01-18,11
939,ORD_01973,WH_C,2026-02-10,2026-02-13,2026-02-13,9
940,ORD_00633,WH_D,2026-01-21,2026-01-23,2026-01-23,31
941,ORD_01318,WH_E,2026-03-24,2026-03-27,2026-03-29,37
942,ORD_02958,WH_E,2026-02-02,2026-02-04,2026-02-03,69
943,ORD_01229,WH_E,2026-03-06,2026-03-10,2026-03-10,87
944,ORD_01308,WH_E,2026-01-03,2026-01-07,2026-01-11,27
945,ORD_00026,WH_E,2026-02-28,2026-03-03,2026-03-03,100
946,ORD_02064,WH_D,2026-02-18,2026-02-22,2026-02-22,17
947,ORD_00220,WH_E,2026-03-26,2026-03-29,2026-03-30,30
948,ORD_02158,WH_C,2026-03-24,2026-03-25,2026-03-26,20
949,ORD_00277,WH_E,2026-01-25,2026-01-28,2026-01-29,91
951,ORD_02771,WH_A,2026-03-21,2026-03-24,2026-03-24,3
952,ORD_02827,WH_E,2026-02-24,2026-02-26,2026-02-26,76
953,ORD_01011,WH_C,2026-02-27,2026-03-02,2026-03-02,14
954,ORD_01030,WH_E,2026-03-29,2026-04-02,2026-04-02,44
955,ORD_02349,WH_D,2026-02-17,2026-02-22,2026-02-22,23
956,ORD_00362,WH_D,2026-03-02,2026-03-04,2026-03-04,11
957,ORD_01222,WH_B,2026-02-17,2026-02-22,2026-02-21,3
958,ORD_01570,WH_D,2026-01-29,2026-01-30,2026-01-29,40
959,ORD_02908,WH_C,2026-03-04,2026-03-08,2026-03-08,10
960,ORD_02347,WH_E,2026-02-28,2026-03-02,2026-03-02,77
961,ORD_02372,WH_E,2026-01-08,2026-01-09,2026-01-10,24
962,ORD_02051,WH_D,2026-03-27,2026-03-31,2026-03-31,50
963,ORD_01767,WH_E,2026-02-23,2026-02-26,2026-02-26,67
964,ORD_01875,WH_E,2026-01-18,2026-01-20,2026-01-24,30
965,ORD_01341,WH_C,2026-01-07,2026-01-10,2026-01-12,6
966,ORD_02644,WH_D,2026-01-06,2026-01-10,2026-01-13,11
967,ORD_01504,WH_C,2026-01-04,2026-01-05,2026-01-05,12
968,ORD_00298,WH_C,2026-03-28,2026-03-30,2026-03-30,17
969,ORD_01208,WH_D,2026-03-19,2026-03-22,2026-03-24,15
970,ORD_00938,WH_E,2026-03-22,2026-03-25,2026-03-25,29
971,ORD_00241,WH_E,2026-03-29,2026-04-02,2026-04-02,83
972,ORD_01214,WH_E,2026-03-04,2026-03-05,2026-03-06,42
973,ORD_00959,WH_B,2026-02-01,2026-02-04,2026-02-06,6
974,ORD_00583,WH_D,2026-01-13,2026-01-16,2026-01-17,22
975,ORD_01989,WH_D,2026-03-19,2026-03-22,2026-03-22,25
976,ORD_01226,WH_D,2026-01-17,2026-01-18,2026-01-18,10
977,ORD_01358,WH_D,2026-02-16,2026-02-19,2026-02-20,19
978,ORD_01846,WH_C,2026-02-17,2026-02-21,2026-02-20,13
979,ORD_02403,WH_D,2026-03-02,2026-03-05,2026-03-04,38
980,ORD_00351,WH_D,2026-03-06,2026-03-09,2026-03-10,41
981,ORD_02760,WH_A,2026-02-15,2026-02-17,2026-02-16,7
982,ORD_01243,WH_E,2026-03-03,2026-03-04,2026-03-04,38
983,ORD_00350,WH_D,2026-02-16,2026-02-20,2026-02-20,40
984,ORD_02305,WH_E,2026-01-28,2026-01-30,2026-01-30,97
985,ORD_01761,WH_D,2026-02-26,2026-02-28,2026-03-02,43
986,ORD_00644,WH_C,2026-01-11,2026-01-13,2026-01-16,10
987,ORD_01072,WH_C,2026-01-04,2026-01-07,2026-01-07,24
988,ORD_00945,WH_C,2026-02-22,2026-02-25,2026-02-28,15
989,ORD_01794,WH_E,2026-02-07,2026-02-10,2026-02-09,51
990,ORD_00658,WH_C,2026-02-28,2026-03-03,2026-03-03,5
991,ORD_02368,WH_D,2026-01-27,2026-01-29,2026-01-29,29
992,ORD_01191,WH_A,2026-02-18,2026-02-19,2026-02-19,7
993,ORD_01806,WH_E,2026-01-07,2026-01-10,2026-01-10,91
994,ORD_02562,WH_E,2026-03-15,2026-03-17,2026-03-17,85
995,ORD_00648,WH_E,2026-02-24,2026-02-27,2026-02-27,30
996,ORD_01054,WH_E,2026-01-05,2026-01-09,2026-01-09,32
997,ORD_02187,WH_E,2026-03-04,2026-03-08,2026-03-12,83
998,ORD_01728,WH_E,2026-02-11,2026-02-13,2026-02-16,46
999,ORD_01094,WH_D,2026-01-21,2026-01-24,2026-01-27,13
1000,ORD_00539,WH_D,2026-03-25,2026-03-27,2026-03-27,28
1001,ORD_01069,WH_C,2026-03-25,2026-03-28,2026-03-30,8
1002,ORD_01780,WH_E,2026-03-19,2026-03-22,2026-03-21,75
1003,ORD_02388,WH_D,2026-03-12,2026-03-15,2026-03-18,50
1004,ORD_01559,WH_E,2026-03-07,2026-03-10,2026-03-09,98
1005,ORD_01510,WH_E,2026-02-12,2026-02-14,2026-02-18,89
1006,ORD_01129,WH_C,2026-01-11,2026-01-14,2026-01-14,25
1007,ORD_00802,WH_B,2026-03-06,2026-03-10,2026-03-10,10
1008,ORD_00787,WH_D,2026-01-02,2026-01-04,2026-01-04,23
1009,ORD_02709,WH_A,2026-01-29,2026-02-01,2026-01-31,4
1010,ORD_00141,WH_E,2026-01-10,2026-01-12,2026-01-14,74
1011,ORD_00789,WH_D,2026-01-11,2026-01-14,2026-01-16,16
1012,ORD_02537,WH_E,2026-02-25,2026-02-28,2026-03-02,35
1013,ORD_01114,WH_D,2026-03-05,2026-03-09,2026-03-08,24
1014,ORD_02044,WH_B,2026-01-14,2026-01-16,2026-01-16,5
1015,ORD_00715,WH_C,2026-01-16,2026-01-21,2026-01-20,12
1016,ORD_00804,WH_D,2026-02-24,2026-03-01,2026-03-05,20
1017,ORD_02647,WH_E,2026-03-31,2026-04-03,2026-04-03,78
1018,ORD_01666,WH_E,2026-03-31,2026-04-04,2026-04-03,63
1019,ORD_00124,WH_B,2026-01-22,2026-01-24,2026-01-24,2
1020,ORD_02981,WH_D,2026-02-02,2026-02-04,2026-02-05,45
1021,ORD_01851,WH_C,2026-01-04,2026-01-07,2026-01-09,19
1022,ORD_01458,WH_E,2026-02-03,2026-02-05,2026-02-05,49
1023,ORD_01095,WH_C,2026-03-29,2026-03-31,2026-03-31,25
1024,ORD_00619,WH_E,2026-01-25,2026-01-28,2026-01-28,25
1025,ORD_00407,WH_C,2026-01-15,2026-01-17,2026-01-17,22
1026,ORD_01180,WH_D,2026-01-15,2026-01-16,2026-01-16,42
1027,ORD_02119,WH_B,2026-03-31,2026-04-03,2026-04-03,9
1028,ORD_01090,WH_C,2026-02-21,2026-02-26,2026-02-26,11
1029,ORD_02443,WH_E,2026-01-01,2026-01-04,2026-01-04,64
1030,ORD_02211,WH_E,2026-01-09,2026-01-13,2026-01-13,55
1031,ORD_00498,WH_A,2026-02-09,2026-02-13,2026-02-13,7
1032,ORD_00343,WH_B,2026-02-16,2026-02-18,2026-02-18,6
1033,ORD_01867,WH_A,2026-03-31,2026-04-02,2026-04-01,1
1034,ORD_02865,WH_D,2026-01-03,2026-01-04,2026-01-07,24
1035,ORD_00783,WH_C,2026-02-07,2026-02-11,2026-02-11,16
1036,ORD_02963,WH_C,2026-03-17,2026-03-21,2026-03-25,8
1037,ORD_00304,WH_D,2026-01-30,2026-02-01,2026-02-04,22
1038,ORD_02972,WH_B,2026-01-25,2026-01-28,2026-01-28,5
1039,ORD_00665,WH_B,2026-03-05,2026-03-09,2026-03-08,2
1040,ORD_01964,WH_C,2026-03-18,2026-03-23,2026-03-23,12
1041,ORD_02831,WH_D,2026-03-19,2026-03-20,2026-03-20,41
1042,ORD_02175,WH_C,2026-03-11,2026-03-14,2026-03-14,14
1043,ORD_01484,WH_A,2026-02-15,2026-02-18,2026-02-17,7
1044,ORD_00085,WH_C,2026-02-07,2026-02-12,2026-02-12,9
1045,ORD_02226,WH_D,2026-01-23,2026-01-28,2026-01-28,23
1046,ORD_00942,WH_D,2026-03-14,2026-03-17,2026-03-17,31
1047,ORD_00962,WH_D,2026-03-19,2026-03-21,2026-03-20,45
1048,ORD_00842,WH_E,2026-01-16,2026-01-21,2026-01-21,76
1049,ORD_01413,WH_C,2026-01-29,2026-02-01,2026-02-03,25
1050,ORD_02391,WH_C,2026-01-25,2026-01-28,2026-01-31,23
1051,ORD_01178,WH_B,2026-03-13,2026-03-15,2026-03-15,4
1052,ORD_02729,WH_C,2026-03-20,2026-03-24,2026-03-24,18
1053,ORD_00291,WH_A,2026-01-06,2026-01-10,2026-01-10,3
1054,ORD_01819,WH_D,2026-01-04,2026-01-06,2026-01-07,26
1055,ORD_02702,WH_E,2026-02-09,2026-02-12,2026-02-12,89
1056,ORD_00605,WH_B,2026-03-10,2026-03-12,2026-03-12,11
1057,ORD_02054,WH_E,2026-01-19,2026-01-22,2026-01-22,66
1058,ORD_00917,WH_C,2026-01-08,2026-01-09,2026-01-09,17
1059,ORD_01261,WH_C,2026-02-26,2026-03-03,2026-03-03,8
1060,ORD_01661,WH_D,2026-02-23,2026-02-25,2026-02-25,11
1061,ORD_02111,WH_B,2026-02-19,2026-02-22,2026-02-22,12
1062,ORD_01777,WH_E,2026-03-24,2026-03-29,2026-03-29,35
1063,ORD_00822,WH_A,2026-03-22,2026-03-25,2026-03-25,5
1064,ORD_02482,WH_E,2026-01-18,2026-01-23,2026-01-23,57
1065,ORD_01001,WH_B,2026-01-28,2026-01-31,2026-01-31,2
1066,ORD_02576,WH_D,2026-03-19,2026-03-22,2026-03-22,22
1067,ORD_00019,WH_D,2026-01-17,2026-01-19,2026-01-23,44
1068,ORD_01805,WH_C,2026-02-26,2026-03-01,2026-03-01,13
1069,ORD_01231,WH_E,2026-02-05,2026-02-08,2026-02-08,29
1070,ORD_01916,WH_E,2026-03-26,2026-03-29,2026-03-29,48
1071,ORD_01270,WH_C,2026-02-14,2026-02-15,2026-02-15,7
1072,ORD_01563,WH_E,2026-01-24,2026-01-28,2026-01-30,36
1073,ORD_01452,WH_D,2026-03-16,2026-03-19,2026-03-21,39
1074,ORD_02517,WH_A,2026-02-24,2026-02-27,2026-02-27,4
1075,ORD_02670,WH_C,2026-01-02,2026-01-05,2026-01-05,23
1076,ORD_01506,WH_C,2026-01-26,2026-01-29,2026-02-03,12
1077,ORD_02788,WH_B,2026-01-26,2026-01-31,2026-01-31,7
1078,ORD_00361,WH_C,2026-03-05,2026-03-08,2026-03-08,17
1079,ORD_01833,WH_D,2026-02-01,2026-02-04,2026-02-04,50
1080,ORD_01360,WH_D,2026-02-11,2026-02-16,2026-02-19,18
1081,ORD_01271,WH_E,2026-01-23,2026-01-25,2026-01-24,90
1082,ORD_01592,WH_E,2026-03-21,2026-03-22,2026-03-21,71
1083,ORD_00345,WH_C,2026-03-03,2026-03-07,2026-03-09,13
1084,ORD_00987,WH_E,2026-03-13,2026-03-16,2026-03-16,73
1085,ORD_02833,WH_B,2026-03-24,2026-03-27,2026-03-27,11
1086,ORD_01741,WH_E,2026-02-21,2026-02-25,2026-02-25,46
1087,ORD_02350,WH_A,2026-01-05,2026-01-07,2026-01-07,1
1088,ORD_01926,WH_B,2026-02-14,2026-02-18,2026-02-19,2
1089,ORD_01678,WH_D,2026-03-25,2026-03-30,2026-03-30,12
1090,ORD_01603,WH_C,2026-01-23,2026-01-26,2026-01-26,13
1091,ORD_00086,WH_C,2026-01-22,2026-01-23,2026-01-22,16
1092,ORD_02217,WH_E,2026-01-12,2026-01-16,2026-01-16,74
1093,ORD_00669,WH_B,2026-01-15,2026-01-16,2026-01-15,7
1094,ORD_01015,WH_E,2026-02-01,2026-02-05,2026-02-06,68
1095,ORD_00129,WH_A,2026-01-30,2026-02-03,2026-02-03,8
1096,ORD_01912,WH_E,2026-01-06,2026-01-10,2026-01-13,65
1097,ORD_02999,WH_C,2026-02-18,2026-02-20,2026-02-20,17
1098,ORD_00892,WH_E,2026-02-10,2026-02-13,2026-02-13,65
1099,ORD_01848,WH_B,2026-03-31,2026-04-03,2026-04-03,5
1100,ORD_00308,WH_C,2026-01-29,2026-02-02,2026-02-02,22
1101,ORD_00384,WH_E,2026-03-20,2026-03-23,2026-03-26,51
1102,ORD_01862,WH_E,2026-03-12,2026-03-13,2026-03-12,37
1103,ORD_01150,WH_E,2026-01-22,2026-01-27,2026-01-27,84
1104,ORD_00427,WH_D,2026-02-14,2026-02-17,2026-02-17,30
1105,ORD_00495,WH_D,2026-01-08,2026-01-10,2026-01-13,11
1107,ORD_02529,WH_A,2026-01-30,2026-02-01,2026-02-01,5
1108,ORD_02210,WH_E,2026-03-04,2026-03-06,2026-03-09,86
1109,ORD_01274,WH_A,2026-02-25,2026-02-28,2026-02-28,1
1110,ORD_02103,WH_B,2026-02-13,2026-02-17,2026-02-17,10
1111,ORD_00276,WH_D,2026-03-29,2026-03-31,2026-03-31,25
1112,ORD_00490,WH_E,2026-03-02,2026-03-05,2026-03-05,89
1113,ORD_02565,WH_D,2026-01-17,2026-01-22,2026-01-22,31
1114,ORD_00691,WH_C,2026-03-31,2026-04-04,2026-04-07,25
1115,ORD_01335,WH_E,2026-03-16,2026-03-18,2026-03-20,54
1116,ORD_02422,WH_A,2026-03-05,2026-03-08,2026-03-08,2
1118,ORD_02459,WH_D,2026-02-03,2026-02-05,2026-02-05,35
1119,ORD_02092,WH_E,2026-02-12,2026-02-15,2026-02-15,70
1120,ORD_01059,WH_D,2026-01-15,2026-01-18,2026-01-18,31
1121,ORD_00119,WH_E,2026-03-30,2026-04-02,2026-04-03,45
1122,ORD_02026,WH_C,2026-03-10,2026-03-11,2026-03-11,8
1123,ORD_02846,WH_C,2026-01-19,2026-01-23,2026-01-24,18
1124,ORD_00282,WH_C,2026-01-05,2026-01-09,2026-01-11,16
1125,ORD_02738,WH_D,2026-01-26,2026-01-30,2026-01-29,41
1126,ORD_02348,WH_C,2026-03-22,2026-03-27,2026-03-27,17
1127,ORD_02017,WH_C,2026-03-08,2026-03-12,2026-03-11,10
1128,ORD_01673,WH_E,2026-02-22,2026-02-25,2026-02-25,98
1129,ORD_01905,WH_E,2026-03-09,2026-03-13,2026-03-12,83
1130,ORD_02169,WH_E,2026-01-18,2026-01-22,2026-01-23,22
1131,ORD_02024,WH_A,2026-02-14,2026-02-17,2026-02-16,2
1132,ORD_00305,WH_E,2026-02-26,2026-02-28,2026-03-03,43
1133,ORD_01873,WH_D,2026-03-27,2026-03-31,2026-03-30,18
1134,ORD_02887,WH_D,2026-03-08,2026-03-11,2026-03-12,49
1135,ORD_02776,WH_D,2026-01-06,2026-01-09,2026-01-09,30
1136,ORD_02779,WH_D,2026-03-21,2026-03-26,2026-03-25,10
1137,ORD_00576,WH_E,2026-01-31,2026-02-05,2026-02-08,83
1138,ORD_02977,WH_E,2026-03-28,2026-03-31,2026-03-31,78
1139,ORD_02586,WH_D,2026-03-11,2026-03-13,2026-03-15,14
1140,ORD_02638,WH_E,2026-02-12,2026-02-13,2026-02-15,50
1141,ORD_01884,WH_E,2026-01-21,2026-01-24,2026-01-23,79
1142,ORD_02316,WH_B,2026-02-25,2026-02-28,2026-02-28,8
1143,ORD_00844,WH_E,2026-02-08,2026-02-12,2026-02-13,26
1144,ORD_02253,WH_E,2026-03-24,2026-03-27,2026-03-27,90
1145,ORD_00270,WH_C,2026-01-23,2026-01-27,2026-01-27,25
1146,ORD_00630,WH_C,2026-02-28,2026-03-02,2026-03-02,22
1147,ORD_01034,WH_B,2026-01-27,2026-01-31,2026-01-31,10
1148,ORD_00287,WH_D,2026-03-21,2026-03-24,2026-03-23,27
1149,ORD_02224,WH_C,2026-02-25,2026-02-26,2026-02-25,10
1150,ORD_00301,WH_A,2026-03-28,2026-03-30,2026-03-30,7
1151,ORD_01615,WH_C,2026-03-28,2026-03-29,2026-03-28,20
1152,ORD_01840,WH_C,2026-02-28,2026-03-05,2026-03-04,14
1153,ORD_00066,WH_D,2026-03-03,2026-03-06,2026-03-08,28
1154,ORD_02233,WH_E,2026-03-31,2026-04-04,2026-04-05,39
1156,ORD_02782,WH_E,2026-02-12,2026-02-16,2026-02-16,32
1157,ORD_02665,WH_D,2026-01-28,2026-02-02,2026-02-03,27
1158,ORD_01242,WH_E,2026-01-16,2026-01-18,2026-01-18,52
1159,ORD_00231,WH_E,2026-01-22,2026-01-25,2026-01-25,41
1160,ORD_00504,WH_E,2026-01-11,2026-01-14,2026-01-14,71
1161,ORD_01232,WH_C,2026-01-13,2026-01-15,2026-01-15,15
1162,ORD_01374,WH_D,2026-02-15,2026-02-18,2026-02-17,42
1163,ORD_01469,WH_E,2026-03-02,2026-03-05,2026-03-05,78
1164,ORD_01489,WH_C,2026-01-11,2026-01-15,2026-01-15,13
1165,ORD_01005,WH_E,2026-03-09,2026-03-11,2026-03-11,100
1166,ORD_00837,WH_E,2026-03-24,2026-03-26,2026-03-25,51
1167,ORD_01567,WH_E,2026-02-26,2026-03-01,2026-03-01,29
1168,ORD_00375,WH_A,2026-02-27,2026-03-04,2026-03-04,1
1169,ORD_01273,WH_E,2026-01-06,2026-01-09,2026-01-10,21
1170,ORD_02307,WH_B,2026-03-16,2026-03-20,2026-03-20,9
1171,ORD_01815,WH_B,2026-01-17,2026-01-21,2026-01-21,11
1172,ORD_01832,WH_D,2026-01-27,2026-01-30,2026-01-30,22
1173,ORD_02084,WH_E,2026-01-26,2026-01-30,2026-02-01,67
1174,ORD_00752,WH_E,2026-02-19,2026-02-22,2026-02-22,47
1175,ORD_00100,WH_B,2026-02-22,2026-02-26,2026-03-02,8
1176,ORD_01798,WH_A,2026-01-07,2026-01-09,2026-01-09,1
1177,ORD_00867,WH_B,2026-02-22,2026-02-24,2026-02-24,9
1178,ORD_00911,WH_D,2026-01-24,2026-01-26,2026-01-27,31
1179,ORD_01344,WH_E,2026-03-05,2026-03-06,2026-03-06,25
1180,ORD_00530,WH_E,2026-03-15,2026-03-18,2026-03-21,20
1181,ORD_00637,WH_D,2026-02-11,2026-02-12,2026-02-11,31
1182,ORD_00186,WH_E,2026-03-03,2026-03-04,2026-03-05,58
1183,ORD_02472,WH_E,2026-03-22,2026-03-25,2026-03-25,47
1184,ORD_01428,WH_E,2026-03-28,2026-03-31,2026-04-02,55
1185,ORD_00932,WH_E,2026-03-23,2026-03-24,2026-03-24,84
1186,ORD_02896,WH_E,2026-01-04,2026-01-07,2026-01-06,54
1187,ORD_02308,WH_D,2026-02-07,2026-02-09,2026-02-09,47
1188,ORD_01420,WH_E,2026-01-22,2026-01-25,2026-01-25,64
1189,ORD_02414,WH_A,2026-03-26,2026-03-31,2026-03-31,3
1190,ORD_02030,WH_E,2026-03-23,2026-03-27,2026-03-27,56
1191,ORD_00608,WH_C,2026-03-24,2026-03-25,2026-03-24,25
1192,ORD_02449,WH_A,2026-02-12,2026-02-14,2026-02-14,5
1193,ORD_00152,WH_C,2026-01-27,2026-01-29,2026-01-29,15
1194,ORD_02195,WH_B,2026-01-15,2026-01-18,2026-01-18,12
1195,ORD_02155,WH_B,2026-01-16,2026-01-18,2026-01-19,2
1196,ORD_00732,WH_E,2026-02-06,2026-02-08,2026-02-08,82
1197,ORD_01361,WH_E,2026-03-17,2026-03-21,2026-03-21,96
1198,ORD_02004,WH_C,2026-01-18,2026-01-21,2026-01-20,12
1199,ORD_02744,WH_B,2026-03-07,2026-03-11,2026-03-11,3
1200,ORD_00024,WH_C,2026-03-19,2026-03-24,2026-03-24,12
1201,ORD_01689,WH_D,2026-03-25,2026-03-27,2026-03-27,24
1202,ORD_00159,WH_C,2026-01-15,2026-01-19,2026-01-19,18
1203,ORD_00862,WH_D,2026-03-18,2026-03-20,2026-03-20,49
1204,ORD_00903,WH_B,2026-03-18,2026-03-21,2026-03-21,2
1205,ORD_02299,WH_B,2026-02-24,2026-02-26,2026-02-26,2
1206,ORD_02564,WH_A,2026-02-12,2026-02-17,2026-02-17,7
1207,ORD_00445,WH_E,2026-01-04,2026-01-09,2026-01-09,44
1208,ORD_02953,WH_E,2026-03-11,2026-03-14,2026-03-14,83
1209,ORD_00755,WH_B,2026-02-01,2026-02-05,2026-02-05,11
1210,ORD_00924,WH_E,2026-03-30,2026-04-02,2026-04-02,87
1211,ORD_02986,WH_E,2026-02-02,2026-02-04,2026-02-04,87
1212,ORD_02115,WH_E,2026-01-09,2026-01-14,2026-01-15,58
1213,ORD_00312,WH_A,2026-02-01,2026-02-02,2026-02-02,6
1214,ORD_00549,WH_D,2026-01-21,2026-01-24,2026-01-24,11
1215,ORD_02542,WH_E,2026-02-26,2026-02-27,2026-02-26,61
1216,ORD_01481,WH_E,2026-01-17,2026-01-20,2026-01-21,83
1217,ORD_00307,WH_D,2026-03-14,2026-03-16,2026-03-19,40
1218,ORD_00288,WH_D,2026-03-26,2026-03-28,2026-03-28,39
1219,ORD_00695,WH_B,2026-02-06,2026-02-08,2026-02-08,8
1220,ORD_00309,WH_E,2026-02-06,2026-02-07,2026-02-07,20
1221,ORD_02333,WH_D,2026-01-07,2026-01-10,2026-01-10,36
1222,ORD_00750,WH_D,2026-02-03,2026-02-06,2026-02-06,27
1223,ORD_01698,WH_B,2026-01-13,2026-01-18,2026-01-18,5
1224,ORD_01262,WH_E,2026-03-21,2026-03-24,2026-03-27,40
1225,ORD_00909,WH_C,2026-03-18,2026-03-21,2026-03-21,5
1226,ORD_02122,WH_D,2026-03-18,2026-03-19,2026-03-19,26
1227,ORD_02393,WH_D,2026-01-14,2026-01-19,2026-01-19,48
1228,ORD_01883,WH_D,2026-01-09,2026-01-11,2026-01-14,18
1229,ORD_02507,WH_E,2026-03-13,2026-03-16,2026-03-16,35
1230,ORD_00971,WH_E,2026-03-03,2026-03-05,2026-03-06,96
1231,ORD_00014,WH_C,2026-02-22,2026-02-24,2026-02-26,15
1232,ORD_00874,WH_D,2026-03-13,2026-03-16,2026-03-16,46
1233,ORD_00809,WH_D,2026-01-13,2026-01-16,2026-01-16,20
1234,ORD_02592,WH_E,2026-02-27,2026-02-28,2026-02-27,68
1235,ORD_00515,WH_A,2026-03-03,2026-03-07,2026-03-07,8
1236,ORD_02426,WH_E,2026-03-14,2026-03-17,2026-03-18,67
1237,ORD_00410,WH_B,2026-02-22,2026-02-25,2026-02-25,10
1238,ORD_01757,WH_E,2026-03-21,2026-03-25,2026-03-27,69
1239,ORD_02272,WH_C,2026-03-24,2026-03-27,2026-03-29,12
1240,ORD_02303,WH_D,2026-03-16,2026-03-19,2026-03-22,42
1241,ORD_01408,WH_E,2026-01-21,2026-01-25,2026-01-26,33
1242,ORD_01365,WH_E,2026-01-02,2026-01-05,2026-01-05,87
1243,ORD_01443,WH_E,2026-01-20,2026-01-23,2026-01-23,100
1244,ORD_00383,WH_D,2026-01-03,2026-01-06,2026-01-11,29
1245,ORD_02853,WH_B,2026-02-28,2026-03-02,2026-03-02,5
1246,ORD_02743,WH_B,2026-01-03,2026-01-05,2026-01-06,7
1247,ORD_02549,WH_D,2026-02-06,2026-02-10,2026-02-10,16
1248,ORD_01378,WH_D,2026-02-12,2026-02-15,2026-02-15,43
1249,ORD_00553,WH_D,2026-03-01,2026-03-03,2026-03-03,12
1250,ORD_00223,WH_B,2026-02-27,2026-03-01,2026-03-01,12
1251,ORD_01097,WH_C,2026-03-11,2026-03-16,2026-03-16,20
1252,ORD_02612,WH_A,2026-03-10,2026-03-13,2026-03-12,3
1253,ORD_00009,WH_D,2026-02-20,2026-02-22,2026-02-26,26
1254,ORD_01863,WH_B,2026-01-01,2026-01-04,2026-01-04,2
1255,ORD_00317,WH_D,2026-03-26,2026-03-29,2026-03-29,47
1256,ORD_00428,WH_E,2026-03-23,2026-03-26,2026-03-26,80
1257,ORD_02892,WH_E,2026-02-11,2026-02-13,2026-02-15,50
1258,ORD_00106,WH_C,2026-01-27,2026-01-30,2026-01-30,14
1259,ORD_01407,WH_E,2026-03-18,2026-03-21,2026-03-21,66
1260,ORD_00143,WH_D,2026-03-14,2026-03-18,2026-03-23,37
1261,ORD_00122,WH_E,2026-03-20,2026-03-24,2026-03-24,62
1262,ORD_02384,WH_D,2026-03-03,2026-03-05,2026-03-05,25
1263,ORD_02975,WH_C,2026-02-26,2026-03-02,2026-03-02,13
1264,ORD_01190,WH_E,2026-02-27,2026-03-02,2026-03-02,43
1265,ORD_01930,WH_A,2026-03-28,2026-04-01,2026-04-01,3
1266,ORD_02664,WH_E,2026-01-27,2026-01-29,2026-01-29,25
1267,ORD_02481,WH_C,2026-03-12,2026-03-15,2026-03-15,10
1268,ORD_00116,WH_E,2026-03-06,2026-03-11,2026-03-11,78
1269,ORD_02033,WH_D,2026-02-14,2026-02-17,2026-02-18,20
1270,ORD_01289,WH_A,2026-02-12,2026-02-15,2026-02-14,1
1271,ORD_02156,WH_C,2026-01-19,2026-01-23,2026-01-23,6
1272,ORD_02812,WH_D,2026-02-09,2026-02-12,2026-02-13,20
1273,ORD_02964,WH_E,2026-02-17,2026-02-18,2026-02-20,87
1274,ORD_01624,WH_E,2026-02-10,2026-02-13,2026-02-13,43
1275,ORD_02625,WH_C,2026-03-08,2026-03-10,2026-03-11,14
1276,ORD_00673,WH_B,2026-02-16,2026-02-20,2026-02-20,3
1277,ORD_01456,WH_E,2026-03-09,2026-03-11,2026-03-14,76
1278,ORD_01658,WH_C,2026-03-28,2026-03-31,2026-03-31,11
1279,ORD_00592,WH_D,2026-02-04,2026-02-09,2026-02-09,25
1280,ORD_01426,WH_E,2026-02-14,2026-02-19,2026-02-19,44
1281,ORD_00889,WH_B,2026-03-03,2026-03-05,2026-03-05,11
1282,ORD_01808,WH_B,2026-02-21,2026-02-24,2026-02-26,5
1283,ORD_01537,WH_B,2026-01-22,2026-01-24,2026-01-24,3
1284,ORD_01881,WH_E,2026-01-27,2026-01-31,2026-01-31,66
1285,ORD_00214,WH_C,2026-02-23,2026-02-27,2026-02-27,24
1286,ORD_02038,WH_B,2026-02-24,2026-02-28,2026-03-01,5
1287,ORD_02800,WH_B,2026-02-18,2026-02-19,2026-02-18,10
1288,ORD_00801,WH_E,2026-01-17,2026-01-20,2026-01-20,84
1289,ORD_02493,WH_E,2026-03-31,2026-04-04,2026-04-05,85
1290,ORD_02311,WH_D,2026-02-20,2026-02-23,2026-02-23,45
1291,ORD_02296,WH_A,2026-01-06,2026-01-09,2026-01-09,7
1292,ORD_02677,WH_C,2026-03-01,2026-03-04,2026-03-04,12
1293,ORD_02726,WH_C,2026-02-16,2026-02-19,2026-02-21,14
1294,ORD_00274,WH_E,2026-03-04,2026-03-06,2026-03-05,21
1295,ORD_00072,WH_B,2026-02-10,2026-02-13,2026-02-12,6
1296,ORD_01818,WH_E,2026-03-31,2026-04-03,2026-04-04,84
1297,ORD_01088,WH_B,2026-02-07,2026-02-12,2026-02-12,7
1298,ORD_00395,WH_C,2026-03-27,2026-03-29,2026-03-29,8
1299,ORD_00584,WH_C,2026-02-04,2026-02-07,2026-02-07,9
1300,ORD_02343,WH_B,2026-02-02,2026-02-05,2026-02-05,12
1301,ORD_02011,WH_A,2026-01-27,2026-01-29,2026-01-29,7
1302,ORD_00501,WH_E,2026-03-17,2026-03-20,2026-03-20,100
1303,ORD_02045,WH_E,2026-02-14,2026-02-18,2026-02-17,63
1304,ORD_02924,WH_B,2026-03-26,2026-03-30,2026-03-29,12
1305,ORD_02995,WH_B,2026-02-22,2026-02-27,2026-02-28,3
1306,ORD_02755,WH_E,2026-02-24,2026-02-27,2026-02-27,46
1307,ORD_01495,WH_D,2026-01-12,2026-01-15,2026-01-14,29
1308,ORD_01260,WH_D,2026-03-12,2026-03-13,2026-03-13,15
1309,ORD_02761,WH_B,2026-02-15,2026-02-18,2026-02-18,11
1310,ORD_01770,WH_C,2026-01-23,2026-01-27,2026-01-27,21
1311,ORD_00206,WH_A,2026-02-20,2026-02-21,2026-02-24,7
1312,ORD_00734,WH_D,2026-02-26,2026-02-27,2026-02-27,35
1313,ORD_01544,WH_C,2026-02-01,2026-02-04,2026-02-03,19
1314,ORD_00527,WH_D,2026-01-27,2026-02-01,2026-02-01,27
1315,ORD_01399,WH_D,2026-02-06,2026-02-08,2026-02-08,35
1316,ORD_00899,WH_A,2026-02-14,2026-02-17,2026-02-17,2
1317,ORD_00378,WH_A,2026-03-06,2026-03-08,2026-03-08,1
1318,ORD_02952,WH_E,2026-01-21,2026-01-23,2026-01-22,47
1319,ORD_02697,WH_E,2026-01-09,2026-01-14,2026-01-14,44
1320,ORD_01468,WH_D,2026-03-26,2026-03-27,2026-03-26,38
1321,ORD_00387,WH_C,2026-01-26,2026-01-29,2026-01-29,11
1322,ORD_00199,WH_E,2026-03-04,2026-03-07,2026-03-12,38
1323,ORD_01051,WH_E,2026-03-24,2026-03-27,2026-03-27,93
1324,ORD_00591,WH_B,2026-02-17,2026-02-22,2026-02-22,3
1325,ORD_00520,WH_B,2026-03-08,2026-03-11,2026-03-11,6
1326,ORD_02244,WH_E,2026-01-13,2026-01-15,2026-01-19,67
1327,ORD_00430,WH_B,2026-03-18,2026-03-21,2026-03-21,4
1328,ORD_01084,WH_E,2026-02-18,2026-02-23,2026-02-24,80
1329,ORD_00208,WH_E,2026-03-14,2026-03-18,2026-03-18,44
1330,ORD_00492,WH_D,2026-01-11,2026-01-12,2026-01-11,43
1331,ORD_01357,WH_E,2026-02-26,2026-03-02,2026-03-04,93
1332,ORD_02927,WH_E,2026-02-19,2026-02-23,2026-02-23,53
1333,ORD_00793,WH_D,2026-03-05,2026-03-09,2026-03-09,17
1334,ORD_02506,WH_B,2026-02-07,2026-02-08,2026-02-08,12
1335,ORD_01187,WH_E,2026-01-06,2026-01-08,2026-01-11,93
1336,ORD_01186,WH_E,2026-03-01,2026-03-04,2026-03-09,95
1337,ORD_01789,WH_A,2026-03-30,2026-04-03,2026-04-03,3
1338,ORD_02848,WH_C,2026-03-25,2026-03-29,2026-03-29,7
1339,ORD_02245,WH_E,2026-03-11,2026-03-16,2026-03-15,90
1340,ORD_00084,WH_A,2026-03-15,2026-03-20,2026-03-19,8
1341,ORD_02382,WH_E,2026-01-01,2026-01-05,2026-01-05,27
1342,ORD_02239,WH_A,2026-01-20,2026-01-23,2026-01-22,7
1343,ORD_00021,WH_D,2026-01-05,2026-01-08,2026-01-08,45
1344,ORD_02546,WH_D,2026-02-21,2026-02-25,2026-02-25,12
1345,ORD_02950,WH_E,2026-01-10,2026-01-12,2026-01-11,76
1346,ORD_02746,WH_E,2026-01-19,2026-01-21,2026-01-20,37
1347,ORD_02708,WH_C,2026-02-24,2026-02-27,2026-02-26,12
1348,ORD_01968,WH_C,2026-03-19,2026-03-24,2026-03-24,22
1349,ORD_00974,WH_C,2026-01-17,2026-01-19,2026-01-19,15
1350,ORD_02804,WH_E,2026-02-02,2026-02-05,2026-02-04,28
1351,ORD_00884,WH_B,2026-03-17,2026-03-21,2026-03-21,3
1352,ORD_01099,WH_E,2026-03-28,2026-03-30,2026-04-03,48
1353,ORD_00157,WH_E,2026-01-25,2026-01-28,2026-01-28,74
1354,ORD_02289,WH_D,2026-02-03,2026-02-04,2026-02-04,34
1355,ORD_00887,WH_E,2026-01-31,2026-02-02,2026-02-07,33
1356,ORD_01764,WH_D,2026-02-18,2026-02-20,2026-02-19,13
1357,ORD_01619,WH_D,2026-02-15,2026-02-18,2026-02-18,13
1358,ORD_02491,WH_C,2026-01-29,2026-01-31,2026-01-31,22
1359,ORD_02911,WH_C,2026-03-14,2026-03-16,2026-03-19,9
1360,ORD_02548,WH_D,2026-03-11,2026-03-13,2026-03-13,46
1361,ORD_02025,WH_D,2026-01-13,2026-01-17,2026-01-17,37
1362,ORD_01498,WH_D,2026-03-06,2026-03-10,2026-03-10,25
1363,ORD_02663,WH_C,2026-03-03,2026-03-07,2026-03-11,22
1364,ORD_00459,WH_A,2026-01-08,2026-01-10,2026-01-09,3
1365,ORD_01923,WH_D,2026-02-18,2026-02-20,2026-02-22,22
1366,ORD_00079,WH_C,2026-03-30,2026-03-31,2026-03-31,5
1367,ORD_02929,WH_E,2026-01-20,2026-01-24,2026-01-23,56
1368,ORD_01057,WH_E,2026-01-27,2026-01-30,2026-01-30,31
1369,ORD_00907,WH_E,2026-01-01,2026-01-05,2026-01-06,54
1370,ORD_01591,WH_E,2026-03-19,2026-03-21,2026-03-21,48
1371,ORD_02227,WH_C,2026-02-09,2026-02-13,2026-02-17,15
1372,ORD_02711,WH_E,2026-03-15,2026-03-18,2026-03-21,73
1373,ORD_00381,WH_B,2026-02-12,2026-02-15,2026-02-15,4
1374,ORD_00948,WH_E,2026-01-30,2026-02-03,2026-02-05,53
1375,ORD_01740,WH_D,2026-02-28,2026-03-03,2026-03-03,47
1376,ORD_02191,WH_C,2026-01-26,2026-01-30,2026-01-30,18
1377,ORD_00716,WH_E,2026-02-15,2026-02-18,2026-02-18,40
1378,ORD_02291,WH_D,2026-01-25,2026-01-27,2026-01-27,36
1379,ORD_00687,WH_D,2026-02-07,2026-02-10,2026-02-10,17
1380,ORD_02579,WH_C,2026-03-12,2026-03-15,2026-03-17,12
1381,ORD_01294,WH_E,2026-03-22,2026-03-25,2026-03-25,47
1382,ORD_00306,WH_E,2026-03-27,2026-03-31,2026-04-01,73
1383,ORD_00210,WH_B,2026-03-30,2026-04-02,2026-04-02,9
1384,ORD_01511,WH_E,2026-03-16,2026-03-18,2026-03-18,35
1385,ORD_02234,WH_E,2026-02-20,2026-02-22,2026-02-22,73
1386,ORD_02991,WH_B,2026-03-29,2026-03-31,2026-04-02,6
1387,ORD_01565,WH_E,2026-01-02,2026-01-06,2026-01-06,74
1388,ORD_00886,WH_B,2026-02-28,2026-03-03,2026-03-02,8
1389,ORD_01660,WH_D,2026-02-08,2026-02-10,2026-02-09,28
1390,ORD_00918,WH_E,2026-02-28,2026-03-03,2026-03-04,79
1391,ORD_02604,WH_C,2026-02-13,2026-02-15,2026-02-15,18
1392,ORD_02504,WH_E,2026-03-29,2026-04-02,2026-04-07,21
1393,ORD_00192,WH_E,2026-02-17,2026-02-20,2026-02-19,92
1394,ORD_02223,WH_B,2026-01-02,2026-01-04,2026-01-04,5
1395,ORD_02052,WH_D,2026-01-23,2026-01-24,2026-01-25,27
1396,ORD_01266,WH_A,2026-03-10,2026-03-13,2026-03-13,8
1397,ORD_00484,WH_D,2026-02-05,2026-02-07,2026-02-07,31
1398,ORD_00916,WH_D,2026-03-13,2026-03-17,2026-03-19,18
1399,ORD_02961,WH_B,2026-02-25,2026-02-27,2026-02-27,11
1400,ORD_00278,WH_D,2026-02-24,2026-02-28,2026-03-02,17
1401,ORD_00989,WH_C,2026-01-11,2026-01-15,2026-01-19,9
1402,ORD_02956,WH_E,2026-02-08,2026-02-10,2026-02-14,45
1403,ORD_01925,WH_E,2026-02-27,2026-03-02,2026-03-03,38
1404,ORD_02219,WH_E,2026-03-15,2026-03-17,2026-03-17,81
1405,ORD_00572,WH_E,2026-01-20,2026-01-23,2026-01-27,26
1406,ORD_00994,WH_D,2026-03-04,2026-03-06,2026-03-05,30
1407,ORD_01427,WH_A,2026-01-19,2026-01-23,2026-01-22,6
1408,ORD_01424,WH_B,2026-02-23,2026-02-25,2026-02-25,5
1409,ORD_00586,WH_C,2026-02-28,2026-03-03,2026-03-02,13
1410,ORD_01599,WH_B,2026-01-20,2026-01-22,2026-01-23,10
1412,ORD_01350,WH_A,2026-03-16,2026-03-19,2026-03-23,4
1413,ORD_01008,WH_E,2026-02-18,2026-02-21,2026-02-21,41
1414,ORD_00675,WH_D,2026-02-15,2026-02-16,2026-02-16,36
1415,ORD_01721,WH_B,2026-02-20,2026-02-22,2026-02-21,5
1416,ORD_00856,WH_B,2026-01-14,2026-01-15,2026-01-15,5
1417,ORD_00448,WH_E,2026-01-30,2026-02-02,2026-02-02,32
1418,ORD_02737,WH_E,2026-01-26,2026-01-28,2026-01-28,27
1419,ORD_01695,WH_C,2026-02-14,2026-02-17,2026-02-17,9
1420,ORD_02849,WH_D,2026-01-27,2026-02-01,2026-02-01,11
1421,ORD_02271,WH_B,2026-01-30,2026-02-02,2026-02-02,4
1422,ORD_02690,WH_D,2026-02-09,2026-02-11,2026-02-16,44
1423,ORD_02398,WH_A,2026-03-19,2026-03-21,2026-03-21,5
1424,ORD_01744,WH_A,2026-01-11,2026-01-14,2026-01-13,2
1425,ORD_02686,WH_A,2026-02-07,2026-02-09,2026-02-09,3
1426,ORD_01248,WH_A,2026-03-07,2026-03-12,2026-03-12,1
1427,ORD_00295,WH_B,2026-02-10,2026-02-13,2026-02-12,5
1428,ORD_00589,WH_B,2026-03-16,2026-03-18,2026-03-19,8
1429,ORD_01282,WH_E,2026-03-14,2026-03-17,2026-03-17,37
1430,ORD_01447,WH_E,2026-02-19,2026-02-21,2026-02-23,37
1431,ORD_02409,WH_E,2026-01-17,2026-01-21,2026-01-26,24
1432,ORD_01451,WH_D,2026-03-28,2026-04-01,2026-04-04,30
1433,ORD_02500,WH_D,2026-02-25,2026-03-01,2026-03-01,43
1434,ORD_01418,WH_B,2026-02-05,2026-02-09,2026-02-14,3
1435,ORD_00426,WH_D,2026-02-18,2026-02-20,2026-02-20,35
1436,ORD_00535,WH_E,2026-01-23,2026-01-25,2026-01-25,81
1437,ORD_01055,WH_E,2026-03-08,2026-03-12,2026-03-12,43
1438,ORD_02783,WH_E,2026-01-26,2026-01-28,2026-01-31,92
1439,ORD_02518,WH_D,2026-03-01,2026-03-03,2026-03-05,31
1440,ORD_01607,WH_A,2026-03-09,2026-03-11,2026-03-11,5
1441,ORD_00133,WH_B,2026-02-14,2026-02-17,2026-02-17,7
1443,ORD_02593,WH_D,2026-03-11,2026-03-12,2026-03-12,43
1444,ORD_00422,WH_E,2026-02-26,2026-02-28,2026-02-27,92
1445,ORD_02673,WH_E,2026-01-13,2026-01-15,2026-01-15,22
1446,ORD_02496,WH_D,2026-02-16,2026-02-20,2026-02-23,37
1448,ORD_01369,WH_B,2026-01-27,2026-01-30,2026-01-29,11
1449,ORD_00557,WH_B,2026-01-06,2026-01-07,2026-01-07,7
1450,ORD_02983,WH_E,2026-01-02,2026-01-04,2026-01-06,24
1451,ORD_01512,WH_E,2026-03-08,2026-03-11,2026-03-11,88
1452,ORD_02852,WH_C,2026-01-07,2026-01-10,2026-01-10,11
1453,ORD_00571,WH_D,2026-01-27,2026-01-29,2026-01-30,30
1454,ORD_00353,WH_E,2026-02-19,2026-02-21,2026-02-22,56
1455,ORD_00092,WH_E,2026-01-20,2026-01-25,2026-01-25,92
1456,ORD_02135,WH_E,2026-02-07,2026-02-10,2026-02-12,78
1457,ORD_02547,WH_A,2026-03-26,2026-03-28,2026-03-28,1
1458,ORD_01171,WH_D,2026-02-07,2026-02-10,2026-02-12,46
1459,ORD_01724,WH_B,2026-02-24,2026-02-26,2026-02-26,10
1460,ORD_01286,WH_D,2026-03-04,2026-03-07,2026-03-07,42
1461,ORD_01730,WH_D,2026-01-11,2026-01-13,2026-01-13,12
1462,ORD_01972,WH_E,2026-03-12,2026-03-14,2026-03-13,52
1463,ORD_02902,WH_E,2026-03-22,2026-03-25,2026-03-25,25
1464,ORD_01503,WH_A,2026-01-24,2026-01-27,2026-01-26,3
1465,ORD_00698,WH_D,2026-02-05,2026-02-08,2026-02-07,30
1466,ORD_02520,WH_E,2026-01-30,2026-02-01,2026-02-01,51
1467,ORD_00349,WH_C,2026-02-09,2026-02-13,2026-02-15,7
1468,ORD_01588,WH_D,2026-02-14,2026-02-17,2026-02-16,19
1469,ORD_02359,WH_D,2026-01-17,2026-01-21,2026-01-20,33
1470,ORD_02444,WH_E,2026-03-29,2026-04-02,2026-04-02,70
1471,ORD_02290,WH_B,2026-02-05,2026-02-08,2026-02-08,7
1472,ORD_01138,WH_D,2026-02-23,2026-02-25,2026-02-24,21
1473,ORD_01826,WH_D,2026-01-08,2026-01-11,2026-01-11,19
1474,ORD_01477,WH_E,2026-01-02,2026-01-04,2026-01-04,30
1475,ORD_02851,WH_E,2026-02-17,2026-02-21,2026-02-23,41
1476,ORD_02835,WH_C,2026-02-13,2026-02-15,2026-02-18,20
1477,ORD_01340,WH_A,2026-02-14,2026-02-16,2026-02-16,3
1478,ORD_02503,WH_D,2026-01-20,2026-01-24,2026-01-24,32
1479,ORD_00454,WH_E,2026-03-02,2026-03-06,2026-03-07,99
1480,ORD_00914,WH_D,2026-01-23,2026-01-28,2026-01-28,26
1481,ORD_01200,WH_B,2026-01-06,2026-01-09,2026-01-09,4
1482,ORD_01275,WH_D,2026-01-04,2026-01-08,2026-01-08,10
1483,ORD_01917,WH_E,2026-02-24,2026-02-25,2026-02-27,28
1484,ORD_00038,WH_B,2026-01-13,2026-01-15,2026-01-14,11
1485,ORD_00975,WH_A,2026-02-01,2026-02-03,2026-02-03,7
1486,ORD_02785,WH_E,2026-03-19,2026-03-23,2026-03-23,77
1487,ORD_00984,WH_A,2026-02-06,2026-02-10,2026-02-10,8
1488,ORD_01834,WH_E,2026-03-19,2026-03-20,2026-03-23,31
1489,ORD_01992,WH_B,2026-01-23,2026-01-25,2026-01-25,12
1490,ORD_01419,WH_D,2026-01-02,2026-01-03,2026-01-03,27
1491,ORD_01285,WH_C,2026-01-06,2026-01-08,2026-01-07,17
1492,ORD_00040,WH_D,2026-02-23,2026-02-25,2026-02-25,39
1493,ORD_01487,WH_C,2026-03-29,2026-04-03,2026-04-04,24
1494,ORD_01814,WH_A,2026-01-04,2026-01-08,2026-01-08,5
1495,ORD_00170,WH_D,2026-03-25,2026-03-29,2026-03-29,30
1496,ORD_01356,WH_E,2026-01-06,2026-01-10,2026-01-10,88
1497,ORD_00738,WH_E,2026-02-22,2026-02-24,2026-02-23,63
1498,ORD_01578,WH_D,2026-03-19,2026-03-21,2026-03-21,10
1499,ORD_02714,WH_C,2026-02-11,2026-02-15,2026-02-15,6
1500,ORD_01928,WH_D,2026-02-01,2026-02-06,2026-02-06,10
1501,ORD_00635,WH_B,2026-02-19,2026-02-21,2026-02-21,12
1502,ORD_02662,WH_E,2026-01-15,2026-01-18,2026-01-18,48
1503,ORD_01949,WH_C,2026-03-18,2026-03-21,2026-03-22,7
1504,ORD_01291,WH_C,2026-01-04,2026-01-07,2026-01-07,5
1505,ORD_01381,WH_B,2026-03-22,2026-03-24,2026-03-24,7
1506,ORD_00580,WH_C,2026-02-04,2026-02-08,2026-02-08,5
1507,ORD_00329,WH_D,2026-02-05,2026-02-08,2026-02-09,45
1508,ORD_02091,WH_E,2026-03-28,2026-04-01,2026-04-03,78
1509,ORD_00893,WH_E,2026-01-31,2026-02-04,2026-02-04,47
1510,ORD_01878,WH_D,2026-02-02,2026-02-03,2026-02-03,17
1511,ORD_00781,WH_E,2026-03-23,2026-03-24,2026-03-24,81
1512,ORD_00160,WH_E,2026-01-04,2026-01-07,2026-01-11,78
1513,ORD_01573,WH_E,2026-01-28,2026-02-01,2026-02-01,62
1514,ORD_02447,WH_C,2026-03-23,2026-03-26,2026-03-25,17
1515,ORD_02906,WH_A,2026-02-20,2026-02-23,2026-02-22,3
1516,ORD_00062,WH_C,2026-01-06,2026-01-10,2026-01-10,13
1517,ORD_00850,WH_D,2026-03-22,2026-03-24,2026-03-24,27
1518,ORD_02918,WH_E,2026-03-25,2026-03-26,2026-03-25,21
1519,ORD_02907,WH_E,2026-01-11,2026-01-13,2026-01-13,32
1520,ORD_01692,WH_D,2026-02-08,2026-02-11,2026-02-13,42
1521,ORD_01044,WH_D,2026-03-08,2026-03-12,2026-03-13,23
1522,ORD_02509,WH_E,2026-02-23,2026-02-28,2026-03-02,45
1523,ORD_01966,WH_D,2026-01-09,2026-01-13,2026-01-13,18
1524,ORD_02088,WH_E,2026-01-06,2026-01-08,2026-01-13,100
1525,ORD_01071,WH_C,2026-03-28,2026-04-01,2026-04-01,25
1526,ORD_00054,WH_E,2026-02-26,2026-03-01,2026-03-02,72
1527,ORD_00259,WH_D,2026-03-25,2026-03-29,2026-03-30,48
1528,ORD_00506,WH_B,2026-03-21,2026-03-23,2026-03-23,4
1529,ORD_00753,WH_D,2026-03-29,2026-03-31,2026-04-03,13
1530,ORD_02009,WH_A,2026-02-20,2026-02-21,2026-02-21,7
1531,ORD_00218,WH_E,2026-02-25,2026-02-28,2026-03-01,44
1532,ORD_02511,WH_A,2026-02-16,2026-02-18,2026-02-17,6
1533,ORD_01545,WH_E,2026-03-31,2026-04-03,2026-04-07,24
1535,ORD_02286,WH_C,2026-01-07,2026-01-11,2026-01-14,16
1536,ORD_01390,WH_D,2026-02-16,2026-02-19,2026-02-19,34
1537,ORD_02516,WH_E,2026-02-26,2026-03-01,2026-03-01,56
1538,ORD_01267,WH_C,2026-02-08,2026-02-12,2026-02-12,22
1539,ORD_02479,WH_B,2026-03-09,2026-03-13,2026-03-12,3
1540,ORD_01739,WH_C,2026-03-13,2026-03-16,2026-03-16,15
1541,ORD_00772,WH_E,2026-02-08,2026-02-09,2026-02-12,62
1542,ORD_02817,WH_D,2026-03-18,2026-03-21,2026-03-21,11
1543,ORD_01785,WH_E,2026-03-21,2026-03-25,2026-03-27,67
1544,ORD_02700,WH_E,2026-01-17,2026-01-21,2026-01-21,79
1545,ORD_01086,WH_D,2026-03-26,2026-03-29,2026-03-29,22
1546,ORD_01747,WH_A,2026-01-25,2026-01-28,2026-01-28,6
1547,ORD_01560,WH_E,2026-03-06,2026-03-10,2026-03-10,30
1548,ORD_01326,WH_C,2026-01-25,2026-01-28,2026-01-28,19
1549,ORD_02132,WH_A,2026-02-10,2026-02-14,2026-02-14,3
1550,ORD_01583,WH_D,2026-02-27,2026-03-02,2026-03-02,30
1551,ORD_01742,WH_E,2026-02-16,2026-02-19,2026-02-22,26
1552,ORD_02137,WH_A,2026-02-14,2026-02-15,2026-02-15,8
1553,ORD_01910,WH_B,2026-03-07,2026-03-11,2026-03-12,9
1554,ORD_02802,WH_E,2026-03-31,2026-04-03,2026-04-03,61
1555,ORD_01768,WH_D,2026-03-28,2026-03-30,2026-03-30,23
1556,ORD_01743,WH_E,2026-01-07,2026-01-10,2026-01-10,20
1557,ORD_01164,WH_E,2026-03-03,2026-03-06,2026-03-06,73
1558,ORD_00964,WH_C,2026-01-08,2026-01-10,2026-01-10,13
1559,ORD_02917,WH_E,2026-03-26,2026-03-28,2026-03-30,88
1560,ORD_02010,WH_D,2026-02-25,2026-03-01,2026-03-04,30
1561,ORD_00399,WH_E,2026-03-12,2026-03-13,2026-03-13,84
1562,ORD_00585,WH_D,2026-03-16,2026-03-20,2026-03-20,39
1563,ORD_00949,WH_E,2026-02-02,2026-02-04,2026-02-05,79
1564,ORD_00705,WH_A,2026-01-22,2026-01-23,2026-01-23,4
1565,ORD_00432,WH_E,2026-03-20,2026-03-25,2026-03-27,31
1566,ORD_00293,WH_E,2026-02-08,2026-02-11,2026-02-13,38
1567,ORD_00146,WH_A,2026-02-01,2026-02-06,2026-02-10,4
1568,ORD_00324,WH_C,2026-03-22,2026-03-23,2026-03-22,20
1569,ORD_02121,WH_E,2026-02-14,2026-02-17,2026-02-17,57
1570,ORD_01166,WH_E,2026-01-17,2026-01-22,2026-01-23,87
1571,ORD_01453,WH_E,2026-02-06,2026-02-09,2026-02-09,30
1572,ORD_00003,WH_E,2026-01-07,2026-01-10,2026-01-14,47
1573,ORD_00577,WH_B,2026-03-02,2026-03-07,2026-03-06,2
1574,ORD_02313,WH_D,2026-02-17,2026-02-19,2026-02-19,33
1575,ORD_00340,WH_B,2026-01-24,2026-01-28,2026-01-28,6
1576,ORD_01810,WH_B,2026-01-01,2026-01-02,2026-01-06,9
1577,ORD_01613,WH_D,2026-01-16,2026-01-20,2026-01-19,38
1578,ORD_00926,WH_A,2026-01-16,2026-01-18,2026-01-17,3
1579,ORD_00266,WH_E,2026-01-12,2026-01-14,2026-01-14,88
1580,ORD_00377,WH_E,2026-02-22,2026-02-23,2026-02-23,30
1581,ORD_01892,WH_D,2026-02-13,2026-02-16,2026-02-18,24
1582,ORD_01464,WH_E,2026-01-19,2026-01-21,2026-01-21,87
1583,ORD_00272,WH_E,2026-01-21,2026-01-25,2026-01-25,37
1584,ORD_00697,WH_C,2026-03-07,2026-03-08,2026-03-08,17
1585,ORD_02989,WH_E,2026-02-20,2026-02-24,2026-02-24,35
1586,ORD_00245,WH_A,2026-02-24,2026-02-26,2026-02-26,1
1587,ORD_02828,WH_B,2026-01-12,2026-01-15,2026-01-15,7
1588,ORD_00477,WH_A,2026-01-17,2026-01-21,2026-01-21,7
1589,ORD_02858,WH_A,2026-01-03,2026-01-06,2026-01-06,1
1590,ORD_02128,WH_B,2026-02-10,2026-02-13,2026-02-13,12
1591,ORD_01877,WH_D,2026-02-11,2026-02-15,2026-02-15,37
1592,ORD_01704,WH_D,2026-03-27,2026-03-30,2026-03-30,18
1593,ORD_02798,WH_D,2026-01-14,2026-01-16,2026-01-16,19
1594,ORD_02969,WH_E,2026-02-11,2026-02-14,2026-02-16,42
1595,ORD_01954,WH_E,2026-03-25,2026-03-28,2026-03-31,51
1596,ORD_01899,WH_C,2026-02-07,2026-02-09,2026-02-09,9
1597,ORD_00251,WH_C,2026-03-26,2026-03-30,2026-03-31,6
1598,ORD_00414,WH_D,2026-01-18,2026-01-20,2026-01-20,30
1599,ORD_00546,WH_C,2026-03-04,2026-03-07,2026-03-07,13
1600,ORD_01194,WH_D,2026-02-03,2026-02-06,2026-02-06,25
1601,ORD_00739,WH_D,2026-01-12,2026-01-14,2026-01-19,29
1602,ORD_00311,WH_D,2026-01-13,2026-01-17,2026-01-17,12
1603,ORD_01717,WH_A,2026-01-20,2026-01-21,2026-01-21,5
1604,ORD_00894,WH_C,2026-03-26,2026-03-28,2026-03-28,6
1605,ORD_01132,WH_D,2026-03-31,2026-04-02,2026-04-02,33
1606,ORD_01450,WH_E,2026-01-20,2026-01-22,2026-01-23,22
1607,ORD_02922,WH_E,2026-01-14,2026-01-17,2026-01-17,94
1608,ORD_00016,WH_B,2026-01-05,2026-01-08,2026-01-08,3
1609,ORD_01981,WH_B,2026-02-25,2026-03-02,2026-03-02,11
1610,ORD_00722,WH_B,2026-02-25,2026-02-26,2026-02-26,6
1611,ORD_01421,WH_C,2026-01-16,2026-01-20,2026-01-20,23
1612,ORD_02648,WH_D,2026-01-30,2026-02-04,2026-02-03,47
1613,ORD_00982,WH_E,2026-03-27,2026-03-30,2026-03-30,71
1614,ORD_01903,WH_E,2026-02-28,2026-03-02,2026-03-02,55
1615,ORD_01540,WH_D,2026-01-27,2026-01-31,2026-01-31,18
1616,ORD_02544,WH_D,2026-02-04,2026-02-07,2026-02-08,12
1617,ORD_01551,WH_E,2026-03-17,2026-03-20,2026-03-20,63
1618,ORD_02435,WH_E,2026-01-22,2026-01-26,2026-01-26,25
1619,ORD_00364,WH_D,2026-02-08,2026-02-11,2026-02-11,29
1620,ORD_02915,WH_C,2026-02-22,2026-02-25,2026-02-25,17
1621,ORD_00183,WH_E,2026-03-02,2026-03-06,2026-03-08,59
1622,ORD_00986,WH_D,2026-02-23,2026-02-28,2026-02-28,43
1623,ORD_02021,WH_E,2026-03-21,2026-03-25,2026-03-25,24
1624,ORD_01195,WH_A,2026-01-26,2026-01-28,2026-01-28,5
1625,ORD_02904,WH_D,2026-01-06,2026-01-09,2026-01-09,41
1626,ORD_01703,WH_C,2026-02-22,2026-02-23,2026-02-22,20
1627,ORD_01122,WH_E,2026-03-14,2026-03-17,2026-03-17,88
1628,ORD_00188,WH_D,2026-02-02,2026-02-05,2026-02-08,13
1629,ORD_00620,WH_E,2026-01-20,2026-01-21,2026-01-22,84
1630,ORD_01707,WH_D,2026-03-13,2026-03-14,2026-03-15,36
1631,ORD_01176,WH_D,2026-02-04,2026-02-07,2026-02-08,34
1632,ORD_01183,WH_D,2026-01-13,2026-01-18,2026-01-18,47
1633,ORD_02397,WH_B,2026-03-22,2026-03-25,2026-03-25,2
1634,ORD_02213,WH_A,2026-02-11,2026-02-14,2026-02-14,4
1635,ORD_00615,WH_E,2026-03-07,2026-03-10,2026-03-11,31
1636,ORD_01514,WH_A,2026-03-08,2026-03-12,2026-03-12,5
1637,ORD_01467,WH_E,2026-02-26,2026-03-02,2026-03-04,50
1638,ORD_00402,WH_E,2026-03-24,2026-03-26,2026-03-27,21
1639,ORD_00995,WH_C,2026-03-24,2026-03-26,2026-03-26,13
1640,ORD_00935,WH_B,2026-03-26,2026-03-28,2026-03-27,3
1641,ORD_00372,WH_A,2026-02-18,2026-02-22,2026-02-22,5
1642,ORD_01953,WH_D,2026-01-08,2026-01-10,2026-01-09,47
1643,ORD_02178,WH_D,2026-01-31,2026-02-05,2026-02-04,17
1644,ORD_00594,WH_C,2026-02-07,2026-02-11,2026-02-13,9
1645,ORD_01941,WH_A,2026-03-24,2026-03-27,2026-03-26,6
1646,ORD_00727,WH_B,2026-03-29,2026-04-02,2026-04-02,8
1647,ORD_00827,WH_C,2026-03-31,2026-04-05,2026-04-08,9
1648,ORD_02868,WH_E,2026-01-26,2026-01-29,2026-01-31,56
1649,ORD_00688,WH_C,2026-01-03,2026-01-08,2026-01-07,13
1650,ORD_02228,WH_D,2026-03-05,2026-03-10,2026-03-13,21
1651,ORD_00137,WH_D,2026-01-09,2026-01-12,2026-01-12,13
1652,ORD_02463,WH_D,2026-01-13,2026-01-16,2026-01-16,38
1653,ORD_00629,WH_A,2026-03-04,2026-03-06,2026-03-06,3
1654,ORD_00335,WH_A,2026-02-08,2026-02-10,2026-02-10,8
1655,ORD_00391,WH_E,2026-01-28,2026-02-01,2026-02-04,59
1656,ORD_02322,WH_E,2026-02-28,2026-03-02,2026-03-03,84
1657,ORD_01110,WH_B,2026-02-21,2026-02-22,2026-02-22,4
1658,ORD_01765,WH_B,2026-01-07,2026-01-09,2026-01-09,5
1659,ORD_02713,WH_C,2026-01-18,2026-01-21,2026-01-21,17
1660,ORD_00711,WH_E,2026-01-30,2026-02-01,2026-01-31,82
1661,ORD_01040,WH_C,2026-03-29,2026-04-03,2026-04-06,16
1662,ORD_01914,WH_C,2026-01-25,2026-01-29,2026-01-29,7
1663,ORD_01879,WH_C,2026-03-15,2026-03-19,2026-03-18,14
1664,ORD_02609,WH_E,2026-02-24,2026-02-26,2026-02-26,34
1665,ORD_01562,WH_C,2026-02-05,2026-02-08,2026-02-08,10
1666,ORD_02772,WH_C,2026-01-16,2026-01-20,2026-01-19,6
1667,ORD_01595,WH_E,2026-03-30,2026-04-02,2026-04-03,44
1668,ORD_02534,WH_A,2026-03-28,2026-03-31,2026-03-31,6
1669,ORD_01113,WH_C,2026-03-02,2026-03-05,2026-03-05,23
1670,ORD_00466,WH_C,2026-03-22,2026-03-25,2026-03-29,19
1671,ORD_01561,WH_C,2026-02-20,2026-02-22,2026-02-22,6
1672,ORD_01224,WH_E,2026-01-24,2026-01-26,2026-01-25,71
1673,ORD_01984,WH_D,2026-01-12,2026-01-15,2026-01-15,44
1674,ORD_02982,WH_C,2026-03-26,2026-03-29,2026-03-29,16
1675,ORD_02361,WH_A,2026-01-23,2026-01-25,2026-01-25,1
1676,ORD_01509,WH_D,2026-02-19,2026-02-22,2026-02-22,50
1677,ORD_01105,WH_E,2026-03-05,2026-03-10,2026-03-14,86
1678,ORD_02019,WH_A,2026-01-08,2026-01-11,2026-01-11,4
1679,ORD_00339,WH_D,2026-01-28,2026-01-30,2026-01-30,44
1680,ORD_00216,WH_C,2026-01-09,2026-01-13,2026-01-13,14
1681,ORD_01616,WH_E,2026-01-14,2026-01-17,2026-01-17,54
1682,ORD_02379,WH_D,2026-03-02,2026-03-07,2026-03-08,36
1683,ORD_02528,WH_E,2026-01-31,2026-02-02,2026-02-05,80
1684,ORD_02819,WH_A,2026-03-22,2026-03-25,2026-03-24,8
1685,ORD_01593,WH_B,2026-03-02,2026-03-03,2026-03-03,6
1686,ORD_01865,WH_E,2026-03-31,2026-04-04,2026-04-06,81
1687,ORD_01712,WH_A,2026-01-23,2026-01-27,2026-01-27,5
1688,ORD_02536,WH_E,2026-03-20,2026-03-24,2026-03-23,33
1689,ORD_00817,WH_D,2026-01-15,2026-01-18,2026-01-18,20
1690,ORD_01068,WH_B,2026-02-19,2026-02-23,2026-02-23,2
1691,ORD_02034,WH_E,2026-02-16,2026-02-19,2026-02-24,38
1692,ORD_00275,WH_D,2026-02-21,2026-02-23,2026-02-26,22
1693,ORD_02257,WH_D,2026-03-24,2026-03-26,2026-03-26,37
1694,ORD_00866,WH_D,2026-02-07,2026-02-12,2026-02-12,26
1695,ORD_00102,WH_D,2026-01-22,2026-01-25,2026-01-26,13
1696,ORD_01502,WH_D,2026-01-02,2026-01-03,2026-01-02,29
1697,ORD_02162,WH_D,2026-03-14,2026-03-16,2026-03-16,19
1698,ORD_00172,WH_A,2026-02-08,2026-02-11,2026-02-10,7
1699,ORD_00108,WH_E,2026-03-14,2026-03-16,2026-03-17,26
1700,ORD_02242,WH_A,2026-01-02,2026-01-05,2026-01-05,2
1701,ORD_01522,WH_E,2026-02-23,2026-02-27,2026-02-28,58
1703,ORD_02439,WH_D,2026-02-07,2026-02-12,2026-02-12,10
1704,ORD_01986,WH_B,2026-03-22,2026-03-24,2026-03-25,10
1705,ORD_01792,WH_E,2026-02-22,2026-02-25,2026-02-24,85
1706,ORD_02055,WH_E,2026-03-23,2026-03-26,2026-03-26,58
1707,ORD_01993,WH_D,2026-02-12,2026-02-17,2026-02-17,11
1708,ORD_02263,WH_E,2026-03-30,2026-04-01,2026-04-01,100
1709,ORD_02623,WH_D,2026-02-04,2026-02-09,2026-02-09,10
1710,ORD_02589,WH_C,2026-03-25,2026-03-29,2026-03-29,6
1711,ORD_01787,WH_D,2026-02-14,2026-02-16,2026-02-18,43
1712,ORD_00296,WH_D,2026-01-05,2026-01-08,2026-01-11,35
1713,ORD_00713,WH_D,2026-03-25,2026-03-26,2026-03-26,31
1714,ORD_00073,WH_A,2026-02-18,2026-02-20,2026-02-20,2
1715,ORD_02631,WH_D,2026-01-23,2026-01-25,2026-01-25,35
1716,ORD_02282,WH_C,2026-01-17,2026-01-18,2026-01-18,10
1717,ORD_02575,WH_C,2026-03-09,2026-03-13,2026-03-14,18
1718,ORD_02900,WH_A,2026-01-02,2026-01-05,2026-01-08,5
1719,ORD_00482,WH_E,2026-03-05,2026-03-08,2026-03-08,48
1720,ORD_02231,WH_E,2026-01-29,2026-01-31,2026-01-31,24
1721,ORD_01531,WH_C,2026-02-09,2026-02-12,2026-02-14,7
1722,ORD_02567,WH_C,2026-01-23,2026-01-28,2026-01-27,24
1723,ORD_01515,WH_B,2026-01-27,2026-01-31,2026-01-31,4
1724,ORD_02976,WH_A,2026-02-21,2026-02-24,2026-02-24,2
1725,ORD_01491,WH_C,2026-01-04,2026-01-07,2026-01-09,13
1726,ORD_01172,WH_E,2026-03-22,2026-03-26,2026-03-26,43
1727,ORD_02465,WH_D,2026-01-18,2026-01-20,2026-01-20,27
1728,ORD_02117,WH_D,2026-01-31,2026-02-04,2026-02-04,12
1729,ORD_02706,WH_E,2026-01-21,2026-01-24,2026-01-25,75
1730,ORD_02229,WH_C,2026-03-26,2026-03-28,2026-04-01,18
1731,ORD_02284,WH_A,2026-02-14,2026-02-17,2026-02-17,7
1732,ORD_00406,WH_E,2026-02-14,2026-02-17,2026-02-16,62
1733,ORD_00758,WH_D,2026-03-25,2026-03-27,2026-03-27,45
1735,ORD_02197,WH_D,2026-03-10,2026-03-12,2026-03-12,18
1736,ORD_01908,WH_C,2026-03-29,2026-04-03,2026-04-03,14
1737,ORD_00098,WH_D,2026-03-07,2026-03-10,2026-03-11,16
1738,ORD_01334,WH_E,2026-01-10,2026-01-13,2026-01-12,64
1739,ORD_02402,WH_A,2026-03-26,2026-03-28,2026-03-28,1
1740,ORD_00744,WH_D,2026-01-29,2026-02-02,2026-02-02,42
1741,ORD_00807,WH_E,2026-01-09,2026-01-10,2026-01-09,86
1742,ORD_02784,WH_E,2026-03-31,2026-04-01,2026-04-04,25
1743,ORD_02000,WH_C,2026-01-13,2026-01-18,2026-01-18,17
1744,ORD_02513,WH_D,2026-03-24,2026-03-25,2026-03-25,46
1745,ORD_01536,WH_B,2026-03-21,2026-03-24,2026-03-24,6
1746,ORD_02965,WH_E,2026-02-11,2026-02-13,2026-02-12,92
1747,ORD_02041,WH_E,2026-02-04,2026-02-06,2026-02-06,56
1748,ORD_00149,WH_A,2026-02-07,2026-02-08,2026-02-08,6
1749,ORD_01801,WH_E,2026-03-23,2026-03-28,2026-03-28,25
1750,ORD_02065,WH_A,2026-02-06,2026-02-09,2026-02-09,7
1751,ORD_02072,WH_D,2026-02-23,2026-02-28,2026-02-28,13
1752,ORD_01316,WH_D,2026-01-23,2026-01-25,2026-01-25,27
1753,ORD_00693,WH_D,2026-03-18,2026-03-20,2026-03-20,41
1754,ORD_00819,WH_A,2026-03-04,2026-03-05,2026-03-05,8
1755,ORD_01729,WH_E,2026-01-27,2026-01-30,2026-01-30,74
1756,ORD_01387,WH_E,2026-03-21,2026-03-25,2026-03-25,80
1757,ORD_02294,WH_D,2026-01-18,2026-01-21,2026-01-21,27
1758,ORD_02068,WH_C,2026-03-21,2026-03-24,2026-03-24,18
1759,ORD_01600,WH_E,2026-01-18,2026-01-20,2026-01-20,60
1760,ORD_02374,WH_D,2026-01-03,2026-01-04,2026-01-04,23
1761,ORD_02470,WH_D,2026-03-02,2026-03-05,2026-03-05,43
1762,ORD_00702,WH_A,2026-03-13,2026-03-18,2026-03-18,7
1763,ORD_02410,WH_D,2026-03-21,2026-03-25,2026-03-25,33
1764,ORD_02671,WH_D,2026-02-05,2026-02-10,2026-02-10,36
1765,ORD_00922,WH_D,2026-02-08,2026-02-13,2026-02-13,39
1766,ORD_01425,WH_E,2026-01-30,2026-02-01,2026-02-01,69
1767,ORD_01709,WH_D,2026-02-11,2026-02-16,2026-02-16,31
1768,ORD_00906,WH_E,2026-02-05,2026-02-09,2026-02-09,91
1769,ORD_00455,WH_B,2026-03-20,2026-03-23,2026-03-22,11
1770,ORD_02094,WH_D,2026-01-30,2026-01-31,2026-02-01,18
1771,ORD_02317,WH_C,2026-02-28,2026-03-03,2026-03-03,10
1772,ORD_01799,WH_A,2026-01-22,2026-01-26,2026-01-26,2
1773,ORD_00168,WH_B,2026-02-11,2026-02-12,2026-02-11,9
1774,ORD_00731,WH_B,2026-03-25,2026-03-30,2026-03-29,12
1775,ORD_02171,WH_E,2026-03-30,2026-04-02,2026-04-01,65
1776,ORD_01311,WH_B,2026-03-17,2026-03-19,2026-03-19,5
1777,ORD_00027,WH_B,2026-02-02,2026-02-06,2026-02-06,6
1778,ORD_01963,WH_E,2026-01-16,2026-01-17,2026-01-17,95
1779,ORD_01653,WH_C,2026-03-30,2026-04-02,2026-04-02,7
1780,ORD_01623,WH_D,2026-01-17,2026-01-18,2026-01-20,23
1781,ORD_00588,WH_B,2026-02-23,2026-02-28,2026-02-27,6
1782,ORD_02047,WH_A,2026-03-29,2026-04-01,2026-04-01,1
1783,ORD_00998,WH_B,2026-01-06,2026-01-08,2026-01-08,4
1784,ORD_01177,WH_E,2026-01-14,2026-01-16,2026-01-18,20
1785,ORD_01701,WH_E,2026-03-27,2026-03-29,2026-03-29,52
1786,ORD_01041,WH_D,2026-01-14,2026-01-16,2026-01-19,44
1787,ORD_00034,WH_E,2026-02-16,2026-02-20,2026-02-20,97
1788,ORD_01838,WH_C,2026-01-16,2026-01-18,2026-01-18,6
1789,ORD_02381,WH_E,2026-01-13,2026-01-18,2026-01-18,31
1790,ORD_01380,WH_D,2026-03-04,2026-03-06,2026-03-06,16
1791,ORD_00042,WH_D,2026-03-20,2026-03-24,2026-03-23,33
1792,ORD_02484,WH_B,2026-02-09,2026-02-13,2026-02-12,6
1793,ORD_02323,WH_D,2026-03-12,2026-03-14,2026-03-18,30
1794,ORD_02620,WH_C,2026-03-19,2026-03-22,2026-03-24,22
1795,ORD_02003,WH_E,2026-01-28,2026-01-30,2026-01-30,75
1796,ORD_02910,WH_C,2026-01-12,2026-01-16,2026-01-16,6
1797,ORD_01821,WH_C,2026-03-12,2026-03-16,2026-03-16,9
1798,ORD_00610,WH_E,2026-03-09,2026-03-11,2026-03-14,77
1799,ORD_01133,WH_B,2026-03-18,2026-03-20,2026-03-21,6
1800,ORD_00029,WH_D,2026-02-19,2026-02-20,2026-02-23,31
1801,ORD_00442,WH_E,2026-02-28,2026-03-02,2026-03-05,67
1802,ORD_02597,WH_C,2026-02-14,2026-02-16,2026-02-17,22
1803,ORD_02173,WH_B,2026-01-06,2026-01-08,2026-01-08,5
1804,ORD_00494,WH_B,2026-01-16,2026-01-19,2026-01-18,3
1805,ORD_01259,WH_A,2026-01-08,2026-01-11,2026-01-11,3
1806,ORD_01302,WH_E,2026-01-22,2026-01-24,2026-01-26,37
1807,ORD_02553,WH_E,2026-01-21,2026-01-25,2026-01-26,86
1808,ORD_02378,WH_E,2026-03-29,2026-04-02,2026-04-03,81
1809,ORD_01383,WH_E,2026-03-26,2026-03-30,2026-04-02,94
1810,ORD_01305,WH_E,2026-01-22,2026-01-24,2026-01-24,56
1811,ORD_00237,WH_C,2026-03-27,2026-03-31,2026-03-30,24
1812,ORD_00552,WH_E,2026-01-05,2026-01-07,2026-01-09,94
1813,ORD_00521,WH_D,2026-03-02,2026-03-05,2026-03-05,14
1814,ORD_02230,WH_C,2026-01-23,2026-01-28,2026-01-28,9
1815,ORD_01233,WH_C,2026-03-11,2026-03-14,2026-03-17,9
1816,ORD_01139,WH_D,2026-03-14,2026-03-15,2026-03-15,24
1817,ORD_00721,WH_E,2026-02-28,2026-03-02,2026-03-01,99
1818,ORD_00736,WH_E,2026-03-20,2026-03-22,2026-03-22,84
1819,ORD_02668,WH_E,2026-02-28,2026-03-03,2026-03-04,30
1820,ORD_01751,WH_D,2026-02-12,2026-02-15,2026-02-15,24
1821,ORD_00059,WH_A,2026-03-15,2026-03-20,2026-03-19,7
1822,ORD_00632,WH_E,2026-02-20,2026-02-23,2026-02-23,96
1823,ORD_01182,WH_C,2026-01-27,2026-01-31,2026-02-02,5
1824,ORD_02216,WH_C,2026-01-13,2026-01-17,2026-01-18,20
1825,ORD_00593,WH_B,2026-03-27,2026-03-28,2026-03-28,4
1826,ORD_01304,WH_D,2026-03-25,2026-03-27,2026-03-27,50
1827,ORD_01388,WH_B,2026-02-05,2026-02-08,2026-02-08,2
1828,ORD_02630,WH_C,2026-02-10,2026-02-13,2026-02-12,12
1829,ORD_02645,WH_A,2026-01-10,2026-01-13,2026-01-13,3
1830,ORD_01874,WH_E,2026-01-19,2026-01-22,2026-01-22,31
1831,ORD_00940,WH_D,2026-03-24,2026-03-26,2026-03-27,46
1832,ORD_02803,WH_E,2026-02-13,2026-02-17,2026-02-18,62
1833,ORD_01250,WH_D,2026-01-03,2026-01-05,2026-01-07,12
1834,ORD_00905,WH_D,2026-02-23,2026-02-25,2026-03-01,33
1835,ORD_02955,WH_E,2026-02-26,2026-03-03,2026-03-03,81
1836,ORD_01280,WH_D,2026-01-15,2026-01-19,2026-01-19,14
1837,ORD_02415,WH_D,2026-02-08,2026-02-13,2026-02-13,37
1838,ORD_02894,WH_E,2026-03-26,2026-03-31,2026-03-31,77
1839,ORD_02139,WH_B,2026-01-14,2026-01-17,2026-01-16,7
1840,ORD_02400,WH_D,2026-02-25,2026-02-28,2026-02-28,43
1841,ORD_02478,WH_E,2026-02-27,2026-03-01,2026-03-01,51
1842,ORD_01143,WH_E,2026-02-03,2026-02-05,2026-02-06,88
1843,ORD_02757,WH_D,2026-03-13,2026-03-15,2026-03-15,14
1844,ORD_00707,WH_C,2026-01-08,2026-01-11,2026-01-11,21
1845,ORD_02656,WH_D,2026-03-05,2026-03-10,2026-03-10,14
1846,ORD_01023,WH_E,2026-02-11,2026-02-15,2026-02-16,52
1847,ORD_00746,WH_E,2026-01-11,2026-01-13,2026-01-13,25
1848,ORD_01547,WH_E,2026-03-07,2026-03-10,2026-03-10,24
1849,ORD_02370,WH_E,2026-02-19,2026-02-20,2026-02-21,79
1850,ORD_02059,WH_E,2026-02-28,2026-03-04,2026-03-03,44
1851,ORD_00514,WH_E,2026-01-18,2026-01-19,2026-01-22,79
1852,ORD_00082,WH_D,2026-01-02,2026-01-04,2026-01-04,19
1853,ORD_02836,WH_E,2026-01-06,2026-01-11,2026-01-14,71
1854,ORD_01309,WH_C,2026-01-09,2026-01-13,2026-01-13,24
1855,ORD_02508,WH_D,2026-03-06,2026-03-07,2026-03-07,29
1856,ORD_00915,WH_D,2026-02-15,2026-02-20,2026-02-20,14
1857,ORD_01405,WH_E,2026-02-21,2026-02-22,2026-02-24,95
1858,ORD_01648,WH_E,2026-01-25,2026-01-27,2026-01-27,35
1859,ORD_02775,WH_D,2026-01-29,2026-02-01,2026-02-01,17
1860,ORD_01109,WH_E,2026-03-30,2026-04-02,2026-04-02,72
1861,ORD_00151,WH_E,2026-03-15,2026-03-19,2026-03-18,39
1862,ORD_02741,WH_C,2026-03-23,2026-03-25,2026-03-25,13
1863,ORD_00775,WH_E,2026-02-05,2026-02-08,2026-02-07,46
1864,ORD_00330,WH_C,2026-02-03,2026-02-07,2026-02-07,20
1865,ORD_00007,WH_A,2026-01-16,2026-01-19,2026-01-19,6
1866,ORD_00944,WH_E,2026-03-15,2026-03-18,2026-03-22,33
1867,ORD_00823,WH_C,2026-02-01,2026-02-02,2026-02-02,20
1868,ORD_00735,WH_C,2026-01-08,2026-01-11,2026-01-11,13
1869,ORD_00910,WH_C,2026-01-17,2026-01-21,2026-01-21,16
1870,ORD_00469,WH_C,2026-02-13,2026-02-17,2026-02-17,9
1871,ORD_00182,WH_B,2026-03-16,2026-03-19,2026-03-19,12
1872,ORD_00165,WH_B,2026-01-17,2026-01-22,2026-01-23,11
1873,ORD_01524,WH_B,2026-03-25,2026-03-30,2026-03-30,5
1874,ORD_00452,WH_D,2026-01-09,2026-01-12,2026-01-12,46
1875,ORD_00491,WH_D,2026-01-13,2026-01-15,2026-01-15,12
1876,ORD_02035,WH_D,2026-03-04,2026-03-05,2026-03-05,37
1877,ORD_01144,WH_D,2026-01-31,2026-02-02,2026-02-04,14
1878,ORD_01312,WH_E,2026-03-28,2026-04-01,2026-04-01,67
1880,ORD_01112,WH_C,2026-03-16,2026-03-19,2026-03-18,8
1881,ORD_02869,WH_C,2026-01-21,2026-01-22,2026-01-21,12
1882,ORD_02008,WH_E,2026-02-26,2026-02-28,2026-03-01,78
1883,ORD_01442,WH_B,2026-02-26,2026-02-28,2026-02-28,11
1884,ORD_02717,WH_D,2026-03-23,2026-03-28,2026-03-28,32
1885,ORD_01007,WH_E,2026-03-31,2026-04-03,2026-04-03,59
1886,ORD_01628,WH_D,2026-01-27,2026-01-29,2026-01-29,45
1887,ORD_01633,WH_E,2026-01-31,2026-02-04,2026-02-04,25
1888,ORD_01075,WH_E,2026-02-24,2026-02-27,2026-03-01,98
1889,ORD_00579,WH_D,2026-03-08,2026-03-10,2026-03-09,22
1890,ORD_02114,WH_E,2026-01-06,2026-01-09,2026-01-13,51
1891,ORD_02358,WH_A,2026-01-31,2026-02-04,2026-02-04,1
1892,ORD_02276,WH_D,2026-02-20,2026-02-23,2026-02-23,46
1893,ORD_02315,WH_E,2026-02-23,2026-02-25,2026-02-25,88
1894,ORD_00328,WH_D,2026-01-10,2026-01-13,2026-01-13,45
1895,ORD_01791,WH_B,2026-02-16,2026-02-19,2026-02-19,5
1896,ORD_00443,WH_C,2026-02-24,2026-02-27,2026-02-27,23
1897,ORD_01859,WH_E,2026-01-18,2026-01-22,2026-01-22,86
1898,ORD_02901,WH_B,2026-01-12,2026-01-13,2026-01-13,11
1899,ORD_02012,WH_A,2026-02-01,2026-02-05,2026-02-06,8
1900,ORD_00833,WH_B,2026-03-04,2026-03-09,2026-03-08,3
1901,ORD_02453,WH_D,2026-01-28,2026-01-31,2026-01-31,34
1902,ORD_02116,WH_B,2026-02-26,2026-02-28,2026-02-28,12
1903,ORD_01415,WH_D,2026-01-25,2026-01-28,2026-01-28,40
1904,ORD_01202,WH_A,2026-02-28,2026-03-04,2026-03-04,1
1905,ORD_02501,WH_E,2026-02-20,2026-02-23,2026-02-27,40
1906,ORD_01500,WH_E,2026-02-22,2026-02-26,2026-02-26,54
1907,ORD_02751,WH_C,2026-02-25,2026-02-28,2026-02-28,16
1908,ORD_00087,WH_E,2026-01-26,2026-01-28,2026-01-30,55
1909,ORD_01404,WH_E,2026-02-15,2026-02-16,2026-02-16,61
1910,ORD_02941,WH_C,2026-02-13,2026-02-16,2026-02-19,22
1911,ORD_02336,WH_C,2026-03-21,2026-03-25,2026-03-25,18
1912,ORD_01482,WH_B,2026-01-16,2026-01-18,2026-01-18,9
1913,ORD_00778,WH_E,2026-01-26,2026-01-28,2026-01-28,58
1914,ORD_00800,WH_E,2026-03-28,2026-03-29,2026-03-28,84
1915,ORD_01667,WH_C,2026-01-16,2026-01-18,2026-01-17,10
1916,ORD_01895,WH_D,2026-01-03,2026-01-06,2026-01-07,16
1917,ORD_00055,WH_D,2026-01-08,2026-01-10,2026-01-12,24
1918,ORD_02375,WH_E,2026-03-03,2026-03-07,2026-03-07,89
1919,ORD_01288,WH_C,2026-01-11,2026-01-15,2026-01-15,13
1920,ORD_01668,WH_E,2026-01-20,2026-01-21,2026-01-21,57
1921,ORD_02600,WH_B,2026-01-26,2026-01-27,2026-01-27,8
1922,ORD_02167,WH_D,2026-03-21,2026-03-24,2026-03-24,29
1923,ORD_01702,WH_D,2026-02-21,2026-02-22,2026-02-22,37
1924,ORD_01246,WH_D,2026-03-31,2026-04-03,2026-04-05,20
1925,ORD_00114,WH_E,2026-01-29,2026-02-01,2026-02-01,68
1926,ORD_02821,WH_E,2026-01-02,2026-01-03,2026-01-02,66
1927,ORD_00988,WH_D,2026-02-18,2026-02-21,2026-02-22,25
1928,ORD_00502,WH_D,2026-01-10,2026-01-14,2026-01-14,43
1929,ORD_02165,WH_D,2026-01-19,2026-01-20,2026-01-20,50
1930,ORD_01010,WH_D,2026-02-05,2026-02-09,2026-02-09,38
1931,ORD_01199,WH_E,2026-01-20,2026-01-23,2026-01-25,51
1932,ORD_01395,WH_C,2026-01-14,2026-01-15,2026-01-15,9
1933,ORD_00590,WH_B,2026-01-30,2026-01-31,2026-01-31,7
1934,ORD_00769,WH_C,2026-02-25,2026-02-28,2026-03-01,18
1935,ORD_00018,WH_D,2026-01-12,2026-01-13,2026-01-13,40
1936,ORD_01043,WH_C,2026-02-03,2026-02-05,2026-02-05,13
1937,ORD_01448,WH_E,2026-03-23,2026-03-26,2026-03-26,20
1938,ORD_02476,WH_E,2026-02-23,2026-02-26,2026-02-26,61
1939,ORD_00286,WH_A,2026-02-08,2026-02-11,2026-02-11,8
1940,ORD_02653,WH_C,2026-03-04,2026-03-07,2026-03-11,13
1941,ORD_00429,WH_C,2026-03-07,2026-03-10,2026-03-12,16
1942,ORD_01329,WH_E,2026-02-27,2026-03-04,2026-03-04,31
1943,ORD_01979,WH_E,2026-03-21,2026-03-23,2026-03-23,75
1944,ORD_00670,WH_C,2026-03-17,2026-03-21,2026-03-23,11
1945,ORD_00032,WH_B,2026-03-10,2026-03-12,2026-03-11,2
1946,ORD_01342,WH_D,2026-03-22,2026-03-23,2026-03-26,37
1947,ORD_00723,WH_A,2026-02-17,2026-02-20,2026-02-20,8
1948,ORD_00952,WH_E,2026-01-09,2026-01-12,2026-01-13,58
1949,ORD_01915,WH_D,2026-02-26,2026-03-02,2026-03-02,10
1950,ORD_02680,WH_D,2026-03-31,2026-04-03,2026-04-06,10
1951,ORD_00215,WH_E,2026-02-06,2026-02-09,2026-02-10,89
1952,ORD_00990,WH_E,2026-03-29,2026-04-01,2026-03-31,86
1953,ORD_01165,WH_B,2026-02-16,2026-02-20,2026-02-19,12
1954,ORD_02807,WH_E,2026-03-29,2026-04-02,2026-04-02,21
1955,ORD_02085,WH_D,2026-03-26,2026-03-30,2026-03-30,29
1956,ORD_00327,WH_D,2026-03-19,2026-03-21,2026-03-21,43
1958,ORD_01384,WH_C,2026-01-08,2026-01-10,2026-01-09,18
1959,ORD_01725,WH_E,2026-03-19,2026-03-24,2026-03-26,64
1960,ORD_01087,WH_D,2026-03-03,2026-03-05,2026-03-09,33
1961,ORD_02932,WH_E,2026-01-07,2026-01-10,2026-01-12,100
1962,ORD_00342,WH_D,2026-01-09,2026-01-13,2026-01-14,21
1963,ORD_01654,WH_C,2026-03-13,2026-03-14,2026-03-14,8
1964,ORD_00148,WH_D,2026-02-17,2026-02-19,2026-02-19,47
1965,ORD_02352,WH_E,2026-01-03,2026-01-07,2026-01-06,85
1966,ORD_02425,WH_C,2026-02-06,2026-02-09,2026-02-09,21
1967,ORD_01108,WH_E,2026-01-10,2026-01-13,2026-01-12,40
1968,ORD_00849,WH_D,2026-01-13,2026-01-16,2026-01-16,47
1969,ORD_00967,WH_E,2026-03-03,2026-03-06,2026-03-09,68
1970,ORD_01073,WH_A,2026-03-28,2026-03-31,2026-03-31,6
1971,ORD_02477,WH_B,2026-01-30,2026-02-02,2026-02-02,7
1972,ORD_01906,WH_C,2026-03-23,2026-03-24,2026-03-24,11
1973,ORD_00156,WH_C,2026-03-26,2026-03-28,2026-03-28,21
1974,ORD_00666,WH_B,2026-03-12,2026-03-15,2026-03-15,12
1975,ORD_00662,WH_E,2026-01-22,2026-01-24,2026-01-27,76
1976,ORD_01003,WH_E,2026-02-07,2026-02-09,2026-02-13,97
1977,ORD_02354,WH_E,2026-03-03,2026-03-04,2026-03-04,50
1978,ORD_02530,WH_E,2026-01-18,2026-01-21,2026-01-22,51
1979,ORD_00177,WH_E,2026-03-10,2026-03-13,2026-03-12,28
1980,ORD_02669,WH_E,2026-02-27,2026-03-03,2026-03-03,45
1981,ORD_01880,WH_D,2026-01-12,2026-01-15,2026-01-15,34
1982,ORD_01525,WH_D,2026-02-07,2026-02-12,2026-02-13,35
1983,ORD_02832,WH_E,2026-01-16,2026-01-19,2026-01-19,27
1984,ORD_01204,WH_C,2026-01-18,2026-01-22,2026-01-22,21
1985,ORD_00025,WH_D,2026-03-10,2026-03-14,2026-03-18,48
1986,ORD_02962,WH_C,2026-02-26,2026-02-28,2026-02-28,5
1987,ORD_02029,WH_C,2026-03-23,2026-03-28,2026-03-28,7
1988,ORD_02090,WH_C,2026-03-05,2026-03-07,2026-03-07,11
1989,ORD_02617,WH_C,2026-03-28,2026-03-29,2026-03-29,18
1990,ORD_00876,WH_B,2026-03-03,2026-03-05,2026-03-05,2
1991,ORD_02710,WH_C,2026-01-24,2026-01-25,2026-01-25,13
1992,ORD_00939,WH_B,2026-02-09,2026-02-10,2026-02-10,8
1993,ORD_02712,WH_D,2026-01-17,2026-01-22,2026-01-22,10
1994,ORD_01553,WH_E,2026-03-14,2026-03-18,2026-03-22,49
1995,ORD_00347,WH_D,2026-03-08,2026-03-11,2026-03-13,41
1996,ORD_02765,WH_B,2026-02-23,2026-02-26,2026-02-26,5
1997,ORD_02987,WH_A,2026-03-25,2026-03-30,2026-04-01,8
1998,ORD_01234,WH_A,2026-02-27,2026-03-02,2026-03-02,1
1999,ORD_01927,WH_D,2026-01-22,2026-01-27,2026-01-27,19
2000,ORD_00386,WH_E,2026-02-01,2026-02-03,2026-02-03,90
2001,ORD_01830,WH_C,2026-02-19,2026-02-23,2026-02-25,10
2002,ORD_02280,WH_A,2026-03-24,2026-03-26,2026-03-26,2
2003,ORD_02563,WH_A,2026-03-05,2026-03-07,2026-03-07,7
2004,ORD_02209,WH_C,2026-03-08,2026-03-10,2026-03-10,18
2005,ORD_00244,WH_C,2026-01-01,2026-01-06,2026-01-06,13
2006,ORD_02099,WH_E,2026-01-21,2026-01-25,2026-01-28,43
2007,ORD_01827,WH_A,2026-01-24,2026-01-25,2026-01-25,6
2008,ORD_00937,WH_A,2026-02-24,2026-02-28,2026-02-28,1
2009,ORD_01690,WH_E,2026-01-20,2026-01-22,2026-01-22,98
2010,ORD_02594,WH_D,2026-03-24,2026-03-27,2026-03-27,25
2011,ORD_00313,WH_A,2026-02-15,2026-02-19,2026-02-19,6
2012,ORD_01460,WH_E,2026-02-11,2026-02-13,2026-02-12,55
2013,ORD_02940,WH_A,2026-03-27,2026-03-31,2026-03-31,6
2014,ORD_02120,WH_E,2026-02-09,2026-02-11,2026-02-11,54
2015,ORD_01333,WH_C,2026-02-17,2026-02-19,2026-02-19,19
2016,ORD_00969,WH_D,2026-03-06,2026-03-08,2026-03-08,11
2017,ORD_01455,WH_A,2026-02-27,2026-03-02,2026-03-02,7
2018,ORD_00661,WH_C,2026-03-15,2026-03-16,2026-03-18,12
2019,ORD_01935,WH_E,2026-03-15,2026-03-20,2026-03-21,74
2020,ORD_00936,WH_C,2026-01-21,2026-01-24,2026-01-24,17
2021,ORD_00371,WH_B,2026-01-26,2026-01-28,2026-01-27,8
2022,ORD_00567,WH_C,2026-03-16,2026-03-21,2026-03-20,17
2023,ORD_01974,WH_D,2026-01-22,2026-01-25,2026-01-29,34
2024,ORD_01855,WH_E,2026-03-16,2026-03-20,2026-03-20,100
2025,ORD_01025,WH_E,2026-02-17,2026-02-19,2026-02-19,48
2026,ORD_00825,WH_D,2026-02-09,2026-02-11,2026-02-11,43
2027,ORD_00983,WH_B,2026-02-19,2026-02-21,2026-02-21,8
2028,ORD_02440,WH_B,2026-01-18,2026-01-21,2026-01-21,7
2029,ORD_02081,WH_A,2026-02-24,2026-03-01,2026-03-01,8
2030,ORD_01646,WH_E,2026-01-29,2026-02-03,2026-02-06,28
2031,ORD_02596,WH_E,2026-01-06,2026-01-10,2026-01-10,26
2032,ORD_02258,WH_D,2026-03-03,2026-03-07,2026-03-07,18
2033,ORD_02131,WH_B,2026-02-27,2026-03-04,2026-03-04,3
2034,ORD_00814,WH_E,2026-02-09,2026-02-14,2026-02-15,65
2035,ORD_01793,WH_D,2026-03-05,2026-03-09,2026-03-09,36
2036,ORD_01431,WH_D,2026-02-12,2026-02-15,2026-02-15,48
2037,ORD_00779,WH_E,2026-03-27,2026-03-31,2026-03-31,70
2038,ORD_01750,WH_B,2026-01-12,2026-01-15,2026-01-15,8
2039,ORD_01321,WH_C,2026-02-16,2026-02-18,2026-02-18,7
2040,ORD_02118,WH_D,2026-01-21,2026-01-24,2026-01-24,50
2041,ORD_02886,WH_E,2026-01-17,2026-01-22,2026-01-24,59
2042,ORD_01053,WH_E,2026-01-24,2026-01-25,2026-01-29,37
2043,ORD_02334,WH_E,2026-01-27,2026-01-31,2026-01-31,70
2044,ORD_01014,WH_A,2026-02-27,2026-03-02,2026-03-01,2
2045,ORD_01929,WH_D,2026-03-10,2026-03-12,2026-03-15,21
2046,ORD_01402,WH_B,2026-01-15,2026-01-17,2026-01-19,10
2047,ORD_01823,WH_D,2026-03-14,2026-03-17,2026-03-20,19
2048,ORD_02260,WH_D,2026-03-29,2026-03-31,2026-04-02,25
2049,ORD_00127,WH_E,2026-01-21,2026-01-26,2026-01-26,64
2050,ORD_02104,WH_E,2026-03-23,2026-03-24,2026-03-26,85
2051,ORD_01348,WH_C,2026-03-23,2026-03-27,2026-03-28,21
2052,ORD_00356,WH_D,2026-02-03,2026-02-05,2026-02-09,46
2053,ORD_00828,WH_C,2026-03-26,2026-03-30,2026-03-30,12
2054,ORD_01640,WH_E,2026-02-09,2026-02-14,2026-02-15,100
2055,ORD_00985,WH_E,2026-03-05,2026-03-10,2026-03-13,24
2056,ORD_00363,WH_D,2026-01-29,2026-01-31,2026-01-30,20
2057,ORD_00346,WH_D,2026-01-19,2026-01-20,2026-01-22,45
2058,ORD_02555,WH_A,2026-01-16,2026-01-18,2026-01-18,4
2059,ORD_00712,WH_D,2026-03-22,2026-03-25,2026-03-25,43
2060,ORD_02074,WH_E,2026-01-16,2026-01-18,2026-01-18,20
2061,ORD_00011,WH_A,2026-03-21,2026-03-23,2026-03-22,3
2062,ORD_02429,WH_C,2026-02-26,2026-03-02,2026-03-04,5
2063,ORD_01835,WH_E,2026-01-18,2026-01-19,2026-01-19,69
2064,ORD_00794,WH_D,2026-01-10,2026-01-13,2026-01-12,21
2065,ORD_02780,WH_C,2026-03-12,2026-03-15,2026-03-14,10
2066,ORD_00095,WH_E,2026-01-20,2026-01-22,2026-01-22,96
2067,ORD_00130,WH_D,2026-01-25,2026-01-28,2026-01-28,24
2069,ORD_01901,WH_D,2026-02-27,2026-03-01,2026-03-04,11
2070,ORD_02408,WH_C,2026-02-12,2026-02-15,2026-02-15,19
2071,ORD_01933,WH_D,2026-02-22,2026-02-25,2026-02-25,13
2072,ORD_02855,WH_B,2026-01-11,2026-01-15,2026-01-17,8
2073,ORD_01866,WH_E,2026-03-28,2026-03-30,2026-04-02,30
2074,ORD_01659,WH_C,2026-03-16,2026-03-19,2026-03-19,12
2075,ORD_00517,WH_C,2026-02-07,2026-02-10,2026-02-12,12
2076,ORD_01858,WH_D,2026-02-05,2026-02-10,2026-02-10,28
2077,ORD_01278,WH_E,2026-02-01,2026-02-06,2026-02-09,26
2078,ORD_00951,WH_D,2026-02-21,2026-02-24,2026-02-24,22
2079,ORD_01121,WH_E,2026-03-10,2026-03-13,2026-03-13,88
2080,ORD_00420,WH_E,2026-01-06,2026-01-09,2026-01-14,29
2081,ORD_00923,WH_E,2026-01-28,2026-02-02,2026-02-01,62
2082,ORD_02212,WH_E,2026-01-11,2026-01-13,2026-01-14,79
2083,ORD_00478,WH_D,2026-01-16,2026-01-19,2026-01-20,39
2084,ORD_02036,WH_C,2026-03-17,2026-03-20,2026-03-20,10
2085,ORD_02190,WH_E,2026-01-09,2026-01-14,2026-01-14,81
2086,ORD_01693,WH_C,2026-01-04,2026-01-07,2026-01-09,14
2087,ORD_02357,WH_E,2026-03-02,2026-03-06,2026-03-07,56
2088,ORD_01472,WH_E,2026-02-22,2026-02-25,2026-02-24,92
2089,ORD_01203,WH_A,2026-03-05,2026-03-08,2026-03-08,5
2090,ORD_01670,WH_E,2026-03-08,2026-03-11,2026-03-11,42
2091,ORD_02789,WH_E,2026-02-14,2026-02-17,2026-02-17,71
2092,ORD_01971,WH_A,2026-01-15,2026-01-16,2026-01-16,6
2093,ORD_00821,WH_E,2026-01-13,2026-01-15,2026-01-15,82
2094,ORD_01998,WH_A,2026-01-18,2026-01-21,2026-01-20,2
2095,ORD_02883,WH_C,2026-02-10,2026-02-15,2026-02-15,8
2096,ORD_01249,WH_E,2026-01-31,2026-02-05,2026-02-05,61
2097,ORD_02675,WH_E,2026-03-30,2026-04-01,2026-04-01,63
2098,ORD_02628,WH_E,2026-02-03,2026-02-06,2026-02-07,51
2099,ORD_01047,WH_C,2026-01-26,2026-01-28,2026-01-28,23
2100,ORD_01889,WH_E,2026-01-15,2026-01-19,2026-01-19,36
2101,ORD_00616,WH_E,2026-03-15,2026-03-18,2026-03-23,54
2102,ORD_01319,WH_B,2026-02-16,2026-02-20,2026-02-20,9
2103,ORD_02899,WH_D,2026-01-19,2026-01-20,2026-01-20,49
2104,ORD_02473,WH_E,2026-03-20,2026-03-24,2026-03-26,35
2105,ORD_01773,WH_E,2026-01-26,2026-01-27,2026-01-27,28
2106,ORD_02967,WH_E,2026-03-15,2026-03-18,2026-03-18,85
2107,ORD_00132,WH_C,2026-03-06,2026-03-08,2026-03-08,21
2108,ORD_00078,WH_A,2026-01-10,2026-01-14,2026-01-14,3
2109,ORD_02053,WH_B,2026-02-25,2026-03-01,2026-03-01,2
2110,ORD_00725,WH_D,2026-02-22,2026-02-24,2026-02-27,18
2111,ORD_01315,WH_D,2026-03-14,2026-03-17,2026-03-18,12
2112,ORD_01852,WH_E,2026-01-30,2026-02-01,2026-02-06,64
2113,ORD_02309,WH_B,2026-03-02,2026-03-04,2026-03-04,7
2114,ORD_02499,WH_E,2026-02-20,2026-02-24,2026-02-24,21
2116,ORD_01856,WH_C,2026-03-07,2026-03-10,2026-03-09,19
2117,ORD_01320,WH_A,2026-03-10,2026-03-13,2026-03-13,7
2118,ORD_02971,WH_C,2026-01-26,2026-01-31,2026-01-31,15
2119,ORD_02184,WH_C,2026-03-14,2026-03-15,2026-03-15,9
2120,ORD_00376,WH_C,2026-02-18,2026-02-22,2026-02-22,11
2121,ORD_01909,WH_C,2026-01-22,2026-01-23,2026-01-23,18
2122,ORD_00334,WH_B,2026-03-19,2026-03-22,2026-03-22,7
2123,ORD_02264,WH_D,2026-02-24,2026-02-27,2026-02-27,32
2124,ORD_02314,WH_E,2026-01-21,2026-01-24,2026-01-25,55
2125,ORD_01605,WH_A,2026-02-28,2026-03-02,2026-03-01,5
2126,ORD_01119,WH_C,2026-02-25,2026-02-26,2026-02-26,5
2127,ORD_02879,WH_D,2026-01-10,2026-01-12,2026-01-11,26
2128,ORD_01944,WH_E,2026-03-20,2026-03-23,2026-03-23,65
2129,ORD_02274,WH_E,2026-03-30,2026-04-03,2026-04-02,81
2130,ORD_02535,WH_E,2026-03-30,2026-04-01,2026-04-01,80
2131,ORD_01343,WH_E,2026-03-05,2026-03-06,2026-03-06,55
2132,ORD_00321,WH_D,2026-01-22,2026-01-26,2026-01-26,23
2133,ORD_01620,WH_E,2026-02-01,2026-02-05,2026-02-05,87
2134,ORD_02460,WH_D,2026-03-28,2026-04-01,2026-04-01,12
2135,ORD_02061,WH_A,2026-01-19,2026-01-24,2026-01-24,1
2136,ORD_01674,WH_E,2026-01-01,2026-01-04,2026-01-03,42
2137,ORD_01943,WH_E,2026-01-29,2026-01-31,2026-02-02,26
2138,ORD_00261,WH_D,2026-02-04,2026-02-05,2026-02-05,35
2139,ORD_02367,WH_B,2026-03-11,2026-03-15,2026-03-16,2
2140,ORD_02040,WH_C,2026-01-19,2026-01-20,2026-01-23,23
2141,ORD_00690,WH_B,2026-02-25,2026-02-26,2026-02-26,9
2142,ORD_00902,WH_A,2026-01-20,2026-01-22,2026-01-26,5
2143,ORD_02027,WH_E,2026-01-25,2026-01-30,2026-02-02,29
2144,ORD_00139,WH_C,2026-03-24,2026-03-27,2026-03-27,17
2145,ORD_01918,WH_D,2026-01-16,2026-01-20,2026-01-20,18
2146,ORD_01829,WH_E,2026-02-05,2026-02-08,2026-02-07,71
2147,ORD_01574,WH_E,2026-03-25,2026-03-26,2026-03-30,30
2148,ORD_00320,WH_C,2026-01-18,2026-01-19,2026-01-21,19
2149,ORD_00654,WH_E,2026-02-13,2026-02-18,2026-02-18,27
2150,ORD_02138,WH_E,2026-03-16,2026-03-19,2026-03-21,77
2151,ORD_02335,WH_B,2026-01-01,2026-01-06,2026-01-05,5
2152,ORD_00559,WH_E,2026-02-25,2026-03-01,2026-03-06,56
2153,ORD_00113,WH_E,2026-01-02,2026-01-05,2026-01-04,39
2154,ORD_00532,WH_E,2026-03-20,2026-03-22,2026-03-22,44
2155,ORD_00225,WH_C,2026-02-09,2026-02-12,2026-02-12,11
2156,ORD_00724,WH_E,2026-01-27,2026-01-31,2026-01-31,35
2157,ORD_02441,WH_D,2026-03-12,2026-03-14,2026-03-14,33
2158,ORD_02584,WH_D,2026-03-22,2026-03-26,2026-03-26,47
2159,ORD_01434,WH_E,2026-02-21,2026-02-23,2026-02-25,78
2160,ORD_02342,WH_A,2026-02-11,2026-02-15,2026-02-14,6
2161,ORD_01459,WH_C,2026-03-18,2026-03-21,2026-03-25,17
2162,ORD_02716,WH_C,2026-02-14,2026-02-18,2026-02-17,14
2163,ORD_00847,WH_B,2026-03-30,2026-04-02,2026-04-02,8
2164,ORD_00194,WH_D,2026-03-23,2026-03-26,2026-03-26,17
2165,ORD_01465,WH_E,2026-01-31,2026-02-03,2026-02-05,69
2166,ORD_00947,WH_B,2026-02-21,2026-02-23,2026-02-23,8
2167,ORD_02022,WH_D,2026-01-24,2026-01-29,2026-01-29,16
2168,ORD_01630,WH_D,2026-03-19,2026-03-22,2026-03-21,45
2169,ORD_00118,WH_B,2026-01-26,2026-01-29,2026-02-01,11
2170,ORD_00646,WH_E,2026-01-18,2026-01-22,2026-01-22,76
2171,ORD_01871,WH_E,2026-03-13,2026-03-16,2026-03-16,44
2172,ORD_00004,WH_D,2026-03-19,2026-03-21,2026-03-21,30
2173,ORD_00075,WH_E,2026-03-17,2026-03-19,2026-03-19,37
2174,ORD_01756,WH_E,2026-03-29,2026-03-31,2026-04-04,37
2175,ORD_00468,WH_E,2026-03-05,2026-03-07,2026-03-07,85
2176,ORD_00006,WH_B,2026-03-08,2026-03-12,2026-03-11,9
2177,ORD_01247,WH_B,2026-01-28,2026-01-31,2026-01-31,4
2178,ORD_00920,WH_B,2026-02-28,2026-03-01,2026-03-01,5
2179,ORD_00229,WH_E,2026-01-18,2026-01-20,2026-01-20,51
2180,ORD_01064,WH_D,2026-01-26,2026-01-29,2026-01-31,49
2181,ORD_00243,WH_E,2026-03-20,2026-03-24,2026-03-29,77
2182,ORD_02292,WH_C,2026-01-06,2026-01-09,2026-01-10,16
2183,ORD_01161,WH_E,2026-02-07,2026-02-12,2026-02-12,81
2184,ORD_02527,WH_C,2026-03-06,2026-03-11,2026-03-11,21
2185,ORD_01527,WH_C,2026-01-25,2026-01-28,2026-01-29,21
2186,ORD_01606,WH_D,2026-03-10,2026-03-11,2026-03-11,45
2187,ORD_02799,WH_E,2026-01-30,2026-02-03,2026-02-06,66
2188,ORD_02340,WH_D,2026-02-10,2026-02-14,2026-02-14,50
2189,ORD_02733,WH_A,2026-03-31,2026-04-04,2026-04-04,5
2190,ORD_01990,WH_E,2026-02-10,2026-02-12,2026-02-11,20
2191,ORD_02365,WH_D,2026-03-20,2026-03-23,2026-03-23,49
2192,ORD_01976,WH_E,2026-02-13,2026-02-14,2026-02-14,73
2193,ORD_01762,WH_E,2026-01-04,2026-01-07,2026-01-06,78
2194,ORD_01306,WH_E,2026-01-11,2026-01-13,2026-01-14,60
2195,ORD_01542,WH_B,2026-03-21,2026-03-23,2026-03-22,4
2196,ORD_00623,WH_C,2026-03-28,2026-03-30,2026-04-01,19
2197,ORD_02326,WH_E,2026-01-29,2026-02-02,2026-02-03,86
2198,ORD_01494,WH_A,2026-02-19,2026-02-21,2026-02-21,4
2199,ORD_00111,WH_C,2026-02-28,2026-03-02,2026-03-03,11
2200,ORD_02277,WH_E,2026-03-13,2026-03-15,2026-03-19,39
2201,ORD_01170,WH_C,2026-01-17,2026-01-21,2026-01-25,15
2202,ORD_02474,WH_E,2026-01-18,2026-01-21,2026-01-21,40
2203,ORD_00233,WH_D,2026-02-27,2026-03-02,2026-03-02,21
2204,ORD_00067,WH_B,2026-02-10,2026-02-12,2026-02-14,4
2205,ORD_02722,WH_E,2026-01-29,2026-01-31,2026-01-31,77
2206,ORD_02073,WH_C,2026-01-22,2026-01-24,2026-01-24,16
2207,ORD_02193,WH_E,2026-03-22,2026-03-24,2026-03-24,34
2208,ORD_00537,WH_E,2026-03-29,2026-04-03,2026-04-03,26
2209,ORD_00126,WH_D,2026-02-17,2026-02-19,2026-02-18,23
2210,ORD_02134,WH_D,2026-03-16,2026-03-19,2026-03-19,30
2211,ORD_01255,WH_E,2026-01-31,2026-02-03,2026-02-02,85
2212,ORD_02497,WH_D,2026-03-17,2026-03-21,2026-03-21,34
2213,ORD_01977,WH_C,2026-01-01,2026-01-04,2026-01-04,8
2214,ORD_02475,WH_D,2026-01-23,2026-01-27,2026-01-27,22
2215,ORD_02339,WH_B,2026-03-28,2026-03-30,2026-04-01,9
2216,ORD_02076,WH_E,2026-02-04,2026-02-07,2026-02-07,64
2217,ORD_00485,WH_D,2026-03-27,2026-04-01,2026-04-01,23
2218,ORD_01655,WH_B,2026-01-01,2026-01-06,2026-01-06,12
2219,ORD_02885,WH_A,2026-01-17,2026-01-20,2026-01-19,7
2220,ORD_02705,WH_E,2026-03-26,2026-03-29,2026-03-29,71
2221,ORD_02418,WH_A,2026-03-30,2026-04-01,2026-04-01,4
2222,ORD_01775,WH_E,2026-02-23,2026-02-27,2026-02-27,91
2223,ORD_00919,WH_E,2026-03-31,2026-04-02,2026-04-02,82
2224,ORD_01647,WH_B,2026-03-11,2026-03-13,2026-03-13,4
2225,ORD_01027,WH_E,2026-03-04,2026-03-07,2026-03-08,39
2226,ORD_01031,WH_A,2026-03-21,2026-03-24,2026-03-25,1
2227,ORD_00883,WH_A,2026-02-28,2026-03-05,2026-03-05,3
2228,ORD_01336,WH_E,2026-01-11,2026-01-13,2026-01-12,45
2229,ORD_02235,WH_E,2026-03-10,2026-03-13,2026-03-18,74
2230,ORD_00365,WH_E,2026-03-29,2026-04-03,2026-04-05,56
2231,ORD_02126,WH_E,2026-01-17,2026-01-20,2026-01-22,89
2232,ORD_00028,WH_D,2026-03-03,2026-03-06,2026-03-06,13
2233,ORD_00474,WH_E,2026-01-06,2026-01-07,2026-01-07,91
2234,ORD_00526,WH_D,2026-01-13,2026-01-16,2026-01-17,16
2235,ORD_00726,WH_E,2026-03-28,2026-03-31,2026-04-03,41
2236,ORD_00056,WH_E,2026-03-31,2026-04-03,2026-04-03,75
2237,ORD_00639,WH_C,2026-02-07,2026-02-10,2026-02-09,21
2238,ORD_00303,WH_D,2026-03-08,2026-03-10,2026-03-11,26
2239,ORD_02622,WH_E,2026-01-26,2026-01-28,2026-01-28,84
2240,ORD_01277,WH_C,2026-01-06,2026-01-09,2026-01-10,23
2241,ORD_02650,WH_D,2026-03-01,2026-03-04,2026-03-04,30
2242,ORD_00625,WH_D,2026-01-11,2026-01-13,2026-01-17,31
2243,ORD_02056,WH_E,2026-03-17,2026-03-20,2026-03-20,25
2244,ORD_01281,WH_D,2026-02-09,2026-02-12,2026-02-12,30
2245,ORD_01050,WH_A,2026-01-10,2026-01-13,2026-01-13,4
2246,ORD_00337,WH_E,2026-01-19,2026-01-22,2026-01-22,59
2247,ORD_00048,WH_D,2026-01-20,2026-01-22,2026-01-25,36
2248,ORD_00107,WH_D,2026-01-10,2026-01-12,2026-01-11,39
2249,ORD_01080,WH_E,2026-01-03,2026-01-05,2026-01-06,34
2250,ORD_01145,WH_C,2026-02-21,2026-02-23,2026-02-22,10
2251,ORD_02399,WH_D,2026-03-30,2026-04-03,2026-04-03,38
2252,ORD_01837,WH_B,2026-01-29,2026-02-02,2026-02-02,3
2253,ORD_01754,WH_C,2026-02-15,2026-02-19,2026-02-19,14
2254,ORD_01102,WH_E,2026-01-21,2026-01-25,2026-01-25,85
2255,ORD_01969,WH_C,2026-03-18,2026-03-22,2026-03-22,14
2256,ORD_00524,WH_E,2026-01-28,2026-02-01,2026-01-31,67
2257,ORD_01429,WH_D,2026-02-03,2026-02-04,2026-02-04,13
2258,ORD_02621,WH_E,2026-01-29,2026-02-02,2026-02-01,20
2259,ORD_00604,WH_B,2026-03-21,2026-03-24,2026-03-24,11
2260,ORD_01490,WH_D,2026-03-26,2026-03-31,2026-03-31,24
2261,ORD_02966,WH_E,2026-01-27,2026-01-29,2026-02-01,27
2262,ORD_00061,WH_C,2026-03-07,2026-03-12,2026-03-12,23
2263,ORD_02764,WH_D,2026-03-02,2026-03-04,2026-03-07,13
2264,ORD_00672,WH_E,2026-03-27,2026-04-01,2026-04-02,94
2265,ORD_00093,WH_E,2026-02-10,2026-02-15,2026-02-18,34
2266,ORD_00667,WH_C,2026-01-04,2026-01-06,2026-01-05,20
2267,ORD_01888,WH_C,2026-03-03,2026-03-06,2026-03-05,22
2268,ORD_00281,WH_E,2026-02-24,2026-02-27,2026-03-01,50
2269,ORD_01720,WH_C,2026-02-08,2026-02-13,2026-02-13,22
2270,ORD_00360,WH_D,2026-02-18,2026-02-19,2026-02-22,41
2271,ORD_00900,WH_B,2026-02-11,2026-02-13,2026-02-13,4
2272,ORD_01936,WH_E,2026-02-08,2026-02-09,2026-02-09,26
2273,ORD_01995,WH_E,2026-03-10,2026-03-12,2026-03-12,70
2274,ORD_02994,WH_C,2026-02-13,2026-02-16,2026-02-15,8
2275,ORD_00761,WH_B,2026-02-09,2026-02-11,2026-02-11,8
2276,ORD_02159,WH_D,2026-01-25,2026-01-28,2026-01-28,19
2277,ORD_02637,WH_E,2026-03-23,2026-03-26,2026-03-26,89
2278,ORD_00043,WH_A,2026-03-28,2026-03-31,2026-03-31,4
2279,ORD_02174,WH_E,2026-01-21,2026-01-25,2026-01-27,45
2280,ORD_00205,WH_D,2026-01-08,2026-01-13,2026-01-14,44
2282,ORD_02101,WH_E,2026-01-23,2026-01-28,2026-01-27,94
2283,ORD_00069,WH_A,2026-03-23,2026-03-26,2026-03-26,3
2284,ORD_01876,WH_D,2026-01-30,2026-02-02,2026-02-01,47
2285,ORD_03000,WH_E,2026-01-11,2026-01-14,2026-01-15,71
2286,ORD_02232,WH_A,2026-03-19,2026-03-22,2026-03-22,8
2287,ORD_00138,WH_E,2026-02-05,2026-02-09,2026-02-14,70
2288,ORD_00797,WH_E,2026-02-13,2026-02-16,2026-02-21,92
2289,ORD_02181,WH_C,2026-01-18,2026-01-20,2026-01-20,14
2290,ORD_02129,WH_E,2026-03-07,2026-03-09,2026-03-09,67
2291,ORD_00759,WH_E,2026-01-03,2026-01-08,2026-01-08,20
2292,ORD_00542,WH_D,2026-01-28,2026-01-31,2026-02-02,50
2293,ORD_01020,WH_A,2026-02-25,2026-02-28,2026-03-01,1
2294,ORD_02672,WH_C,2026-03-12,2026-03-15,2026-03-15,24
2295,ORD_00166,WH_E,2026-02-12,2026-02-14,2026-02-18,60
2296,ORD_00249,WH_E,2026-01-01,2026-01-03,2026-01-03,60
2297,ORD_01332,WH_E,2026-03-19,2026-03-23,2026-03-22,46
2298,ORD_02018,WH_E,2026-01-26,2026-01-27,2026-01-31,68
2299,ORD_00447,WH_E,2026-03-16,2026-03-19,2026-03-19,70
2300,ORD_01359,WH_C,2026-02-17,2026-02-19,2026-02-19,25
2301,ORD_02146,WH_E,2026-03-05,2026-03-08,2026-03-12,62
2302,ORD_01330,WH_D,2026-02-10,2026-02-14,2026-02-14,14
2303,ORD_02925,WH_C,2026-03-27,2026-03-31,2026-03-31,13
2304,ORD_02151,WH_C,2026-01-25,2026-01-29,2026-01-28,25
2305,ORD_00435,WH_B,2026-03-08,2026-03-12,2026-03-12,3
2306,ORD_02123,WH_E,2026-02-18,2026-02-22,2026-02-21,86
2307,ORD_00578,WH_E,2026-03-15,2026-03-17,2026-03-20,94
2308,ORD_02404,WH_C,2026-01-22,2026-01-27,2026-01-26,9
2309,ORD_02756,WH_C,2026-01-26,2026-01-29,2026-01-30,23
2310,ORD_01849,WH_E,2026-02-17,2026-02-19,2026-02-21,81
2311,ORD_00763,WH_C,2026-02-09,2026-02-12,2026-02-12,14
2312,ORD_00389,WH_E,2026-01-25,2026-01-27,2026-01-26,54
2313,ORD_00236,WH_E,2026-01-04,2026-01-09,2026-01-11,52
2314,ORD_02619,WH_E,2026-03-21,2026-03-25,2026-03-25,99
2315,ORD_01985,WH_B,2026-03-30,2026-03-31,2026-04-03,10
2316,ORD_00268,WH_E,2026-01-27,2026-01-31,2026-01-31,68
2317,ORD_00771,WH_B,2026-01-10,2026-01-14,2026-01-13,8
2318,ORD_02166,WH_E,2026-02-03,2026-02-04,2026-02-04,90
2319,ORD_00438,WH_E,2026-02-23,2026-02-26,2026-02-27,95
2320,ORD_00674,WH_D,2026-03-22,2026-03-24,2026-03-24,21
2321,ORD_00250,WH_E,2026-02-07,2026-02-08,2026-02-08,64
2322,ORD_02202,WH_B,2026-01-02,2026-01-05,2026-01-05,10
2323,ORD_01575,WH_C,2026-01-24,2026-01-27,2026-01-27,5
2324,ORD_02143,WH_E,2026-01-24,2026-01-28,2026-02-02,20
2325,ORD_02082,WH_A,2026-03-27,2026-03-29,2026-03-29,2
2326,ORD_02632,WH_E,2026-03-12,2026-03-15,2026-03-18,61
2327,ORD_02582,WH_E,2026-01-10,2026-01-14,2026-01-14,86
2328,ORD_02754,WH_C,2026-02-18,2026-02-21,2026-02-21,15
2329,ORD_00449,WH_C,2026-01-02,2026-01-07,2026-01-07,8
2330,ORD_01470,WH_E,2026-01-31,2026-02-05,2026-02-04,55
2331,ORD_00717,WH_E,2026-03-03,2026-03-07,2026-03-06,56
2332,ORD_02411,WH_E,2026-02-27,2026-03-01,2026-03-02,49
2333,ORD_02629,WH_D,2026-02-10,2026-02-14,2026-02-14,42
2334,ORD_02049,WH_D,2026-02-20,2026-02-24,2026-02-24,37
2335,ORD_01902,WH_A,2026-02-02,2026-02-03,2026-02-03,8
2336,ORD_01169,WH_A,2026-01-13,2026-01-16,2026-01-16,8
2337,ORD_00083,WH_C,2026-01-24,2026-01-27,2026-01-27,9
2338,ORD_02437,WH_C,2026-02-24,2026-02-27,2026-02-27,11
2339,ORD_01461,WH_C,2026-01-09,2026-01-13,2026-01-13,12
2340,ORD_01894,WH_C,2026-01-18,2026-01-21,2026-01-24,10
2341,ORD_01669,WH_B,2026-02-15,2026-02-17,2026-02-17,2
2342,ORD_02001,WH_C,2026-02-12,2026-02-16,2026-02-15,20
2343,ORD_00476,WH_E,2026-02-27,2026-03-03,2026-03-05,92
2344,ORD_00518,WH_E,2026-03-08,2026-03-11,2026-03-11,38
2345,ORD_00405,WH_C,2026-02-10,2026-02-12,2026-02-12,25
2346,ORD_00385,WH_E,2026-01-29,2026-01-30,2026-01-31,67
2347,ORD_02471,WH_C,2026-02-11,2026-02-15,2026-02-15,23
2348,ORD_02153,WH_E,2026-02-18,2026-02-22,2026-02-21,27
2349,ORD_01634,WH_E,2026-01-17,2026-01-20,2026-01-20,26
2350,ORD_02874,WH_D,2026-03-13,2026-03-16,2026-03-16,37
2351,ORD_00689,WH_E,2026-01-28,2026-01-30,2026-01-30,78
2352,ORD_01241,WH_E,2026-03-21,2026-03-26,2026-03-26,43
2353,ORD_00063,WH_E,2026-02-27,2026-03-03,2026-03-03,23
2354,ORD_00853,WH_C,2026-03-18,2026-03-20,2026-03-19,25
2355,ORD_02766,WH_E,2026-03-03,2026-03-07,2026-03-08,63
2356,ORD_02489,WH_D,2026-02-18,2026-02-20,2026-02-22,42
2357,ORD_01263,WH_C,2026-01-30,2026-02-01,2026-02-06,23
2358,ORD_00224,WH_C,2026-03-01,2026-03-05,2026-03-05,15
2359,ORD_02194,WH_D,2026-01-16,2026-01-19,2026-01-19,23
2360,ORD_00374,WH_E,2026-01-07,2026-01-12,2026-01-11,67
2361,ORD_01825,WH_D,2026-02-04,2026-02-05,2026-02-06,40
2362,ORD_02550,WH_A,2026-03-06,2026-03-08,2026-03-08,3
2363,ORD_02884,WH_A,2026-01-10,2026-01-13,2026-01-13,6
2364,ORD_02611,WH_E,2026-02-26,2026-02-27,2026-02-28,78
2365,ORD_02699,WH_E,2026-03-22,2026-03-25,2026-03-25,83
2366,ORD_00010,WH_E,2026-03-23,2026-03-25,2026-03-25,41
2367,ORD_01945,WH_E,2026-02-04,2026-02-06,2026-02-05,76
2368,ORD_01839,WH_E,2026-02-16,2026-02-20,2026-02-22,27
2369,ORD_00709,WH_C,2026-02-09,2026-02-13,2026-02-13,25
2370,ORD_00256,WH_D,2026-03-12,2026-03-13,2026-03-17,18
2371,ORD_01618,WH_E,2026-03-12,2026-03-13,2026-03-12,100
2372,ORD_00390,WH_E,2026-02-23,2026-02-26,2026-02-26,43
2373,ORD_01582,WH_C,2026-02-03,2026-02-07,2026-02-07,5
2374,ORD_00925,WH_D,2026-03-02,2026-03-03,2026-03-03,30
2375,ORD_02037,WH_B,2026-03-18,2026-03-21,2026-03-23,9
2376,ORD_02416,WH_E,2026-01-06,2026-01-10,2026-01-13,45
2377,ORD_01225,WH_D,2026-03-02,2026-03-05,2026-03-04,49
2378,ORD_01947,WH_D,2026-01-12,2026-01-16,2026-01-16,19
2379,ORD_00740,WH_C,2026-02-18,2026-02-21,2026-02-21,17
2380,ORD_00041,WH_B,2026-01-07,2026-01-09,2026-01-09,7
2381,ORD_00869,WH_E,2026-01-28,2026-01-31,2026-02-03,34
2382,ORD_00540,WH_B,2026-03-17,2026-03-21,2026-03-21,2
2383,ORD_02524,WH_C,2026-01-29,2026-02-02,2026-02-02,9
2384,ORD_01372,WH_B,2026-01-07,2026-01-10,2026-01-10,9
2385,ORD_01146,WH_E,2026-03-30,2026-04-02,2026-04-05,86
2386,ORD_01032,WH_D,2026-01-04,2026-01-07,2026-01-07,13
2387,ORD_00373,WH_B,2026-03-08,2026-03-12,2026-03-12,11
2388,ORD_00668,WH_B,2026-03-06,2026-03-09,2026-03-08,8
2389,ORD_00358,WH_D,2026-03-18,2026-03-19,2026-03-19,47
2390,ORD_00968,WH_C,2026-01-12,2026-01-16,2026-01-16,6
2391,ORD_01354,WH_E,2026-03-31,2026-04-05,2026-04-05,48
2392,ORD_01036,WH_E,2026-01-16,2026-01-20,2026-01-22,45
2393,ORD_00471,WH_A,2026-02-28,2026-03-03,2026-03-03,4
2394,ORD_01397,WH_D,2026-03-12,2026-03-14,2026-03-14,47
2395,ORD_02635,WH_E,2026-02-01,2026-02-06,2026-02-06,76
2396,ORD_01550,WH_D,2026-03-14,2026-03-18,2026-03-19,34
2397,ORD_01257,WH_C,2026-02-14,2026-02-18,2026-02-19,11
2398,ORD_02095,WH_C,2026-03-18,2026-03-23,2026-03-23,21
2399,ORD_01556,WH_C,2026-01-20,2026-01-22,2026-01-22,23
2400,ORD_02603,WH_E,2026-03-20,2026-03-23,2026-03-27,87
2401,ORD_01251,WH_E,2026-01-08,2026-01-10,2026-01-10,54
2402,ORD_01700,WH_D,2026-02-26,2026-03-01,2026-03-01,20
2403,ORD_01253,WH_B,2026-01-15,2026-01-20,2026-01-20,10
2404,ORD_02795,WH_D,2026-01-26,2026-01-29,2026-01-29,12
2405,ORD_00080,WH_B,2026-02-04,2026-02-07,2026-02-07,12
2406,ORD_01173,WH_D,2026-03-19,2026-03-22,2026-03-25,16
2407,ORD_00815,WH_E,2026-01-17,2026-01-22,2026-01-21,100
2408,ORD_01853,WH_E,2026-01-30,2026-02-04,2026-02-05,72
2409,ORD_02221,WH_E,2026-02-21,2026-02-24,2026-02-24,43
2410,ORD_02643,WH_E,2026-02-21,2026-02-25,2026-02-25,95
2411,ORD_02106,WH_C,2026-02-16,2026-02-20,2026-02-22,25
2412,ORD_00134,WH_C,2026-03-09,2026-03-13,2026-03-13,18
2413,ORD_01141,WH_E,2026-03-26,2026-03-29,2026-04-01,59
2414,ORD_00934,WH_D,2026-02-12,2026-02-15,2026-02-15,37
2415,ORD_00929,WH_D,2026-01-17,2026-01-21,2026-01-24,25
2416,ORD_00824,WH_C,2026-01-09,2026-01-12,2026-01-12,20
2417,ORD_01532,WH_D,2026-03-18,2026-03-20,2026-03-20,47
2418,ORD_01215,WH_E,2026-02-04,2026-02-07,2026-02-07,52
2419,ORD_00505,WH_E,2026-03-20,2026-03-23,2026-03-25,42
2420,ORD_02980,WH_E,2026-03-12,2026-03-14,2026-03-15,20
2421,ORD_02396,WH_C,2026-01-02,2026-01-04,2026-01-06,18
2422,ORD_01997,WH_E,2026-01-25,2026-01-28,2026-01-28,38
2423,ORD_01959,WH_D,2026-03-08,2026-03-10,2026-03-12,22
2424,ORD_01385,WH_E,2026-03-10,2026-03-13,2026-03-15,94
2425,ORD_00895,WH_E,2026-03-25,2026-03-28,2026-03-29,36
2426,ORD_00829,WH_E,2026-03-23,2026-03-27,2026-03-30,48
2427,ORD_02935,WH_E,2026-01-26,2026-01-28,2026-01-31,62
2428,ORD_01684,WH_E,2026-01-03,2026-01-05,2026-01-05,70
2429,ORD_02588,WH_E,2026-02-01,2026-02-05,2026-02-05,73
2430,ORD_02572,WH_E,2026-03-20,2026-03-22,2026-03-22,44
2431,ORD_02526,WH_C,2026-02-11,2026-02-15,2026-02-17,21
2432,ORD_00653,WH_D,2026-01-21,2026-01-24,2026-01-27,24
2433,ORD_00173,WH_D,2026-01-23,2026-01-25,2026-01-25,36
2434,ORD_00039,WH_E,2026-03-25,2026-03-29,2026-03-30,99
2435,ORD_02875,WH_E,2026-03-29,2026-03-31,2026-03-31,78
2436,ORD_00714,WH_D,2026-02-24,2026-02-27,2026-03-03,19
2437,ORD_00091,WH_B,2026-01-29,2026-01-31,2026-01-31,4
2438,ORD_02970,WH_D,2026-02-01,2026-02-06,2026-02-06,15
2439,ORD_01206,WH_E,2026-01-17,2026-01-19,2026-01-21,38
2440,ORD_02769,WH_D,2026-01-25,2026-01-27,2026-01-27,20
2441,ORD_01828,WH_E,2026-03-24,2026-03-27,2026-03-29,70
2442,ORD_01156,WH_E,2026-02-11,2026-02-16,2026-02-18,32
2443,ORD_01325,WH_E,2026-01-28,2026-01-29,2026-01-30,80
2444,ORD_00217,WH_C,2026-03-23,2026-03-26,2026-03-26,6
2445,ORD_00511,WH_D,2026-01-12,2026-01-14,2026-01-14,46
2446,ORD_01681,WH_C,2026-01-29,2026-02-01,2026-02-01,19
2447,ORD_00500,WH_E,2026-01-02,2026-01-07,2026-01-06,83
2448,ORD_02624,WH_E,2026-03-20,2026-03-23,2026-03-23,79
2449,ORD_01857,WH_E,2026-01-12,2026-01-15,2026-01-17,76
2450,ORD_01389,WH_E,2026-01-28,2026-01-30,2026-01-30,97
2451,ORD_01520,WH_E,2026-01-02,2026-01-06,2026-01-07,34
2452,ORD_02387,WH_C,2026-03-23,2026-03-26,2026-03-26,12
2453,ORD_02736,WH_E,2026-03-30,2026-04-03,2026-04-03,98
2454,ORD_02077,WH_C,2026-03-01,2026-03-04,2026-03-03,5
2455,ORD_01541,WH_E,2026-02-10,2026-02-13,2026-02-13,45
2456,ORD_01218,WH_E,2026-01-19,2026-01-21,2026-01-23,48
2457,ORD_01417,WH_A,2026-03-04,2026-03-08,2026-03-08,8
2458,ORD_02218,WH_C,2026-02-06,2026-02-09,2026-02-10,21
2459,ORD_02532,WH_E,2026-02-07,2026-02-12,2026-02-11,26
2460,ORD_01677,WH_B,2026-01-29,2026-02-02,2026-02-02,9
2461,ORD_01198,WH_E,2026-03-31,2026-04-01,2026-04-01,97
2462,ORD_01543,WH_D,2026-02-03,2026-02-06,2026-02-07,45
2463,ORD_00954,WH_E,2026-01-01,2026-01-05,2026-01-06,35
2464,ORD_00751,WH_B,2026-01-20,2026-01-23,2026-01-23,11
2465,ORD_00235,WH_B,2026-03-18,2026-03-21,2026-03-21,2
2466,ORD_00733,WH_E,2026-03-22,2026-03-25,2026-03-25,34
2468,ORD_01157,WH_B,2026-01-21,2026-01-22,2026-01-21,6
2469,ORD_02587,WH_A,2026-01-22,2026-01-25,2026-01-25,8
2470,ORD_02446,WH_C,2026-01-04,2026-01-06,2026-01-05,10
2471,ORD_01210,WH_E,2026-01-07,2026-01-08,2026-01-08,43
2472,ORD_01066,WH_E,2026-02-03,2026-02-07,2026-02-08,53
2473,ORD_02157,WH_B,2026-01-23,2026-01-24,2026-01-27,5
2474,ORD_01063,WH_E,2026-02-13,2026-02-15,2026-02-15,74
2475,ORD_01168,WH_D,2026-03-31,2026-04-03,2026-04-03,18
2476,ORD_01493,WH_C,2026-01-26,2026-01-31,2026-02-02,16
2477,ORD_02487,WH_D,2026-03-06,2026-03-10,2026-03-10,21
2478,ORD_00885,WH_E,2026-02-18,2026-02-22,2026-02-24,71
2479,ORD_00144,WH_C,2026-02-15,2026-02-18,2026-02-18,10
2480,ORD_02957,WH_E,2026-03-29,2026-03-30,2026-03-30,70
2481,ORD_00851,WH_A,2026-01-06,2026-01-08,2026-01-07,1
2482,ORD_00718,WH_E,2026-01-07,2026-01-10,2026-01-10,26
2483,ORD_02857,WH_C,2026-03-05,2026-03-06,2026-03-06,10
2484,ORD_00265,WH_E,2026-03-09,2026-03-10,2026-03-09,84
2485,ORD_00076,WH_E,2026-03-12,2026-03-15,2026-03-16,100
2486,ORD_00396,WH_E,2026-03-21,2026-03-26,2026-03-28,80
2487,ORD_02985,WH_D,2026-02-16,2026-02-18,2026-02-17,31
2488,ORD_02225,WH_A,2026-03-01,2026-03-02,2026-03-01,7
2489,ORD_02814,WH_B,2026-03-14,2026-03-15,2026-03-15,12
2490,ORD_00397,WH_E,2026-02-10,2026-02-12,2026-02-13,95
2491,ORD_01366,WH_B,2026-03-31,2026-04-03,2026-04-03,11
2492,ORD_02514,WH_D,2026-03-27,2026-03-31,2026-03-31,17
2493,ORD_01904,WH_A,2026-01-11,2026-01-14,2026-01-14,5
2494,ORD_00596,WH_D,2026-03-19,2026-03-21,2026-03-22,15
2495,ORD_02110,WH_E,2026-01-07,2026-01-08,2026-01-11,78
2496,ORD_01297,WH_B,2026-01-05,2026-01-08,2026-01-07,8
2497,ORD_01822,WH_B,2026-02-19,2026-02-22,2026-02-22,5
2498,ORD_00873,WH_D,2026-02-07,2026-02-12,2026-02-13,35
2499,ORD_02926,WH_E,2026-01-21,2026-01-25,2026-01-25,89
2500,ORD_02327,WH_E,2026-03-04,2026-03-07,2026-03-09,50
2501,ORD_01549,WH_A,2026-02-09,2026-02-10,2026-02-10,8
2502,ORD_00037,WH_C,2026-02-02,2026-02-05,2026-02-04,6
2503,ORD_02540,WH_E,2026-02-25,2026-02-28,2026-03-03,66
2504,ORD_02144,WH_C,2026-01-19,2026-01-24,2026-01-26,10
2505,ORD_02570,WH_E,2026-02-22,2026-02-24,2026-02-28,77
2506,ORD_00978,WH_A,2026-02-09,2026-02-13,2026-02-12,8
2507,ORD_01572,WH_B,2026-01-12,2026-01-16,2026-01-15,12
2508,ORD_01123,WH_E,2026-02-28,2026-03-01,2026-03-02,77
2509,ORD_02240,WH_C,2026-02-24,2026-02-28,2026-02-28,13
2510,ORD_02505,WH_C,2026-01-27,2026-01-30,2026-01-30,20
2511,ORD_01893,WH_E,2026-02-23,2026-02-26,2026-02-26,38
2512,ORD_00676,WH_E,2026-01-14,2026-01-17,2026-01-16,31
2513,ORD_00729,WH_C,2026-02-04,2026-02-08,2026-02-11,12
2514,ORD_00413,WH_E,2026-02-26,2026-03-02,2026-03-04,42
2515,ORD_01517,WH_D,2026-03-07,2026-03-09,2026-03-10,15
2516,ORD_01650,WH_E,2026-03-07,2026-03-10,2026-03-12,59
2517,ORD_00826,WH_E,2026-01-20,2026-01-23,2026-01-23,35
2518,ORD_00617,WH_A,2026-03-02,2026-03-06,2026-03-05,7
2519,ORD_00115,WH_D,2026-03-09,2026-03-11,2026-03-11,41
2520,ORD_00418,WH_C,2026-01-08,2026-01-09,2026-01-09,9
2521,ORD_01626,WH_E,2026-02-13,2026-02-16,2026-02-16,44
2522,ORD_02954,WH_D,2026-03-26,2026-03-29,2026-03-31,28
2523,ORD_00090,WH_D,2026-02-08,2026-02-10,2026-02-10,47
2524,ORD_02083,WH_D,2026-03-26,2026-03-30,2026-03-30,34
2525,ORD_00754,WH_C,2026-01-10,2026-01-14,2026-01-16,5
2526,ORD_01631,WH_E,2026-03-20,2026-03-22,2026-03-23,37
2527,ORD_00012,WH_E,2026-03-13,2026-03-14,2026-03-19,64
2528,ORD_02445,WH_D,2026-01-04,2026-01-07,2026-01-07,45
2529,ORD_00285,WH_D,2026-02-27,2026-03-04,2026-03-04,18
2530,ORD_01067,WH_C,2026-03-28,2026-03-29,2026-03-29,20
2531,ORD_01192,WH_D,2026-01-23,2026-01-27,2026-01-28,37
2532,ORD_01441,WH_E,2026-03-20,2026-03-24,2026-03-24,26
2533,ORD_02816,WH_E,2026-03-20,2026-03-22,2026-03-22,26
2534,ORD_02882,WH_E,2026-02-03,2026-02-06,2026-02-05,36
2535,ORD_02725,WH_C,2026-01-20,2026-01-23,2026-01-23,11
2536,ORD_01569,WH_D,2026-03-07,2026-03-11,2026-03-11,43
2537,ORD_02428,WH_E,2026-02-11,2026-02-13,2026-02-13,90
2538,ORD_02591,WH_E,2026-02-23,2026-02-27,2026-02-27,67
2539,ORD_01688,WH_D,2026-03-17,2026-03-22,2026-03-23,39
2540,ORD_00852,WH_E,2026-03-24,2026-03-28,2026-03-27,35
2541,ORD_02208,WH_E,2026-01-08,2026-01-11,2026-01-10,38
2542,ORD_00896,WH_C,2026-01-22,2026-01-23,2026-01-22,24
2543,ORD_00497,WH_D,2026-02-26,2026-02-28,2026-02-28,46
2544,ORD_02306,WH_C,2026-01-03,2026-01-06,2026-01-05,6
2545,ORD_01783,WH_D,2026-01-17,2026-01-20,2026-01-22,23
2546,ORD_00336,WH_A,2026-02-16,2026-02-17,2026-02-17,3
2547,ORD_00516,WH_A,2026-03-03,2026-03-06,2026-03-06,6
2548,ORD_01349,WH_E,2026-02-23,2026-02-25,2026-02-25,86
2549,ORD_01016,WH_E,2026-03-22,2026-03-26,2026-03-28,90
2550,ORD_02823,WH_D,2026-01-20,2026-01-22,2026-01-22,44
2551,ORD_02818,WH_A,2026-01-23,2026-01-25,2026-01-28,7
2552,ORD_01782,WH_E,2026-01-30,2026-02-02,2026-02-02,76
2553,ORD_01786,WH_E,2026-01-30,2026-02-02,2026-02-04,60
2554,ORD_02071,WH_E,2026-03-28,2026-03-30,2026-03-29,24
2555,ORD_00357,WH_A,2026-02-17,2026-02-20,2026-02-20,7
2556,ORD_02867,WH_D,2026-01-17,2026-01-20,2026-01-22,14
2557,ORD_01313,WH_D,2026-01-14,2026-01-16,2026-01-16,45
2558,ORD_01636,WH_C,2026-02-23,2026-02-27,2026-02-27,13
2559,ORD_00551,WH_D,2026-03-20,2026-03-23,2026-03-23,37
2560,ORD_02389,WH_E,2026-01-31,2026-02-04,2026-02-04,64
2561,ORD_02480,WH_E,2026-03-08,2026-03-11,2026-03-12,57
2562,ORD_02522,WH_B,2026-03-16,2026-03-17,2026-03-17,7
2563,ORD_02266,WH_D,2026-02-24,2026-02-26,2026-02-26,11
2564,ORD_01228,WH_C,2026-02-19,2026-02-22,2026-02-22,14
2565,ORD_02695,WH_E,2026-03-03,2026-03-05,2026-03-05,80
2566,ORD_00958,WH_A,2026-01-09,2026-01-12,2026-01-12,1
2567,ORD_01774,WH_E,2026-01-25,2026-01-28,2026-01-31,40
2568,ORD_02142,WH_D,2026-01-03,2026-01-06,2026-01-06,33
2569,ORD_01009,WH_C,2026-02-12,2026-02-13,2026-02-13,17
2570,ORD_01093,WH_D,2026-01-25,2026-01-29,2026-01-28,23
2571,ORD_02689,WH_D,2026-03-29,2026-04-01,2026-04-01,45
2572,ORD_00997,WH_E,2026-01-17,2026-01-20,2026-01-21,41
2573,ORD_01680,WH_E,2026-01-08,2026-01-11,2026-01-11,53
2574,ORD_00154,WH_D,2026-02-19,2026-02-20,2026-02-21,26
2575,ORD_02864,WH_D,2026-01-15,2026-01-16,2026-01-16,27
2576,ORD_00581,WH_D,2026-01-15,2026-01-17,2026-01-17,43
2577,ORD_01471,WH_D,2026-03-24,2026-03-27,2026-03-28,22
2578,ORD_00704,WH_B,2026-02-12,2026-02-13,2026-02-13,12
2579,ORD_01213,WH_B,2026-01-19,2026-01-22,2026-01-22,2
2580,ORD_00897,WH_C,2026-01-04,2026-01-07,2026-01-06,8
2581,ORD_00488,WH_C,2026-03-17,2026-03-21,2026-03-20,7
2582,ORD_00560,WH_D,2026-02-28,2026-03-03,2026-03-02,20
2583,ORD_01142,WH_C,2026-02-25,2026-03-01,2026-03-01,13
2584,ORD_01120,WH_B,2026-02-28,2026-03-03,2026-03-03,2
2585,ORD_00513,WH_E,2026-01-23,2026-01-26,2026-01-25,65
2586,ORD_00634,WH_D,2026-01-12,2026-01-15,2026-01-15,23
2587,ORD_02598,WH_D,2026-01-23,2026-01-24,2026-01-24,15
2588,ORD_01665,WH_E,2026-02-23,2026-02-26,2026-02-27,32
2589,ORD_01013,WH_E,2026-02-21,2026-02-23,2026-02-23,99
2590,ORD_01932,WH_D,2026-02-11,2026-02-14,2026-02-16,26
2591,ORD_01151,WH_E,2026-02-09,2026-02-13,2026-02-13,36
2592,ORD_02820,WH_C,2026-02-17,2026-02-18,2026-02-18,24
2593,ORD_00117,WH_E,2026-03-24,2026-03-28,2026-03-28,68
2594,ORD_00741,WH_D,2026-01-17,2026-01-21,2026-01-21,15
2595,ORD_02801,WH_E,2026-01-12,2026-01-16,2026-01-16,83
2596,ORD_01975,WH_C,2026-01-24,2026-01-26,2026-01-27,17
2597,ORD_01082,WH_B,2026-03-30,2026-04-01,2026-03-31,2
2598,ORD_01811,WH_E,2026-02-22,2026-02-26,2026-02-26,84
2599,ORD_00831,WH_C,2026-03-21,2026-03-22,2026-03-22,14
2600,ORD_00120,WH_D,2026-01-10,2026-01-11,2026-01-11,45
2601,ORD_00657,WH_C,2026-02-10,2026-02-13,2026-02-13,25
2602,ORD_02747,WH_D,2026-01-17,2026-01-20,2026-01-20,28
2603,ORD_02707,WH_B,2026-01-18,2026-01-21,2026-01-21,5
2604,ORD_02947,WH_D,2026-02-07,2026-02-10,2026-02-10,32
2605,ORD_00636,WH_D,2026-01-04,2026-01-06,2026-01-05,48
2606,ORD_00370,WH_A,2026-03-10,2026-03-13,2026-03-13,8
2607,ORD_00269,WH_C,2026-02-25,2026-02-27,2026-02-27,22
2608,ORD_00047,WH_C,2026-02-23,2026-02-26,2026-02-25,9
2609,ORD_00992,WH_E,2026-01-21,2026-01-25,2026-01-24,66
2610,ORD_00877,WH_E,2026-02-26,2026-03-02,2026-03-07,76
2611,ORD_00774,WH_C,2026-02-18,2026-02-22,2026-02-24,8
2612,ORD_01220,WH_C,2026-02-04,2026-02-08,2026-02-11,5
2613,ORD_01127,WH_B,2026-02-20,2026-02-22,2026-02-22,10
2614,ORD_00005,WH_B,2026-02-25,2026-02-28,2026-02-28,5
2615,ORD_01596,WH_D,2026-02-02,2026-02-06,2026-02-06,25
2616,ORD_02312,WH_E,2026-03-31,2026-04-03,2026-04-03,73
2617,ORD_02492,WH_C,2026-01-21,2026-01-23,2026-01-23,12
2618,ORD_01078,WH_E,2026-03-07,2026-03-10,2026-03-10,48
2619,ORD_00838,WH_C,2026-03-01,2026-03-03,2026-03-04,25
2620,ORD_00682,WH_C,2026-02-12,2026-02-15,2026-02-18,17
2621,ORD_01716,WH_E,2026-01-09,2026-01-11,2026-01-16,48
2622,ORD_02353,WH_D,2026-02-16,2026-02-19,2026-02-18,48
2623,ORD_02618,WH_C,2026-02-07,2026-02-10,2026-02-10,10
2624,ORD_02362,WH_D,2026-03-23,2026-03-25,2026-03-25,19
2625,ORD_02198,WH_E,2026-01-05,2026-01-09,2026-01-08,39
2626,ORD_01149,WH_E,2026-02-24,2026-02-27,2026-03-04,40
2627,ORD_00575,WH_E,2026-03-02,2026-03-03,2026-03-03,82
2628,ORD_00051,WH_E,2026-03-23,2026-03-26,2026-03-25,57
2629,ORD_00854,WH_E,2026-03-01,2026-03-04,2026-03-06,29
2630,ORD_01983,WH_D,2026-02-19,2026-02-23,2026-02-23,11
2631,ORD_01824,WH_E,2026-03-02,2026-03-04,2026-03-06,57
2632,ORD_00834,WH_B,2026-03-17,2026-03-20,2026-03-20,4
2633,ORD_01116,WH_D,2026-02-22,2026-02-23,2026-02-23,25
2634,ORD_01167,WH_E,2026-01-17,2026-01-21,2026-01-25,95
2635,ORD_02519,WH_E,2026-03-03,2026-03-06,2026-03-05,25
2636,ORD_01907,WH_E,2026-03-09,2026-03-10,2026-03-10,89
2637,ORD_00972,WH_E,2026-01-11,2026-01-14,2026-01-16,39
2638,ORD_00400,WH_E,2026-03-19,2026-03-22,2026-03-24,81
2639,ORD_02560,WH_D,2026-03-21,2026-03-24,2026-03-24,40
2640,ORD_02369,WH_C,2026-01-15,2026-01-18,2026-01-18,8
2641,ORD_00020,WH_C,2026-01-06,2026-01-08,2026-01-08,9
2642,ORD_00685,WH_E,2026-02-09,2026-02-10,2026-02-10,21
2643,ORD_00036,WH_E,2026-03-09,2026-03-11,2026-03-13,91
2644,ORD_02844,WH_E,2026-03-12,2026-03-15,2026-03-14,96
2645,ORD_00525,WH_E,2026-01-21,2026-01-23,2026-01-26,35
2646,ORD_02456,WH_B,2026-03-11,2026-03-14,2026-03-17,12
2647,ORD_00921,WH_E,2026-01-13,2026-01-16,2026-01-16,42
2648,ORD_01842,WH_D,2026-01-04,2026-01-06,2026-01-07,17
2649,ORD_01891,WH_B,2026-02-21,2026-02-23,2026-02-23,3
2650,ORD_00538,WH_C,2026-03-25,2026-03-28,2026-03-30,12
2651,ORD_01706,WH_B,2026-03-24,2026-03-27,2026-04-01,7
2652,ORD_02960,WH_E,2026-01-18,2026-01-20,2026-01-20,55
2653,ORD_00246,WH_E,2026-01-03,2026-01-07,2026-01-08,87
2654,ORD_00785,WH_B,2026-03-28,2026-03-29,2026-03-29,6
2655,ORD_01410,WH_E,2026-02-06,2026-02-09,2026-02-09,36
2656,ORD_02538,WH_B,2026-01-22,2026-01-24,2026-01-24,4
2657,ORD_00155,WH_E,2026-02-04,2026-02-08,2026-02-08,80
2658,ORD_01687,WH_E,2026-03-10,2026-03-12,2026-03-15,67
2659,ORD_00626,WH_C,2026-02-24,2026-02-26,2026-02-26,12
2660,ORD_02891,WH_C,2026-01-04,2026-01-08,2026-01-08,24
2661,ORD_01347,WH_C,2026-02-11,2026-02-12,2026-02-12,6
2662,ORD_00570,WH_C,2026-02-17,2026-02-21,2026-02-21,15
2663,ORD_02948,WH_D,2026-01-24,2026-01-26,2026-01-26,48
2664,ORD_01759,WH_B,2026-03-30,2026-04-01,2026-04-01,8
2665,ORD_01817,WH_C,2026-02-12,2026-02-15,2026-02-15,22
2666,ORD_02066,WH_E,2026-01-26,2026-01-28,2026-01-29,62
2667,ORD_00128,WH_E,2026-01-22,2026-01-24,2026-01-26,64
2668,ORD_02993,WH_D,2026-01-30,2026-02-03,2026-02-03,24
2669,ORD_02007,WH_D,2026-03-04,2026-03-06,2026-03-06,34
2670,ORD_00981,WH_C,2026-01-06,2026-01-08,2026-01-08,21
2671,ORD_02990,WH_E,2026-01-18,2026-01-20,2026-01-20,99
2672,ORD_00191,WH_B,2026-03-23,2026-03-25,2026-03-25,7
2673,ORD_01140,WH_D,2026-02-27,2026-02-28,2026-02-27,28
2674,ORD_00993,WH_C,2026-03-07,2026-03-10,2026-03-09,20
2675,ORD_00700,WH_D,2026-01-26,2026-01-29,2026-01-29,21
2676,ORD_00607,WH_C,2026-01-10,2026-01-13,2026-01-13,10
2677,ORD_00181,WH_C,2026-02-09,2026-02-14,2026-02-14,14
2678,ORD_00302,WH_D,2026-03-21,2026-03-23,2026-03-23,39
2679,ORD_02545,WH_B,2026-01-01,2026-01-05,2026-01-05,2
2680,ORD_02790,WH_E,2026-03-25,2026-03-28,2026-03-30,95
2681,ORD_01061,WH_E,2026-03-17,2026-03-19,2026-03-18,20
2682,ORD_02834,WH_C,2026-02-03,2026-02-05,2026-02-07,8
2683,ORD_02893,WH_E,2026-01-13,2026-01-15,2026-01-15,36
2684,ORD_02566,WH_C,2026-02-28,2026-03-03,2026-03-03,14
2685,ORD_01070,WH_C,2026-01-12,2026-01-14,2026-01-14,10
2686,ORD_02525,WH_E,2026-02-10,2026-02-14,2026-02-18,42
2687,ORD_02206,WH_E,2026-03-15,2026-03-18,2026-03-19,27
2688,ORD_01244,WH_E,2026-01-04,2026-01-06,2026-01-08,21
2689,ORD_00017,WH_C,2026-01-27,2026-01-29,2026-01-29,5
2690,ORD_02996,WH_E,2026-01-10,2026-01-15,2026-01-15,100
2691,ORD_00547,WH_B,2026-01-22,2026-01-24,2026-01-23,3
2692,ORD_00659,WH_D,2026-03-30,2026-04-03,2026-04-03,38
2693,ORD_02719,WH_E,2026-03-14,2026-03-17,2026-03-16,43
2694,ORD_02750,WH_D,2026-02-18,2026-02-22,2026-02-22,27
2695,ORD_01505,WH_C,2026-01-19,2026-01-22,2026-01-25,24
2696,ORD_00960,WH_E,2026-01-15,2026-01-20,2026-01-20,73
2697,ORD_02332,WH_A,2026-01-03,2026-01-07,2026-01-10,7
2698,ORD_00798,WH_D,2026-03-01,2026-03-03,2026-03-06,47
2699,ORD_00226,WH_C,2026-02-05,2026-02-09,2026-02-09,17
2700,ORD_02075,WH_E,2026-01-28,2026-01-31,2026-02-04,75
2701,ORD_01800,WH_A,2026-03-22,2026-03-25,2026-03-25,6
2702,ORD_02486,WH_E,2026-03-27,2026-03-31,2026-03-30,96
2703,ORD_02978,WH_A,2026-01-31,2026-02-03,2026-02-03,1
2704,ORD_02278,WH_D,2026-03-23,2026-03-27,2026-03-27,38
2705,ORD_02086,WH_D,2026-01-25,2026-01-29,2026-01-28,40
2706,ORD_01694,WH_B,2026-01-19,2026-01-22,2026-01-22,4
2707,ORD_01046,WH_D,2026-03-14,2026-03-17,2026-03-17,42
2708,ORD_00470,WH_E,2026-01-29,2026-02-02,2026-02-02,28
2709,ORD_00955,WH_D,2026-02-13,2026-02-18,2026-02-19,37
2710,ORD_02992,WH_E,2026-03-13,2026-03-17,2026-03-17,84
2711,ORD_00640,WH_C,2026-01-25,2026-01-27,2026-01-31,23
2712,ORD_02793,WH_D,2026-02-21,2026-02-25,2026-02-25,46
2713,ORD_01219,WH_E,2026-01-20,2026-01-23,2026-01-23,50
2714,ORD_01159,WH_E,2026-03-22,2026-03-24,2026-03-27,57
2715,ORD_01416,WH_E,2026-03-11,2026-03-16,2026-03-16,81
2716,ORD_02728,WH_C,2026-03-18,2026-03-23,2026-03-22,5
2717,ORD_01528,WH_C,2026-01-10,2026-01-13,2026-01-16,15
2718,ORD_02936,WH_B,2026-02-07,2026-02-11,2026-02-10,12
2719,ORD_01301,WH_A,2026-02-04,2026-02-08,2026-02-07,2
2720,ORD_02881,WH_C,2026-02-07,2026-02-09,2026-02-11,22
2721,ORD_01604,WH_C,2026-01-16,2026-01-18,2026-01-18,24
2722,ORD_00161,WH_C,2026-03-14,2026-03-17,2026-03-17,11
2723,ORD_01705,WH_D,2026-02-12,2026-02-16,2026-02-16,20
2724,ORD_00957,WH_D,2026-03-21,2026-03-24,2026-03-27,37
2725,ORD_02930,WH_C,2026-03-29,2026-04-01,2026-03-31,16
2726,ORD_00878,WH_E,2026-01-06,2026-01-07,2026-01-10,73
2727,ORD_01920,WH_D,2026-02-08,2026-02-09,2026-02-08,25
2728,ORD_01885,WH_B,2026-03-17,2026-03-19,2026-03-23,9
2729,ORD_02201,WH_E,2026-01-18,2026-01-20,2026-01-19,68
2730,ORD_00099,WH_A,2026-01-30,2026-02-02,2026-02-01,1
2731,ORD_02842,WH_E,2026-02-21,2026-02-23,2026-02-23,100
2732,ORD_02558,WH_C,2026-02-09,2026-02-13,2026-02-13,18
2733,ORD_00254,WH_C,2026-03-15,2026-03-17,2026-03-16,21
2734,ORD_00104,WH_D,2026-01-06,2026-01-08,2026-01-09,49
2735,ORD_01446,WH_B,2026-01-04,2026-01-05,2026-01-05,8
2736,ORD_01444,WH_D,2026-01-09,2026-01-11,2026-01-10,11
2737,ORD_01649,WH_E,2026-01-22,2026-01-27,2026-01-27,74
2738,ORD_00587,WH_A,2026-01-21,2026-01-26,2026-01-25,5
2739,ORD_00628,WH_E,2026-03-10,2026-03-11,2026-03-11,32
2740,ORD_01697,WH_A,2026-01-13,2026-01-17,2026-01-17,3
2741,ORD_02102,WH_D,2026-02-14,2026-02-19,2026-02-20,17
2742,ORD_02200,WH_C,2026-03-20,2026-03-23,2026-03-22,19
2743,ORD_00404,WH_E,2026-03-07,2026-03-09,2026-03-11,94
2744,ORD_01155,WH_D,2026-02-23,2026-02-26,2026-02-26,43
2745,ORD_02256,WH_D,2026-03-01,2026-03-05,2026-03-05,41
2746,ORD_01683,WH_D,2026-02-02,2026-02-04,2026-02-03,14
2747,ORD_02057,WH_D,2026-02-24,2026-02-27,2026-02-27,28
2748,ORD_02859,WH_A,2026-03-10,2026-03-13,2026-03-13,4
2749,ORD_00453,WH_D,2026-01-31,2026-02-03,2026-02-04,12
2750,ORD_02302,WH_D,2026-01-24,2026-01-27,2026-01-27,27
2751,ORD_01328,WH_E,2026-03-19,2026-03-22,2026-03-24,51
2752,ORD_02050,WH_B,2026-02-12,2026-02-14,2026-02-14,5
2753,ORD_00881,WH_C,2026-01-10,2026-01-12,2026-01-11,9
2754,ORD_02933,WH_A,2026-01-09,2026-01-14,2026-01-14,4
2755,ORD_00624,WH_D,2026-01-24,2026-01-27,2026-01-27,37
2756,ORD_02394,WH_B,2026-01-08,2026-01-10,2026-01-09,2
2757,ORD_02787,WH_E,2026-02-02,2026-02-06,2026-02-05,92
2758,ORD_01788,WH_D,2026-03-20,2026-03-22,2026-03-22,38
2759,ORD_00263,WH_B,2026-03-10,2026-03-11,2026-03-10,4
2760,ORD_01635,WH_E,2026-03-24,2026-03-28,2026-03-30,31
2761,ORD_01439,WH_C,2026-02-07,2026-02-09,2026-02-09,17
2762,ORD_02199,WH_D,2026-01-20,2026-01-23,2026-01-23,44
2763,ORD_01970,WH_A,2026-03-12,2026-03-15,2026-03-15,1
2764,ORD_02521,WH_E,2026-01-22,2026-01-25,2026-01-25,36
2765,ORD_01803,WH_C,2026-03-15,2026-03-16,2026-03-16,19
2766,ORD_00641,WH_A,2026-01-14,2026-01-16,2026-01-16,8
2767,ORD_02386,WH_D,2026-03-19,2026-03-21,2026-03-20,35
2768,ORD_02599,WH_C,2026-01-23,2026-01-26,2026-01-26,22
2769,ORD_02845,WH_D,2026-02-17,2026-02-21,2026-02-21,26
2770,ORD_01960,WH_E,2026-02-14,2026-02-19,2026-02-21,53
2771,ORD_00489,WH_E,2026-02-11,2026-02-15,2026-02-15,79
2772,ORD_01844,WH_D,2026-01-17,2026-01-18,2026-01-18,18
2773,ORD_01735,WH_B,2026-01-06,2026-01-09,2026-01-09,8
2774,ORD_00147,WH_D,2026-01-06,2026-01-09,2026-01-09,28
2775,ORD_01535,WH_D,2026-02-06,2026-02-07,2026-02-06,42
2776,ORD_01987,WH_E,2026-03-01,2026-03-03,2026-03-03,21
2777,ORD_01370,WH_C,2026-03-20,2026-03-24,2026-03-24,7
2778,ORD_02451,WH_C,2026-02-01,2026-02-05,2026-02-05,7
2779,ORD_02951,WH_E,2026-03-13,2026-03-17,2026-03-17,58
2780,ORD_00660,WH_D,2026-02-23,2026-02-25,2026-02-25,33
2781,ORD_01795,WH_A,2026-03-05,2026-03-09,2026-03-13,8
2782,ORD_02512,WH_E,2026-03-12,2026-03-15,2026-03-14,42
2783,ORD_00187,WH_E,2026-02-27,2026-03-01,2026-03-02,26
2784,ORD_01148,WH_E,2026-01-01,2026-01-06,2026-01-06,62
2785,ORD_00609,WH_D,2026-01-25,2026-01-29,2026-01-29,40
2786,ORD_02192,WH_E,2026-01-04,2026-01-07,2026-01-09,93
2787,ORD_01931,WH_D,2026-03-10,2026-03-12,2026-03-12,38
2788,ORD_00198,WH_E,2026-02-28,2026-03-02,2026-03-06,96
2789,ORD_02328,WH_A,2026-03-13,2026-03-17,2026-03-17,3
2790,ORD_00294,WH_C,2026-01-22,2026-01-25,2026-01-28,8
2791,ORD_00767,WH_E,2026-03-05,2026-03-09,2026-03-08,93
2792,ORD_00401,WH_B,2026-01-29,2026-02-01,2026-02-03,2
2793,ORD_00123,WH_C,2026-02-28,2026-03-01,2026-03-01,7
2794,ORD_00203,WH_B,2026-03-15,2026-03-20,2026-03-20,10
2795,ORD_00836,WH_D,2026-02-07,2026-02-11,2026-02-11,43
2796,ORD_02295,WH_A,2026-03-28,2026-03-31,2026-03-31,5
2797,ORD_01440,WH_E,2026-03-11,2026-03-15,2026-03-16,38
2798,ORD_01734,WH_D,2026-03-05,2026-03-09,2026-03-14,19
2799,ORD_01696,WH_A,2026-02-12,2026-02-16,2026-02-15,2
2800,ORD_02943,WH_C,2026-03-03,2026-03-07,2026-03-07,11
2801,ORD_01708,WH_C,2026-03-13,2026-03-16,2026-03-16,16
2802,ORD_02928,WH_E,2026-02-08,2026-02-10,2026-02-14,77
2803,ORD_01154,WH_E,2026-03-04,2026-03-06,2026-03-06,47
2804,ORD_01662,WH_D,2026-03-29,2026-04-01,2026-04-03,10
2805,ORD_02433,WH_E,2026-03-05,2026-03-09,2026-03-08,47
2806,ORD_01760,WH_D,2026-02-23,2026-02-25,2026-02-25,21
2807,ORD_00855,WH_C,2026-03-31,2026-04-01,2026-04-05,14
2808,ORD_01590,WH_E,2026-01-22,2026-01-25,2026-01-25,55
2809,ORD_02268,WH_E,2026-02-18,2026-02-21,2026-02-20,76
2810,ORD_00642,WH_C,2026-03-16,2026-03-20,2026-03-19,18
2811,ORD_00002,WH_E,2026-03-13,2026-03-16,2026-03-16,62
2812,ORD_02161,WH_E,2026-02-23,2026-02-27,2026-03-01,62
2813,ORD_00699,WH_B,2026-02-23,2026-02-26,2026-02-26,7
2814,ORD_01637,WH_C,2026-03-03,2026-03-07,2026-03-07,22
2815,ORD_01292,WH_B,2026-03-04,2026-03-07,2026-03-07,8
2816,ORD_02871,WH_E,2026-01-21,2026-01-25,2026-01-24,34
2817,ORD_02490,WH_C,2026-02-21,2026-02-25,2026-02-24,7
2818,ORD_01521,WH_A,2026-03-01,2026-03-04,2026-03-05,6
2819,ORD_01854,WH_E,2026-01-22,2026-01-27,2026-01-28,82
2820,ORD_01137,WH_E,2026-03-02,2026-03-04,2026-03-04,69
2821,ORD_02913,WH_E,2026-01-08,2026-01-10,2026-01-11,30
2822,ORD_01632,WH_C,2026-02-12,2026-02-16,2026-02-15,21
2823,ORD_01999,WH_A,2026-03-03,2026-03-06,2026-03-06,8
2824,ORD_00664,WH_C,2026-03-06,2026-03-08,2026-03-07,13
2825,ORD_00684,WH_E,2026-01-12,2026-01-14,2026-01-17,80
2826,ORD_01258,WH_D,2026-03-07,2026-03-10,2026-03-13,29
2827,ORD_00318,WH_B,2026-03-07,2026-03-11,2026-03-11,9
2828,ORD_00649,WH_E,2026-02-23,2026-02-25,2026-02-26,93
2829,ORD_01435,WH_B,2026-02-21,2026-02-24,2026-02-24,6
2830,ORD_01480,WH_D,2026-03-29,2026-03-31,2026-04-03,23
2831,ORD_00710,WH_E,2026-03-31,2026-04-02,2026-04-02,77
2832,ORD_01283,WH_D,2026-03-15,2026-03-19,2026-03-20,33
2833,ORD_01769,WH_C,2026-02-14,2026-02-17,2026-02-19,21
2834,ORD_00973,WH_E,2026-02-12,2026-02-14,2026-02-16,49
2835,ORD_02676,WH_C,2026-03-28,2026-03-30,2026-03-30,19
2836,ORD_02681,WH_C,2026-03-16,2026-03-19,2026-03-18,25
2837,ORD_01307,WH_E,2026-03-18,2026-03-22,2026-03-23,44
2838,ORD_01401,WH_B,2026-03-08,2026-03-13,2026-03-13,7
2839,ORD_01409,WH_D,2026-03-05,2026-03-07,2026-03-07,10
2840,ORD_02238,WH_B,2026-02-19,2026-02-22,2026-02-22,9
2841,ORD_01497,WH_D,2026-03-16,2026-03-18,2026-03-20,31
2842,ORD_02039,WH_C,2026-03-16,2026-03-19,2026-03-21,9
2843,ORD_01530,WH_D,2026-02-11,2026-02-14,2026-02-17,25
2844,ORD_01664,WH_D,2026-01-29,2026-01-30,2026-01-30,47
2845,ORD_01355,WH_D,2026-01-16,2026-01-19,2026-01-19,38
2846,ORD_02939,WH_E,2026-02-13,2026-02-16,2026-02-18,70
2847,ORD_02959,WH_C,2026-02-28,2026-03-04,2026-03-04,23
2848,ORD_01644,WH_D,2026-01-05,2026-01-08,2026-01-11,11
2849,ORD_01052,WH_D,2026-03-08,2026-03-13,2026-03-13,11
2850,ORD_00796,WH_E,2026-01-24,2026-01-29,2026-01-29,33
2851,ORD_02694,WH_D,2026-01-02,2026-01-05,2026-01-06,29
2852,ORD_01598,WH_A,2026-02-05,2026-02-07,2026-02-09,4
2853,ORD_02605,WH_A,2026-01-27,2026-01-30,2026-01-30,5
2854,ORD_02730,WH_D,2026-01-27,2026-01-30,2026-01-31,44
2855,ORD_02626,WH_E,2026-03-28,2026-04-01,2026-04-02,69
2856,ORD_01820,WH_C,2026-01-01,2026-01-05,2026-01-06,20
2857,ORD_01723,WH_C,2026-03-20,2026-03-23,2026-03-22,14
2858,ORD_01184,WH_E,2026-01-31,2026-02-04,2026-02-04,54
2859,ORD_02573,WH_C,2026-02-03,2026-02-06,2026-02-05,13
2860,ORD_01060,WH_D,2026-02-04,2026-02-07,2026-02-07,45
2861,ORD_00541,WH_E,2026-02-02,2026-02-06,2026-02-07,30
2862,ORD_01679,WH_B,2026-03-11,2026-03-15,2026-03-15,2
2863,ORD_02797,WH_A,2026-01-02,2026-01-04,2026-01-04,8
2864,ORD_02903,WH_A,2026-03-15,2026-03-19,2026-03-19,2
2865,ORD_02533,WH_C,2026-01-14,2026-01-15,2026-01-15,25
2866,ORD_01758,WH_D,2026-01-13,2026-01-15,2026-01-15,39
2867,ORD_01924,WH_C,2026-01-09,2026-01-12,2026-01-12,5
2868,ORD_00096,WH_D,2026-01-19,2026-01-22,2026-01-23,34
2869,ORD_01021,WH_E,2026-01-28,2026-01-31,2026-01-31,40
2870,ORD_00564,WH_A,2026-01-18,2026-01-19,2026-01-19,5
2871,ORD_02791,WH_E,2026-03-04,2026-03-07,2026-03-08,89
2872,ORD_00864,WH_D,2026-02-28,2026-03-05,2026-03-05,18
2873,ORD_01485,WH_C,2026-02-08,2026-02-11,2026-02-11,8
2874,ORD_01882,WH_E,2026-02-08,2026-02-12,2026-02-12,55
2875,ORD_01039,WH_A,2026-01-31,2026-02-03,2026-02-03,8
2876,ORD_00207,WH_B,2026-03-22,2026-03-25,2026-03-25,11
2877,ORD_00393,WH_C,2026-02-25,2026-02-26,2026-02-26,24
2878,ORD_02843,WH_E,2026-02-20,2026-02-21,2026-02-20,43
2879,ORD_00871,WH_C,2026-03-21,2026-03-23,2026-03-23,10
2880,ORD_00398,WH_D,2026-02-20,2026-02-23,2026-02-23,26
2881,ORD_02815,WH_D,2026-03-28,2026-03-30,2026-03-30,20
2882,ORD_02897,WH_D,2026-03-23,2026-03-24,2026-03-23,39
2883,ORD_01029,WH_C,2026-03-13,2026-03-15,2026-03-18,16
2884,ORD_02691,WH_D,2026-01-17,2026-01-19,2026-01-19,45
2885,ORD_01486,WH_C,2026-01-31,2026-02-03,2026-02-03,14
2886,ORD_02661,WH_D,2026-02-01,2026-02-03,2026-02-05,46
2887,ORD_00961,WH_B,2026-01-12,2026-01-16,2026-01-21,2
2888,ORD_01571,WH_D,2026-01-15,2026-01-17,2026-01-17,38
2889,ORD_02774,WH_D,2026-03-13,2026-03-16,2026-03-16,35
2890,ORD_01896,WH_E,2026-01-07,2026-01-10,2026-01-11,67
2891,ORD_02732,WH_D,2026-01-19,2026-01-21,2026-01-21,26
2892,ORD_02147,WH_D,2026-03-29,2026-03-31,2026-03-31,17
2893,ORD_00805,WH_D,2026-02-22,2026-02-24,2026-02-24,35
2894,ORD_01752,WH_C,2026-02-20,2026-02-22,2026-02-22,8
2895,ORD_02455,WH_D,2026-03-01,2026-03-03,2026-03-03,41
2896,ORD_00503,WH_C,2026-02-13,2026-02-17,2026-02-17,22
2897,ORD_00780,WH_D,2026-01-04,2026-01-09,2026-01-09,28
2898,ORD_01864,WH_D,2026-02-27,2026-03-02,2026-03-03,32
2899,ORD_00201,WH_D,2026-02-15,2026-02-19,2026-02-19,16
2900,ORD_02183,WH_A,2026-03-29,2026-04-01,2026-04-01,7
2901,ORD_02089,WH_E,2026-01-23,2026-01-26,2026-01-27,29
2902,ORD_02279,WH_D,2026-03-21,2026-03-22,2026-03-22,26
2903,ORD_01797,WH_E,2026-03-30,2026-04-02,2026-04-06,59
2904,ORD_00379,WH_E,2026-03-03,2026-03-06,2026-03-06,68
2905,ORD_02337,WH_D,2026-03-12,2026-03-16,2026-03-16,22
2906,ORD_00419,WH_E,2026-01-22,2026-01-26,2026-01-26,41
2907,ORD_01699,WH_E,2026-03-01,2026-03-05,2026-03-04,23
2908,ORD_00392,WH_D,2026-03-14,2026-03-17,2026-03-17,22
2909,ORD_02641,WH_C,2026-03-02,2026-03-04,2026-03-04,23
2910,ORD_01523,WH_C,2026-01-30,2026-02-02,2026-02-02,9
2911,ORD_01163,WH_C,2026-01-08,2026-01-11,2026-01-11,25
2912,ORD_01496,WH_E,2026-03-22,2026-03-25,2026-03-25,97
2913,ORD_02696,WH_D,2026-03-29,2026-04-01,2026-04-01,26
2914,ORD_02028,WH_E,2026-01-20,2026-01-22,2026-01-24,69
2915,ORD_01153,WH_E,2026-03-06,2026-03-09,2026-03-09,83
2916,ORD_01368,WH_E,2026-01-27,2026-01-30,2026-01-30,53
2917,ORD_02569,WH_E,2026-02-13,2026-02-15,2026-02-14,65
2918,ORD_00065,WH_C,2026-01-28,2026-01-29,2026-01-29,13
2919,ORD_02063,WH_E,2026-02-21,2026-02-23,2026-02-23,84
2920,ORD_01181,WH_E,2026-02-23,2026-02-25,2026-03-01,65
2921,ORD_00493,WH_C,2026-02-23,2026-02-25,2026-02-25,17
2922,ORD_00380,WH_C,2026-01-17,2026-01-20,2026-01-24,13
2923,ORD_02236,WH_D,2026-03-30,2026-04-01,2026-04-04,24
2924,ORD_00764,WH_E,2026-02-25,2026-02-26,2026-02-26,20
2925,ORD_02265,WH_D,2026-02-04,2026-02-06,2026-02-06,17
2926,ORD_00792,WH_D,2026-03-10,2026-03-13,2026-03-13,41
2927,ORD_01077,WH_C,2026-03-30,2026-03-31,2026-04-04,11
2928,ORD_00879,WH_A,2026-03-19,2026-03-20,2026-03-20,3
2929,ORD_00338,WH_E,2026-01-15,2026-01-17,2026-01-19,84
2930,ORD_02768,WH_C,2026-02-18,2026-02-21,2026-02-25,14
2931,ORD_02344,WH_C,2026-02-19,2026-02-22,2026-02-24,14
2932,ORD_01017,WH_B,2026-03-01,2026-03-04,2026-03-04,4
2933,ORD_01276,WH_B,2026-01-23,2026-01-27,2026-01-27,7
2934,ORD_00456,WH_D,2026-02-17,2026-02-20,2026-02-19,49
2935,ORD_00816,WH_D,2026-01-15,2026-01-17,2026-01-20,41
2936,ORD_02318,WH_C,2026-03-13,2026-03-17,2026-03-16,17
2937,ORD_00996,WH_B,2026-01-28,2026-01-30,2026-01-30,9
2938,ORD_01982,WH_E,2026-03-30,2026-04-02,2026-04-02,63
2939,ORD_00202,WH_B,2026-01-03,2026-01-06,2026-01-09,11
2940,ORD_00162,WH_D,2026-01-27,2026-01-29,2026-02-01,28
2941,ORD_01580,WH_D,2026-03-29,2026-03-31,2026-03-31,32
2942,ORD_02778,WH_B,2026-01-20,2026-01-23,2026-01-23,9
2943,ORD_02450,WH_C,2026-02-28,2026-03-03,2026-03-02,14
2944,ORD_00703,WH_C,2026-02-09,2026-02-11,2026-02-11,22
2945,ORD_01501,WH_D,2026-03-12,2026-03-14,2026-03-15,41
2946,ORD_01130,WH_C,2026-03-17,2026-03-20,2026-03-20,25
2947,ORD_02614,WH_E,2026-01-02,2026-01-04,2026-01-06,74
2948,ORD_01022,WH_C,2026-01-01,2026-01-03,2026-01-03,11
2949,ORD_01586,WH_B,2026-03-11,2026-03-14,2026-03-13,5
2950,ORD_01956,WH_E,2026-01-04,2026-01-07,2026-01-07,56
2951,ORD_02254,WH_E,2026-03-27,2026-03-30,2026-04-03,46
2952,ORD_00035,WH_E,2026-02-08,2026-02-12,2026-02-11,36
2953,ORD_00776,WH_B,2026-01-13,2026-01-16,2026-01-16,9
2954,ORD_02557,WH_D,2026-02-23,2026-02-24,2026-02-24,11
2955,ORD_01479,WH_E,2026-03-01,2026-03-03,2026-03-03,72
2956,ORD_01391,WH_C,2026-03-17,2026-03-22,2026-03-22,20
2957,ORD_02140,WH_E,2026-03-07,2026-03-09,2026-03-10,37
2958,ORD_01364,WH_D,2026-01-04,2026-01-08,2026-01-08,20
2959,ORD_02946,WH_B,2026-02-20,2026-02-24,2026-02-23,4
2960,ORD_02613,WH_C,2026-03-02,2026-03-04,2026-03-04,24
2961,ORD_02825,WH_C,2026-02-15,2026-02-16,2026-02-16,18
2962,ORD_02042,WH_D,2026-02-22,2026-02-25,2026-02-25,23
2963,ORD_00242,WH_E,2026-03-09,2026-03-11,2026-03-12,62
2964,ORD_02062,WH_D,2026-01-28,2026-02-01,2026-02-01,14
2965,ORD_02364,WH_D,2026-03-19,2026-03-20,2026-03-22,23
2966,ORD_00601,WH_B,2026-03-20,2026-03-23,2026-03-22,2
2967,ORD_02436,WH_C,2026-02-03,2026-02-08,2026-02-08,17
2968,ORD_01298,WH_B,2026-02-01,2026-02-02,2026-02-02,11
2969,ORD_02215,WH_E,2026-02-05,2026-02-07,2026-02-08,70
2970,ORD_02889,WH_E,2026-01-01,2026-01-03,2026-01-03,70
2971,ORD_02069,WH_B,2026-02-07,2026-02-10,2026-02-10,12
2972,ORD_00647,WH_D,2026-01-27,2026-01-30,2026-01-30,13
2973,ORD_01529,WH_E,2026-03-01,2026-03-03,2026-03-04,71
2974,ORD_02880,WH_B,2026-01-12,2026-01-15,2026-01-15,6
2975,ORD_01268,WH_D,2026-03-01,2026-03-04,2026-03-04,13
2976,ORD_01900,WH_E,2026-02-06,2026-02-09,2026-02-09,94
2977,ORD_00563,WH_B,2026-03-18,2026-03-20,2026-03-20,6
2978,ORD_02735,WH_E,2026-01-26,2026-01-29,2026-01-28,77
2979,ORD_00190,WH_C,2026-01-16,2026-01-19,2026-01-19,16
2980,ORD_01807,WH_E,2026-02-19,2026-02-23,2026-02-23,61
2981,ORD_00976,WH_C,2026-03-26,2026-03-29,2026-03-29,7
2982,ORD_02748,WH_B,2026-02-02,2026-02-05,2026-02-05,7
2983,ORD_02048,WH_E,2026-03-06,2026-03-08,2026-03-08,42
2984,ORD_02559,WH_A,2026-01-26,2026-01-30,2026-01-29,5
2985,ORD_01083,WH_D,2026-03-25,2026-03-27,2026-03-27,29
2986,ORD_00475,WH_D,2026-01-29,2026-02-01,2026-02-01,43
2987,ORD_02905,WH_D,2026-01-08,2026-01-11,2026-01-11,34
2988,ORD_00748,WH_D,2026-03-12,2026-03-15,2026-03-15,40
2989,ORD_02301,WH_E,2026-02-15,2026-02-16,2026-02-21,82
2990,ORD_00022,WH_B,2026-02-26,2026-02-28,2026-02-28,8
2991,ORD_00460,WH_B,2026-03-14,2026-03-17,2026-03-17,2
2992,ORD_01185,WH_B,2026-02-04,2026-02-09,2026-02-09,11
2993,ORD_02325,WH_E,2026-01-01,2026-01-05,2026-01-07,56
2994,ORD_00956,WH_C,2026-03-16,2026-03-21,2026-03-20,8
2995,ORD_01216,WH_C,2026-03-22,2026-03-25,2026-03-24,13
2996,ORD_02434,WH_C,2026-03-27,2026-03-30,2026-03-30,7
2997,ORD_02854,WH_E,2026-03-10,2026-03-15,2026-03-20,57
2998,ORD_01516,WH_A,2026-02-23,2026-02-28,2026-02-27,2
2999,ORD_02392,WH_B,2026-02-07,2026-02-10,2026-02-10,2
3000,ORD_00770,WH_E,2026-03-01,2026-03-02,2026-03-01,90
3001,ORD_01686,WH_E,2026-02-04,2026-02-06,2026-02-07,48
3002,ORD_00131,WH_D,2026-01-28,2026-02-01,2026-01-31,40
3003,ORD_02920,WH_C,2026-02-05,2026-02-09,2026-02-09,9
3004,ORD_02136,WH_E,2026-01-06,2026-01-10,2026-01-10,53
3005,ORD_01483,WH_D,2026-01-16,2026-01-19,2026-01-19,19
3006,ORD_00331,WH_C,2026-03-14,2026-03-17,2026-03-16,19
3007,ORD_01239,WH_E,2026-02-09,2026-02-12,2026-02-11,27
3008,ORD_00467,WH_C,2026-03-24,2026-03-27,2026-03-26,16
3009,ORD_02170,WH_C,2026-02-03,2026-02-08,2026-02-12,19
3010,ORD_01639,WH_E,2026-02-01,2026-02-05,2026-02-06,44
3011,ORD_01096,WH_B,2026-01-05,2026-01-09,2026-01-09,11
3012,ORD_01131,WH_E,2026-02-08,2026-02-11,2026-02-10,25
3013,ORD_01295,WH_E,2026-02-10,2026-02-15,2026-02-15,72
3014,ORD_00861,WH_E,2026-01-25,2026-01-29,2026-01-29,83
